GEOID,city,median_year_built
06037101110,Los Angeles,1957
06037101122,Los Angeles,1965
06037101220,Los Angeles,1956
06037101221,Los Angeles,1981
06037101222,Los Angeles,1982
06037101300,Los Angeles,1958
06037101400,Los Angeles,1959
06037102103,Los Angeles,1960
06037102104,Los Angeles,1972
06037102105,Los Angeles,1950
06037102107,Los Angeles,1963
06037103101,Los Angeles,1957
06037103102,Los Angeles,1958
06037103201,Los Angeles,1962
06037103202,Los Angeles,1963
06037103300,Los Angeles,1962
06037103401,Los Angeles,1963
06037103402,Los Angeles,1956
06037104103,Los Angeles,1965
06037104105,Los Angeles,1982
06037104108,Los Angeles,1979
06037104124,Los Angeles,1980
06037104201,Los Angeles,1956
06037104203,Los Angeles,1968
06037104204,Los Angeles,1983
06037104310,Los Angeles,1955
06037104321,Los Angeles,1957
06037104322,Los Angeles,1955
06037104401,Los Angeles,1955
06037104403,Los Angeles,1960
06037104404,Los Angeles,1951
06037104500,Los Angeles,1947
06037104610,Los Angeles,1959
06037104620,Los Angeles,1953
06037104701,Los Angeles,1955
06037104703,Los Angeles,1975
06037104704,Los Angeles,1986
06037104821,Los Angeles,1964
06037104822,Los Angeles,1977
06037104823,Los Angeles,1958
06037104824,Los Angeles,1957
06037106010,Los Angeles,1972
06037106020,Los Angeles,1963
06037106111,Los Angeles,1974
06037106112,Los Angeles,1966
06037106113,Los Angeles,1969
06037106114,Los Angeles,1982
06037106403,Los Angeles,1956
06037106405,Los Angeles,1985
06037106406,Los Angeles,1986
06037106407,Los Angeles,1989
06037106408,Los Angeles,1981
06037106510,Los Angeles,2000
06037106520,Los Angeles,1964
06037106603,Los Angeles,1970
06037106604,Los Angeles,1976
06037106641,Los Angeles,1966
06037106642,Los Angeles,1959
06037106643,Los Angeles,1983
06037106645,Los Angeles,1965
06037106646,Los Angeles,1958
06037106648,Los Angeles,1975
06037106649,Los Angeles,1987
06037107010,Los Angeles,1958
06037107020,Los Angeles,1977
06037108101,Los Angeles,1973
06037108102,Los Angeles,1976
06037108103,Los Angeles,1977
06037108104,Los Angeles,1967
06037108202,Los Angeles,2010
06037108203,Los Angeles,1988
06037108204,Los Angeles,1999
06037109100,Los Angeles,1971
06037109200,Los Angeles,1966
06037109300,Los Angeles,1956
06037109400,Los Angeles,1959
06037109500,Los Angeles,1961
06037109601,Los Angeles,1959
06037109603,Los Angeles,1960
06037109604,Los Angeles,1958
06037109700,Los Angeles,1958
06037109800,Los Angeles,1956
06037111100,Los Angeles,1958
06037111201,Los Angeles,1957
06037111202,Los Angeles,1955
06037111204,Los Angeles,1968
06037111205,Los Angeles,1978
06037111206,Los Angeles,1960
06037111302,Los Angeles,1972
06037111303,Los Angeles,1965
06037111304,Los Angeles,1976
06037111401,Los Angeles,1963
06037111402,Los Angeles,1975
06037113101,Los Angeles,1972
06037113102,Los Angeles,1970
06037113211,Los Angeles,1977
06037113212,Los Angeles,1971
06037113213,Los Angeles,1976
06037113231,Los Angeles,1966
06037113232,Los Angeles,1969
06037113234,Los Angeles,1978
06037113235,Los Angeles,1983
06037113237,Los Angeles,1977
06037113238,Los Angeles,1974
06037113239,Los Angeles,1973
06037113301,Los Angeles,2005
06037113303,Los Angeles,1959
06037113322,Los Angeles,1971
06037113323,Los Angeles,1979
06037113324,Los Angeles,1967
06037113423,Los Angeles,1959
06037113424,Los Angeles,1965
06037113425,Los Angeles,1979
06037113426,Los Angeles,1959
06037113427,Los Angeles,1979
06037113428,Los Angeles,1957
06037115101,Los Angeles,1964
06037115103,Los Angeles,2002
06037115104,Los Angeles,1988
06037115202,Los Angeles,1960
06037115203,Los Angeles,1974
06037115204,Los Angeles,1974
06037115301,Los Angeles,1969
06037115302,Los Angeles,1964
06037115401,Los Angeles,1973
06037115403,Los Angeles,1963
06037115404,Los Angeles,1961
06037117101,Los Angeles,1992
06037117102,Los Angeles,1965
06037117201,Los Angeles,1973
06037117202,Los Angeles,1959
06037117301,Los Angeles,1957
06037117302,Los Angeles,1960
06037117303,Los Angeles,1958
06037117404,Los Angeles,1960
06037117405,Los Angeles,1980
06037117407,Los Angeles,1968
06037117408,Los Angeles,1976
06037117510,Los Angeles,1985
06037117520,Los Angeles,1976
06037117530,Los Angeles,1979
06037119001,Los Angeles,1958
06037119003,Los Angeles,1955
06037119004,Los Angeles,1956
06037119201,Los Angeles,1956
06037119202,Los Angeles,1966
06037119310,Los Angeles,1985
06037119320,Los Angeles,1985
06037119340,Los Angeles,1972
06037119341,Los Angeles,1989
06037119342,Los Angeles,1980
06037119400,Los Angeles,1955
06037119700,Los Angeles,1956
06037119801,Los Angeles,1954
06037119802,Los Angeles,1955
06037119900,Los Angeles,1948
06037120010,Los Angeles,1954
06037120020,Los Angeles,1965
06037120030,Los Angeles,1966
06037120103,Los Angeles,1967
06037120104,Los Angeles,1973
06037120105,Los Angeles,1960
06037120106,Los Angeles,1970
06037120107,Los Angeles,1971
06037120108,Los Angeles,1975
06037120300,Los Angeles,1953
06037120400,Los Angeles,1963
06037121010,Los Angeles,1954
06037121020,Los Angeles,1962
06037121101,Los Angeles,1971
06037121102,Los Angeles,1961
06037121210,Los Angeles,1966
06037121221,Los Angeles,1957
06037121222,Los Angeles,1970
06037121600,Los Angeles,1956
06037121801,Los Angeles,1970
06037121802,Los Angeles,1959
06037121900,Los Angeles,1965
06037122000,Los Angeles,1964
06037122120,Los Angeles,1957
06037122121,Los Angeles,1966
06037122122,Los Angeles,1983
06037122200,Los Angeles,1956
06037122410,Los Angeles,1973
06037122420,Los Angeles,1961
06037123010,Los Angeles,1960
06037123020,Los Angeles,1957
06037123103,Los Angeles,1972
06037123104,Los Angeles,1957
06037123203,Los Angeles,1973
06037123204,Los Angeles,1967
06037123205,Los Angeles,1965
06037123206,Los Angeles,1960
06037123301,Los Angeles,1975
06037123303,Los Angeles,1958
06037123304,Los Angeles,1963
06037123410,Los Angeles,1959
06037123420,Los Angeles,1961
06037123510,Los Angeles,1972
06037123520,Los Angeles,1960
06037123601,Los Angeles,1965
06037123602,Los Angeles,1959
06037123700,Los Angeles,1956
06037123800,Los Angeles,1965
06037123901,Los Angeles,1965
06037123902,Los Angeles,1959
06037124000,Los Angeles,1958
06037124102,Los Angeles,1959
06037124103,Los Angeles,1950
06037124104,Los Angeles,1966
06037124105,Los Angeles,1966
06037124201,Los Angeles,1954
06037124203,Los Angeles,1955
06037124204,Los Angeles,1966
06037124300,Los Angeles,1954
06037124400,Los Angeles,1964
06037124500,Los Angeles,1959
06037124600,Los Angeles,1954
06037124700,Los Angeles,1973
06037124902,Los Angeles,1973
06037124903,Los Angeles,1973
06037125101,Los Angeles,1972
06037125102,Los Angeles,1958
06037125200,Los Angeles,1971
06037125310,Los Angeles,1989
06037125321,Los Angeles,1986
06037125322,Los Angeles,2001
06037125402,Los Angeles,1979
06037125403,Los Angeles,1986
06037125404,Los Angeles,1990
06037125501,Los Angeles,1968
06037125502,Los Angeles,1975
06037125600,Los Angeles,1961
06037127102,Los Angeles,1974
06037127103,Los Angeles,1976
06037127104,Los Angeles,1971
06037127210,Los Angeles,1980
06037127220,Los Angeles,1973
06037127300,Los Angeles,1973
06037127400,Los Angeles,1969
06037127520,Los Angeles,1966
06037127603,Los Angeles,1974
06037127604,Los Angeles,1984
06037127605,Los Angeles,1966
06037127606,Los Angeles,1962
06037127711,Los Angeles,1963
06037127712,Los Angeles,1974
06037127803,Los Angeles,1975
06037127804,Los Angeles,1970
06037127805,Los Angeles,1965
06037127806,Los Angeles,1973
06037127910,Los Angeles,1970
06037127920,Los Angeles,1958
06037128101,Los Angeles,1966
06037128102,Los Angeles,1980
06037128210,Los Angeles,1981
06037128220,Los Angeles,1973
06037128302,Los Angeles,1971
06037128303,Los Angeles,1972
06037128400,Los Angeles,1957
06037128500,Los Angeles,1977
06037128601,Los Angeles,1977
06037128602,Los Angeles,1960
06037128703,Los Angeles,1971
06037128704,Los Angeles,1963
06037128801,Los Angeles,1975
06037128802,Los Angeles,1975
06037128910,Los Angeles,1968
06037131021,Los Angeles,1978
06037131022,Los Angeles,1976
06037131023,Los Angeles,1959
06037131024,Los Angeles,1975
06037131100,Los Angeles,1955
06037131200,Los Angeles,1956
06037131300,Los Angeles,1956
06037131400,Los Angeles,1967
06037131600,Los Angeles,1956
06037131701,Los Angeles,1981
06037131702,Los Angeles,1960
06037131801,Los Angeles,1963
06037131802,Los Angeles,1955
06037131900,Los Angeles,1955
06037132001,Los Angeles,1957
06037132002,Los Angeles,1955
06037132101,Los Angeles,1965
06037132102,Los Angeles,1980
06037132301,Los Angeles,1976
06037132302,Los Angeles,1957
06037132501,Los Angeles,1960
06037132502,Los Angeles,1974
06037132700,Los Angeles,1957
06037132900,Los Angeles,1962
06037133000,Los Angeles,1957
06037133101,Los Angeles,1957
06037133102,Los Angeles,1972
06037134001,Los Angeles,1968
06037134002,Los Angeles,1972
06037134101,Los Angeles,1970
06037134103,Los Angeles,1969
06037134104,Los Angeles,1981
06037134201,Los Angeles,1956
06037134302,Los Angeles,1958
06037134303,Los Angeles,1963
06037134304,Los Angeles,1961
06037134305,Los Angeles,1968
06037134306,Los Angeles,1978
06037134421,Los Angeles,1970
06037134422,Los Angeles,1971
06037134423,Los Angeles,1968
06037134424,Los Angeles,1987
06037134520,Los Angeles,1985
06037134521,Los Angeles,1981
06037134522,Los Angeles,1983
06037134710,Los Angeles,1971
06037134720,Los Angeles,1969
06037134801,Los Angeles,1958
06037134802,Los Angeles,1956
06037134901,Los Angeles,1958
06037134904,Los Angeles,1960
06037134905,Los Angeles,2011
06037134906,Los Angeles,1984
06037134907,Los Angeles,2013
06037135102,Los Angeles,1960
06037135111,Los Angeles,1958
06037135113,Los Angeles,1978
06037135115,Los Angeles,1975
06037135116,Los Angeles,1979
06037135201,Los Angeles,1957
06037135202,Los Angeles,1958
06037135204,Los Angeles,1964
06037135205,Los Angeles,1982
06037137000,Los Angeles,1962
06037137103,Los Angeles,1985
06037137104,Los Angeles,1959
06037137202,Los Angeles,1975
06037137203,Los Angeles,1958
06037137301,Los Angeles,1958
06037137302,Los Angeles,1966
06037137401,Los Angeles,1964
06037137402,Los Angeles,1964
06037137501,Los Angeles,1986
06037137502,Los Angeles,1959
06037137504,Los Angeles,1969
06037138000,Los Angeles,1969
06037139001,Los Angeles,1957
06037139200,Los Angeles,1971
06037139301,Los Angeles,1959
06037139302,Los Angeles,1975
06037139303,Los Angeles,-666666666
06037139401,Los Angeles,1978
06037139402,Los Angeles,1960
06037139502,Los Angeles,1958
06037139504,Los Angeles,1973
06037139505,Los Angeles,1975
06037139506,Los Angeles,1973
06037139600,Los Angeles,1975
06037139701,Los Angeles,1975
06037139703,Los Angeles,1972
06037139704,Los Angeles,1961
06037139705,Los Angeles,1962
06037139801,Los Angeles,1965
06037139802,Los Angeles,1970
06037141101,Los Angeles,1971
06037141102,Los Angeles,1975
06037141201,Los Angeles,1961
06037141202,Los Angeles,1972
06037141303,Los Angeles,1973
06037141304,Los Angeles,1977
06037141305,Los Angeles,1978
06037141306,Los Angeles,1976
06037141400,Los Angeles,1964
06037141500,Los Angeles,1959
06037141600,Los Angeles,1956
06037141700,Los Angeles,1957
06037143101,Los Angeles,1952
06037143102,Los Angeles,1976
06037143200,Los Angeles,1977
06037143301,Los Angeles,1974
06037143302,Los Angeles,1972
06037143401,Los Angeles,1974
06037143402,Los Angeles,1964
06037143500,Los Angeles,1974
06037143602,Los Angeles,1973
06037143603,Los Angeles,1977
06037143605,Los Angeles,1989
06037143606,Los Angeles,1979
06037143700,Los Angeles,1958
06037143801,Los Angeles,1965
06037143802,Los Angeles,1968
06037143901,Los Angeles,1957
06037143902,Los Angeles,1962
06037181000,Los Angeles,1941
06037181300,Los Angeles,1954
06037181400,Los Angeles,1950
06037181500,Los Angeles,1938
06037181600,Los Angeles,1938
06037183101,Los Angeles,1938
06037183103,Los Angeles,1953
06037183104,Los Angeles,1960
06037183220,Los Angeles,1938
06037183221,Los Angeles,1941
06037183222,Los Angeles,1938
06037183300,Los Angeles,1938
06037183401,Los Angeles,1940
06037183402,Los Angeles,1946
06037183510,Los Angeles,1938
06037183520,Los Angeles,1938
06037183610,Los Angeles,1945
06037183620,Los Angeles,1954
06037183701,Los Angeles,1964
06037183702,Los Angeles,1956
06037183810,Los Angeles,1955
06037183820,Los Angeles,1956
06037185101,Los Angeles,1938
06037185102,Los Angeles,1941
06037185202,Los Angeles,1955
06037185203,Los Angeles,1943
06037185204,Los Angeles,1949
06037185310,Los Angeles,1938
06037185320,Los Angeles,1938
06037186100,Los Angeles,1947
06037186201,Los Angeles,1966
06037186202,Los Angeles,1975
06037186203,Los Angeles,1956
06037186301,Los Angeles,1965
06037186302,Los Angeles,1958
06037186401,Los Angeles,1965
06037186403,Los Angeles,1938
06037186404,Los Angeles,1962
06037187101,Los Angeles,1946
06037187102,Los Angeles,1967
06037187200,Los Angeles,1956
06037187300,Los Angeles,1958
06037188100,Los Angeles,1956
06037188201,Los Angeles,1965
06037188202,Los Angeles,1954
06037188300,Los Angeles,1938
06037189101,Los Angeles,1962
06037189102,Los Angeles,1959
06037189201,Los Angeles,1970
06037189202,Los Angeles,1938
06037189300,Los Angeles,1946
06037189400,Los Angeles,1954
06037189501,Los Angeles,1962
06037189502,Los Angeles,1950
06037189600,Los Angeles,1962
06037189702,Los Angeles,1942
06037189703,Los Angeles,1971
06037189704,Los Angeles,1971
06037189801,Los Angeles,1960
06037189802,Los Angeles,1978
06037189903,Los Angeles,1974
06037189904,Los Angeles,1978
06037189905,Los Angeles,1974
06037189906,Los Angeles,1972
06037189907,Los Angeles,1972
06037190101,Los Angeles,1955
06037190102,Los Angeles,1964
06037190201,Los Angeles,1944
06037190202,Los Angeles,1973
06037190302,Los Angeles,1961
06037190303,Los Angeles,1953
06037190401,Los Angeles,1959
06037190402,Los Angeles,1972
06037190510,Los Angeles,1979
06037190520,Los Angeles,1964
06037190701,Los Angeles,1990
06037190702,Los Angeles,1956
06037190801,Los Angeles,1966
06037190802,Los Angeles,1970
06037190901,Los Angeles,1954
06037190902,Los Angeles,1964
06037191000,Los Angeles,2011
06037191110,Los Angeles,1958
06037191120,Los Angeles,1957
06037191201,Los Angeles,1960
06037191203,Los Angeles,1953
06037191204,Los Angeles,1959
06037191301,Los Angeles,1961
06037191302,Los Angeles,1965
06037191410,Los Angeles,1966
06037191420,Los Angeles,1948
06037191500,Los Angeles,1965
06037191610,Los Angeles,1963
06037191620,Los Angeles,1968
06037191710,Los Angeles,1944
06037191720,Los Angeles,1959
06037191810,Los Angeles,1965
06037191820,Los Angeles,1974
06037191901,Los Angeles,1983
06037191902,Los Angeles,1942
06037192001,Los Angeles,1955
06037192002,Los Angeles,1938
06037192300,Los Angeles,1956
06037192410,Los Angeles,1947
06037192420,Los Angeles,1986
06037192510,Los Angeles,1976
06037192520,Los Angeles,1965
06037192610,Los Angeles,1963
06037192620,Los Angeles,1960
06037192700,Los Angeles,1972
06037194101,Los Angeles,1964
06037194102,Los Angeles,1967
06037194200,Los Angeles,1952
06037194300,Los Angeles,1960
06037194401,Los Angeles,1961
06037194402,Los Angeles,1974
06037194500,Los Angeles,1944
06037195100,Los Angeles,1945
06037195201,Los Angeles,1951
06037195202,Los Angeles,1947
06037195300,Los Angeles,1944
06037195400,Los Angeles,1938
06037195500,Los Angeles,1940
06037195600,Los Angeles,1952
06037195710,Los Angeles,1938
06037195720,Los Angeles,1964
06037195802,Los Angeles,1957
06037195803,Los Angeles,1938
06037195804,Los Angeles,1938
06037195901,Los Angeles,1945
06037195902,Los Angeles,1938
06037195903,Los Angeles,1961
06037197200,Los Angeles,1954
06037197300,Los Angeles,1938
06037197410,Los Angeles,1938
06037197420,Los Angeles,1950
06037197500,Los Angeles,1938
06037197600,Los Angeles,1938
06037197700,Los Angeles,1977
06037199001,Los Angeles,1957
06037199002,Los Angeles,1990
06037199110,Los Angeles,1938
06037199120,Los Angeles,1952
06037199201,Los Angeles,1949
06037199202,Los Angeles,1938
06037199300,Los Angeles,1942
06037199400,Los Angeles,1938
06037199700,Los Angeles,1938
06037199801,Los Angeles,1944
06037199802,Los Angeles,1944
06037199900,Los Angeles,1961
06037201110,Los Angeles,1938
06037201120,Los Angeles,1954
06037201200,Los Angeles,1938
06037201301,Los Angeles,1958
06037201302,Los Angeles,1983
06037201401,Los Angeles,1979
06037201402,Los Angeles,1947
06037201501,Los Angeles,1938
06037201503,Los Angeles,1952
06037201504,Los Angeles,1956
06037201601,Los Angeles,1954
06037201602,Los Angeles,1947
06037201700,Los Angeles,1960
06037203100,Los Angeles,1961
06037203200,Los Angeles,1945
06037203300,Los Angeles,1970
06037203500,Los Angeles,1952
06037203601,Los Angeles,1942
06037203602,Los Angeles,1953
06037203710,Los Angeles,1938
06037203720,Los Angeles,1938
06037203800,Los Angeles,1938
06037203900,Los Angeles,1938
06037204110,Los Angeles,1938
06037204120,Los Angeles,1938
06037204200,Los Angeles,1950
06037204300,Los Angeles,1938
06037204410,Los Angeles,1938
06037204420,Los Angeles,1956
06037204600,Los Angeles,1938
06037204700,Los Angeles,1943
06037204810,Los Angeles,1938
06037204820,Los Angeles,1951
06037204910,Los Angeles,1964
06037204920,Los Angeles,1938
06037205110,Los Angeles,1943
06037205120,Los Angeles,1945
06037206010,Los Angeles,1978
06037206020,Los Angeles,2007
06037206050,Los Angeles,1997
06037206051,Los Angeles,1938
06037206052,Los Angeles,2013
06037206053,Los Angeles,1964
06037206054,Los Angeles,2003
06037206201,Los Angeles,2010
06037206202,Los Angeles,1973
06037206301,Los Angeles,1950
06037206302,Los Angeles,1969
06037206303,Los Angeles,1938
06037207101,Los Angeles,2000
06037207102,Los Angeles,1994
06037207103,Los Angeles,1971
06037207303,Los Angeles,1938
06037207304,Los Angeles,1938
06037207305,Los Angeles,1938
06037207306,Los Angeles,1938
06037207307,Los Angeles,1944
06037207308,Los Angeles,1938
06037207400,Los Angeles,2014
06037207501,Los Angeles,1977
06037207502,Los Angeles,1987
06037207711,Los Angeles,2013
06037207712,Los Angeles,2011
06037207901,Los Angeles,2009
06037207902,Los Angeles,2012
06037208001,Los Angeles,2000
06037208002,Los Angeles,1971
06037208301,Los Angeles,1974
06037208302,Los Angeles,1963
06037208401,Los Angeles,1979
06037208402,Los Angeles,1978
06037208501,Los Angeles,1980
06037208502,Los Angeles,1956
06037208610,Los Angeles,1970
06037208620,Los Angeles,1972
06037208710,Los Angeles,1976
06037208720,Los Angeles,1938
06037208801,Los Angeles,1972
06037208802,Los Angeles,1938
06037208902,Los Angeles,1989
06037208903,Los Angeles,1975
06037208904,Los Angeles,1970
06037209103,Los Angeles,1953
06037209104,Los Angeles,1984
06037209105,Los Angeles,1975
06037209106,Los Angeles,1996
06037209201,Los Angeles,2009
06037209202,Los Angeles,1994
06037209300,Los Angeles,1970
06037209401,Los Angeles,1967
06037209402,Los Angeles,1938
06037209403,Los Angeles,1955
06037209510,Los Angeles,1957
06037209520,Los Angeles,1955
06037209810,Los Angeles,1945
06037209820,Los Angeles,1938
06037210010,Los Angeles,1983
06037211000,Los Angeles,1955
06037211121,Los Angeles,1972
06037211122,Los Angeles,1961
06037211123,Los Angeles,2003
06037211124,Los Angeles,1987
06037211201,Los Angeles,1954
06037211202,Los Angeles,1944
06037211310,Los Angeles,1968
06037211320,Los Angeles,1938
06037211410,Los Angeles,1972
06037211420,Los Angeles,1961
06037211500,Los Angeles,1953
06037211701,Los Angeles,1970
06037211703,Los Angeles,1972
06037211704,Los Angeles,1972
06037211802,Los Angeles,1973
06037211803,Los Angeles,1975
06037211804,Los Angeles,1973
06037211910,Los Angeles,1966
06037211921,Los Angeles,1971
06037211922,Los Angeles,1967
06037212101,Los Angeles,1991
06037212102,Los Angeles,1971
06037212202,Los Angeles,1969
06037212203,Los Angeles,1972
06037212204,Los Angeles,1961
06037212303,Los Angeles,1987
06037212304,Los Angeles,1938
06037212305,Los Angeles,1958
06037212306,Los Angeles,1983
06037212410,Los Angeles,1965
06037212420,Los Angeles,1958
06037212501,Los Angeles,1938
06037212502,Los Angeles,1991
06037212610,Los Angeles,1960
06037212620,Los Angeles,1964
06037212701,Los Angeles,1949
06037212702,Los Angeles,1950
06037212800,Los Angeles,1938
06037212900,Los Angeles,1938
06037213100,Los Angeles,1981
06037213201,Los Angeles,1987
06037213202,Los Angeles,1961
06037213310,Los Angeles,1960
06037213320,Los Angeles,1966
06037213401,Los Angeles,1964
06037213402,Los Angeles,1957
06037214000,Los Angeles,1938
06037214100,Los Angeles,1938
06037214400,Los Angeles,1938
06037214501,Los Angeles,1984
06037214503,Los Angeles,1948
06037214504,Los Angeles,1950
06037214505,Los Angeles,1985
06037214600,Los Angeles,1950
06037214700,Los Angeles,1938
06037214800,Los Angeles,1957
06037214902,Los Angeles,1976
06037214903,Los Angeles,1974
06037214904,Los Angeles,1981
06037215101,Los Angeles,1975
06037215102,Los Angeles,1966
06037216100,Los Angeles,1938
06037216201,Los Angeles,1981
06037216202,Los Angeles,1938
06037216301,Los Angeles,1938
06037216302,Los Angeles,1960
06037216401,Los Angeles,1970
06037216402,Los Angeles,1972
06037216700,Los Angeles,1946
06037216800,Los Angeles,1938
06037216901,Los Angeles,1938
06037216902,Los Angeles,1945
06037217001,Los Angeles,1959
06037217002,Los Angeles,1967
06037217101,Los Angeles,1948
06037217102,Los Angeles,1946
06037217200,Los Angeles,1938
06037218110,Los Angeles,1944
06037218120,Los Angeles,1944
06037218210,Los Angeles,1955
06037218220,Los Angeles,1938
06037218300,Los Angeles,1949
06037218400,Los Angeles,1955
06037218500,Los Angeles,1938
06037218600,Los Angeles,1938
06037218701,Los Angeles,1938
06037218702,Los Angeles,1957
06037218800,Los Angeles,1938
06037218900,Los Angeles,1953
06037219010,Los Angeles,1938
06037219020,Los Angeles,1938
06037219300,Los Angeles,1938
06037219500,Los Angeles,1946
06037219700,Los Angeles,1945
06037219800,Los Angeles,1951
06037219901,Los Angeles,1948
06037219902,Los Angeles,1993
06037220000,Los Angeles,1938
06037220100,Los Angeles,1947
06037221110,Los Angeles,1938
06037221120,Los Angeles,1941
06037221210,Los Angeles,1938
06037221220,Los Angeles,1938
06037221302,Los Angeles,1953
06037221303,Los Angeles,1938
06037221304,Los Angeles,1969
06037221401,Los Angeles,1969
06037221402,Los Angeles,1954
06037221500,Los Angeles,1945
06037221601,Los Angeles,1938
06037221602,Los Angeles,1957
06037221710,Los Angeles,1963
06037221810,Los Angeles,1971
06037221820,Los Angeles,1963
06037221900,Los Angeles,1978
06037222001,Los Angeles,1938
06037222002,Los Angeles,1938
06037222100,Los Angeles,1957
06037222200,Los Angeles,1938
06037222500,Los Angeles,1950
06037222600,Los Angeles,1964
06037222700,Los Angeles,2011
06037224010,Los Angeles,2002
06037224020,Los Angeles,1947
06037224200,Los Angeles,1942
06037224310,Los Angeles,1938
06037224320,Los Angeles,1948
06037224410,Los Angeles,1948
06037224420,Los Angeles,1938
06037224600,Los Angeles,1938
06037224701,Los Angeles,1974
06037224702,Los Angeles,1999
06037226001,Los Angeles,1946
06037226002,Los Angeles,1938
06037226410,Los Angeles,1958
06037226420,Los Angeles,1958
06037226701,Los Angeles,1959
06037226702,Los Angeles,1938
06037227010,Los Angeles,1959
06037227020,Los Angeles,1960
06037228100,Los Angeles,1968
06037228210,Los Angeles,1960
06037228220,Los Angeles,1963
06037228310,Los Angeles,1971
06037228320,Los Angeles,1950
06037228410,Los Angeles,1938
06037228420,Los Angeles,1940
06037228500,Los Angeles,1964
06037228600,Los Angeles,1957
06037228710,Los Angeles,1964
06037228720,Los Angeles,1953
06037228800,Los Angeles,1950
06037228900,Los Angeles,1955
06037229100,Los Angeles,1955
06037229200,Los Angeles,1953
06037229300,Los Angeles,1950
06037229410,Los Angeles,1945
06037229420,Los Angeles,1948
06037231100,Los Angeles,1941
06037231210,Los Angeles,1966
06037231220,Los Angeles,1983
06037231301,Los Angeles,1938
06037231302,Los Angeles,1938
06037231400,Los Angeles,1938
06037231500,Los Angeles,1938
06037231601,Los Angeles,1938
06037231602,Los Angeles,1938
06037231603,Los Angeles,1961
06037231710,Los Angeles,1957
06037231720,Los Angeles,1966
06037231800,Los Angeles,1947
06037231901,Los Angeles,1938
06037231902,Los Angeles,1962
06037232110,Los Angeles,1944
06037232120,Los Angeles,1943
06037232200,Los Angeles,1938
06037232300,Los Angeles,1938
06037232401,Los Angeles,1941
06037232402,Los Angeles,1938
06037232500,Los Angeles,1938
06037232601,Los Angeles,1938
06037232602,Los Angeles,1938
06037232701,Los Angeles,1944
06037232702,Los Angeles,1968
06037232800,Los Angeles,1960
06037234001,Los Angeles,1940
06037234002,Los Angeles,1938
06037234200,Los Angeles,1945
06037234301,Los Angeles,1950
06037234302,Los Angeles,1948
06037234501,Los Angeles,1938
06037234502,Los Angeles,1943
06037234600,Los Angeles,1938
06037234700,Los Angeles,1953
06037234800,Los Angeles,1943
06037234901,Los Angeles,1982
06037234902,Los Angeles,1979
06037235100,Los Angeles,1938
06037235201,Los Angeles,1938
06037235202,Los Angeles,1953
06037236001,Los Angeles,1949
06037236101,Los Angeles,1956
06037236102,Los Angeles,1964
06037236203,Los Angeles,1959
06037236204,Los Angeles,1961
06037236205,Los Angeles,1958
06037236206,Los Angeles,1956
06037236400,Los Angeles,1960
06037237101,Los Angeles,1966
06037237102,Los Angeles,1964
06037237201,Los Angeles,1955
06037237202,Los Angeles,1938
06037237300,Los Angeles,1938
06037237401,Los Angeles,1938
06037237402,Los Angeles,1938
06037237500,Los Angeles,1948
06037237600,Los Angeles,1965
06037237710,Los Angeles,1950
06037237720,Los Angeles,1957
06037237800,Los Angeles,1938
06037237900,Los Angeles,1938
06037238000,Los Angeles,1941
06037238100,Los Angeles,1942
06037238200,Los Angeles,1951
06037238310,Los Angeles,1981
06037238320,Los Angeles,1980
06037238400,Los Angeles,1943
06037239201,Los Angeles,1958
06037239202,Los Angeles,1964
06037239310,Los Angeles,1938
06037239320,Los Angeles,1938
06037239330,Los Angeles,1956
06037239501,Los Angeles,1948
06037239502,Los Angeles,1945
06037239601,Los Angeles,1949
06037239602,Los Angeles,1955
06037239701,Los Angeles,1961
06037239702,Los Angeles,1948
06037239801,Los Angeles,1952
06037239802,Los Angeles,1945
06037240010,Los Angeles,1949
06037240020,Los Angeles,1944
06037240200,Los Angeles,1957
06037240301,Los Angeles,1962
06037240302,Los Angeles,1967
06037240401,Los Angeles,1954
06037240402,Los Angeles,1957
06037240500,Los Angeles,1977
06037240600,Los Angeles,1960
06037240700,Los Angeles,1950
06037240800,Los Angeles,1963
06037240901,Los Angeles,1967
06037240902,Los Angeles,1959
06037241001,Los Angeles,1977
06037241002,Los Angeles,1954
06037241110,Los Angeles,1963
06037241120,Los Angeles,1964
06037241201,Los Angeles,1941
06037241202,Los Angeles,1949
06037241300,Los Angeles,1956
06037241400,Los Angeles,1957
06037242000,Los Angeles,1949
06037242100,Los Angeles,1955
06037242201,Los Angeles,1957
06037242202,Los Angeles,1964
06037242300,Los Angeles,1972
06037242600,Los Angeles,1956
06037242700,Los Angeles,1970
06037243001,Los Angeles,1955
06037243002,Los Angeles,1966
06037243100,Los Angeles,1952
06037261102,Los Angeles,1968
06037261103,Los Angeles,1963
06037261104,Los Angeles,1960
06037261200,Los Angeles,1970
06037262100,Los Angeles,1962
06037262200,Los Angeles,1971
06037262301,Los Angeles,1970
06037262302,Los Angeles,1958
06037262303,Los Angeles,1961
06037262400,Los Angeles,1963
06037262501,Los Angeles,1956
06037262601,Los Angeles,1979
06037262604,Los Angeles,1964
06037262704,Los Angeles,1962
06037262706,Los Angeles,1961
06037262802,Los Angeles,1957
06037264000,Los Angeles,1957
06037264102,Los Angeles,1969
06037264103,Los Angeles,1971
06037264303,Los Angeles,1977
06037264304,Los Angeles,1975
06037264305,Los Angeles,1972
06037264306,Los Angeles,1973
06037265100,Los Angeles,1963
06037265201,Los Angeles,1967
06037265203,Los Angeles,1973
06037265204,Los Angeles,1977
06037265301,Los Angeles,-666666666
06037265303,Los Angeles,1974
06037265304,Los Angeles,1977
06037265306,Los Angeles,1971
06037265307,Los Angeles,1987
06037265410,Los Angeles,1952
06037265420,Los Angeles,1948
06037265521,Los Angeles,1978
06037265522,Los Angeles,1979
06037265523,Los Angeles,1967
06037265524,Los Angeles,1974
06037265601,Los Angeles,1971
06037265602,Los Angeles,1985
06037265701,Los Angeles,1972
06037265702,Los Angeles,1972
06037267101,Los Angeles,1971
06037267102,Los Angeles,1974
06037267201,Los Angeles,1977
06037267202,Los Angeles,1977
06037267300,Los Angeles,1977
06037267403,Los Angeles,1974
06037267404,Los Angeles,1968
06037267405,Los Angeles,1973
06037267406,Los Angeles,1973
06037267502,Los Angeles,1976
06037267503,Los Angeles,1975
06037267504,Los Angeles,1982
06037267600,Los Angeles,1972
06037267700,Los Angeles,1976
06037267800,Los Angeles,1983
06037267901,Los Angeles,1980
06037267902,Los Angeles,1975
06037269000,Los Angeles,1961
06037269100,Los Angeles,1960
06037269300,Los Angeles,1947
06037269500,Los Angeles,1951
06037269601,Los Angeles,1964
06037269602,Los Angeles,1957
06037269700,Los Angeles,1952
06037269800,Los Angeles,1971
06037269903,Los Angeles,1976
06037269905,Los Angeles,1981
06037269906,Los Angeles,1985
06037269907,Los Angeles,1971
06037269908,Los Angeles,1966
06037269909,Los Angeles,1980
06037270101,Los Angeles,1977
06037270102,Los Angeles,1976
06037270200,Los Angeles,1960
06037270300,Los Angeles,1949
06037271100,Los Angeles,1948
06037271200,Los Angeles,1976
06037271300,Los Angeles,1957
06037271400,Los Angeles,1954
06037271500,Los Angeles,1957
06037271600,Los Angeles,1968
06037271702,Los Angeles,1971
06037271703,Los Angeles,1973
06037271704,Los Angeles,1972
06037271801,Los Angeles,1974
06037271803,Los Angeles,1981
06037271804,Los Angeles,1968
06037271901,Los Angeles,1968
06037271902,Los Angeles,1965
06037272100,Los Angeles,1949
06037272201,Los Angeles,1971
06037272202,Los Angeles,1978
06037272301,Los Angeles,1972
06037272302,Los Angeles,1971
06037273100,Los Angeles,1958
06037273200,Los Angeles,1950
06037273300,Los Angeles,1959
06037273403,Los Angeles,1951
06037273404,Los Angeles,1965
06037273502,Los Angeles,1953
06037273600,Los Angeles,1945
06037273700,Los Angeles,1969
06037273800,Los Angeles,1966
06037273902,Los Angeles,1968
06037274100,Los Angeles,1998
06037274202,Los Angeles,1975
06037275101,Los Angeles,1959
06037275102,Los Angeles,1972
06037275200,Los Angeles,1976
06037275311,Los Angeles,1963
06037275312,Los Angeles,1977
06037275313,Los Angeles,1975
06037275400,Los Angeles,2007
06037275500,Los Angeles,1958
06037275603,Los Angeles,1959
06037275604,Los Angeles,2009
06037275605,Los Angeles,2003
06037276000,Los Angeles,1952
06037276101,Los Angeles,1987
06037276102,Los Angeles,1977
06037276400,Los Angeles,1952
06037276500,Los Angeles,1952
06037276601,Los Angeles,1966
06037276605,Los Angeles,1976
06037276606,Los Angeles,1974
06037276607,Los Angeles,2000
06037276608,Los Angeles,1974
06037277000,Los Angeles,1953
06037277100,Los Angeles,1955
06037277200,Los Angeles,1971
06037277400,Los Angeles,-666666666
06037278001,Los Angeles,1949
06037278102,Los Angeles,1970
06037291110,Los Angeles,1964
06037291120,Los Angeles,1962
06037291130,Los Angeles,1949
06037291210,Los Angeles,1963
06037291220,Los Angeles,1964
06037291300,Los Angeles,1957
06037292001,Los Angeles,1970
06037292002,Los Angeles,1957
06037293203,Los Angeles,1960
06037293204,Los Angeles,1966
06037293205,Los Angeles,1970
06037293206,Los Angeles,1964
06037293301,Los Angeles,1974
06037293302,Los Angeles,1972
06037293304,Los Angeles,1973
06037293306,Los Angeles,1960
06037293307,Los Angeles,1983
06037294110,Los Angeles,1957
06037294120,Los Angeles,1957
06037294200,Los Angeles,1951
06037294301,Los Angeles,1958
06037294302,Los Angeles,1954
06037294410,Los Angeles,1987
06037294421,Los Angeles,1976
06037294510,Los Angeles,1967
06037294520,Los Angeles,1958
06037294610,Los Angeles,1964
06037294620,Los Angeles,1964
06037294701,Los Angeles,1959
06037294810,Los Angeles,1958
06037294820,Los Angeles,1958
06037294830,Los Angeles,1973
06037294900,Los Angeles,2002
06037295103,Los Angeles,1974
06037296210,Los Angeles,1958
06037296220,Los Angeles,1980
06037296300,Los Angeles,1984
06037296401,Los Angeles,1968
06037296402,Los Angeles,1949
06037296500,Los Angeles,1959
06037296600,Los Angeles,1969
06037296901,Los Angeles,1962
06037296902,Los Angeles,1971
06037297001,Los Angeles,1958
06037297002,Los Angeles,1959
06037297110,Los Angeles,1949
06037297120,Los Angeles,1938
06037297201,Los Angeles,1969
06037297202,Los Angeles,1966
06037297300,Los Angeles,1964
06037297400,Los Angeles,1962
06037297501,Los Angeles,1957
06037297502,Los Angeles,1959
06037297601,Los Angeles,1961
06037297602,Los Angeles,1964
06037300100,Los Angeles,1961
06037300200,Los Angeles,1952
06037300301,Los Angeles,1956
06037300400,Los Angeles,1954
06037300501,Los Angeles,1950
06037300503,Los Angeles,1971
06037300601,Los Angeles,1977
06037300602,Los Angeles,1952
06037300701,Los Angeles,1958
06037300702,Los Angeles,1959
06037300800,Los Angeles,1964
06037300901,Los Angeles,1972
06037300902,Los Angeles,1944
06037301000,Los Angeles,1949
06037301100,Los Angeles,1948
06037301203,Los Angeles,1970
06037301204,Los Angeles,1981
06037301205,Los Angeles,1938
06037301206,Los Angeles,1971
06037301300,Los Angeles,1938
06037301400,Los Angeles,1938
06037301501,Los Angeles,1938
06037301502,Los Angeles,1980
06037301601,Los Angeles,1960
06037301602,Los Angeles,1951
06037301701,Los Angeles,1944
06037301702,Los Angeles,1968
06037301801,Los Angeles,1989
06037301802,Los Angeles,2010
06037301901,Los Angeles,1978
06037301902,Los Angeles,1974
06037302002,Los Angeles,1971
06037302003,Los Angeles,1979
06037302004,Los Angeles,1969
06037302102,Los Angeles,1958
06037302103,Los Angeles,1962
06037302104,Los Angeles,1966
06037302201,Los Angeles,1979
06037302202,Los Angeles,1959
06037302301,Los Angeles,1983
06037302302,Los Angeles,1967
06037302401,Los Angeles,1976
06037302503,Los Angeles,1973
06037302504,Los Angeles,1964
06037302505,Los Angeles,1969
06037302506,Los Angeles,1954
06037310100,Los Angeles,1960
06037310201,Los Angeles,1964
06037310202,Los Angeles,1964
06037310300,Los Angeles,-666666666
06037310400,Los Angeles,1950
06037310501,Los Angeles,1976
06037310601,Los Angeles,1969
06037310602,Los Angeles,1958
06037310701,Los Angeles,1975
06037310703,Los Angeles,1976
06037310704,Los Angeles,1979
06037310705,Los Angeles,1991
06037310800,Los Angeles,1963
06037310900,Los Angeles,1946
06037311000,Los Angeles,1947
06037311100,Los Angeles,1946
06037311200,Los Angeles,1948
06037311300,Los Angeles,1947
06037311400,Los Angeles,1948
06037311500,Los Angeles,1949
06037311601,Los Angeles,1950
06037311602,Los Angeles,1969
06037311700,Los Angeles,1949
06037311801,Los Angeles,1966
06037311802,Los Angeles,1974
06037320101,Los Angeles,1959
06037320102,Los Angeles,1953
06037320201,Los Angeles,1958
06037320202,Los Angeles,1951
06037320300,Los Angeles,1956
06037400205,Los Angeles,1979
06037400206,Los Angeles,1972
06037400207,Los Angeles,1972
06037400208,Los Angeles,1982
06037400209,Los Angeles,1986
06037400304,Los Angeles,1974
06037400402,Los Angeles,1970
06037400403,Los Angeles,1977
06037400404,Los Angeles,1965
06037400501,Los Angeles,1966
06037400602,Los Angeles,1961
06037400603,Los Angeles,1978
06037400605,Los Angeles,1995
06037400801,Los Angeles,1967
06037401001,Los Angeles,1957
06037401002,Los Angeles,1957
06037401101,Los Angeles,1958
06037401102,Los Angeles,1962
06037401201,Los Angeles,1965
06037401202,Los Angeles,1966
06037401203,Los Angeles,1967
06037401303,Los Angeles,1986
06037401304,Los Angeles,1977
06037401311,Los Angeles,1967
06037401312,Los Angeles,1977
06037401500,Los Angeles,1971
06037401601,Los Angeles,1977
06037401602,Los Angeles,1970
06037401705,Los Angeles,1962
06037401706,Los Angeles,1982
06037401707,Los Angeles,1975
06037401801,Los Angeles,1979
06037401802,Los Angeles,1965
06037401901,Los Angeles,1946
06037401902,Los Angeles,1954
06037402001,Los Angeles,1962
06037402002,Los Angeles,1964
06037402101,Los Angeles,1960
06037402102,Los Angeles,1960
06037402200,Los Angeles,1962
06037402301,Los Angeles,1955
06037402303,Los Angeles,1938
06037402304,Los Angeles,1956
06037402403,Los Angeles,1959
06037402404,Los Angeles,-666666666
06037402405,Los Angeles,1956
06037402406,Los Angeles,1969
06037402501,Los Angeles,1961
06037402503,Los Angeles,1976
06037402504,Los Angeles,1973
06037402601,Los Angeles,1951
06037402602,Los Angeles,1948
06037402702,Los Angeles,1964
06037402703,Los Angeles,1961
06037402705,Los Angeles,1957
06037402706,Los Angeles,1959
06037402801,Los Angeles,1961
06037402803,Los Angeles,1960
06037402804,Los Angeles,1973
06037402902,Los Angeles,1964
06037402903,Los Angeles,1976
06037402904,Los Angeles,1954
06037403000,Los Angeles,1960
06037403305,Los Angeles,1983
06037403316,Los Angeles,1981
06037403317,Los Angeles,1984
06037403318,Los Angeles,1984
06037403319,Los Angeles,1982
06037403320,Los Angeles,1984
06037403321,Los Angeles,1975
06037403323,Los Angeles,1980
06037403324,Los Angeles,1981
06037403325,Los Angeles,1975
06037403326,Los Angeles,1969
06037403327,Los Angeles,1972
06037403328,Los Angeles,1977
06037403401,Los Angeles,1976
06037403402,Los Angeles,1969
06037403403,Los Angeles,1985
06037403404,Los Angeles,1980
06037403407,Los Angeles,1993
06037403408,Los Angeles,-666666666
06037403409,Los Angeles,1980
06037403500,Los Angeles,1994
06037403601,Los Angeles,1967
06037403702,Los Angeles,1964
06037403703,Los Angeles,1969
06037403721,Los Angeles,1959
06037403722,Los Angeles,1963
06037403801,Los Angeles,1973
06037403802,Los Angeles,1974
06037403901,Los Angeles,1958
06037403902,Los Angeles,1964
06037404000,Los Angeles,1958
06037404100,Los Angeles,1957
06037404201,Los Angeles,1966
06037404203,Los Angeles,1960
06037404301,Los Angeles,1965
06037404302,Los Angeles,1956
06037404401,Los Angeles,1949
06037404402,Los Angeles,1956
06037404501,Los Angeles,1968
06037404503,Los Angeles,1974
06037404504,Los Angeles,1969
06037404600,Los Angeles,1985
06037404701,Los Angeles,1965
06037404702,Los Angeles,1979
06037404703,Los Angeles,1963
06037404804,Los Angeles,1968
06037404805,Los Angeles,1981
06037404806,Los Angeles,1967
06037404901,Los Angeles,1967
06037404902,Los Angeles,1965
06037404903,Los Angeles,1956
06037405001,Los Angeles,1956
06037405002,Los Angeles,1956
06037405101,Los Angeles,1956
06037405102,Los Angeles,1970
06037405201,Los Angeles,1964
06037405202,Los Angeles,1959
06037405203,Los Angeles,1963
06037405301,Los Angeles,1969
06037405302,Los Angeles,1958
06037405400,Los Angeles,1956
06037405500,Los Angeles,1957
06037405600,Los Angeles,1956
06037405701,Los Angeles,1964
06037405702,Los Angeles,1968
06037405800,Los Angeles,1958
06037405900,Los Angeles,1959
06037406000,Los Angeles,1957
06037406101,Los Angeles,1956
06037406103,Los Angeles,1964
06037406201,Los Angeles,1973
06037406300,Los Angeles,1970
06037406413,Los Angeles,1957
06037406500,Los Angeles,1958
06037406601,Los Angeles,1956
06037406602,Los Angeles,1957
06037406701,Los Angeles,1959
06037406702,Los Angeles,1961
06037406801,Los Angeles,1957
06037406903,Los Angeles,1958
06037407001,Los Angeles,1957
06037407002,Los Angeles,1957
06037407101,Los Angeles,1958
06037407102,Los Angeles,1957
06037407201,Los Angeles,1956
06037407202,Los Angeles,1957
06037407301,Los Angeles,1956
06037407302,Los Angeles,1956
06037407400,Los Angeles,1960
06037407501,Los Angeles,1959
06037407502,Los Angeles,1958
06037407601,Los Angeles,1960
06037407602,Los Angeles,1957
06037407701,Los Angeles,1957
06037407702,Los Angeles,1967
06037407801,Los Angeles,1955
06037407802,Los Angeles,1958
06037407901,Los Angeles,1956
06037407902,Los Angeles,1975
06037408003,Los Angeles,1965
06037408004,Los Angeles,1977
06037408005,Los Angeles,1981
06037408006,Los Angeles,1975
06037408133,Los Angeles,1976
06037408134,Los Angeles,1976
06037408135,Los Angeles,1975
06037408136,Los Angeles,1965
06037408137,Los Angeles,1982
06037408138,Los Angeles,1970
06037408139,Los Angeles,1956
06037408140,Los Angeles,1964
06037408141,Los Angeles,1968
06037408212,Los Angeles,1975
06037408213,Los Angeles,1973
06037408301,Los Angeles,1957
06037408302,Los Angeles,1966
06037408303,Los Angeles,1966
06037408401,Los Angeles,1957
06037408402,Los Angeles,1965
06037408503,Los Angeles,1969
06037408504,Los Angeles,1964
06037408505,Los Angeles,1967
06037408623,Los Angeles,1972
06037408624,Los Angeles,1970
06037408625,Los Angeles,1966
06037408626,Los Angeles,1984
06037408627,Los Angeles,1976
06037408628,Los Angeles,1977
06037408629,Los Angeles,1974
06037408631,Los Angeles,1960
06037408703,Los Angeles,1992
06037408705,Los Angeles,1972
06037408707,Los Angeles,1982
06037408722,Los Angeles,1969
06037408724,Los Angeles,1973
06037408725,Los Angeles,1967
06037408800,Los Angeles,1987
06037408900,Los Angeles,1974
06037409000,Los Angeles,1972
06037409100,Los Angeles,1958
06037430003,Los Angeles,1967
06037430004,Los Angeles,1966
06037430005,Los Angeles,1974
06037430101,Los Angeles,1974
06037430102,Los Angeles,1954
06037430200,Los Angeles,1967
06037430301,Los Angeles,1955
06037430302,Los Angeles,1948
06037430400,Los Angeles,1958
06037430501,Los Angeles,1954
06037430502,Los Angeles,1962
06037430600,Los Angeles,1957
06037430701,Los Angeles,1955
06037430721,Los Angeles,1970
06037430723,Los Angeles,1967
06037430724,Los Angeles,1973
06037430801,Los Angeles,1987
06037430802,Los Angeles,1959
06037430803,Los Angeles,1960
06037430901,Los Angeles,1966
06037430902,Los Angeles,1984
06037431002,Los Angeles,1966
06037431003,Los Angeles,1959
06037431004,Los Angeles,1958
06037431100,Los Angeles,1968
06037431200,Los Angeles,1955
06037431300,Los Angeles,1958
06037431400,Los Angeles,1962
06037431501,Los Angeles,1968
06037431502,Los Angeles,1957
06037431600,Los Angeles,1969
06037431701,Los Angeles,1966
06037431800,Los Angeles,1963
06037431900,Los Angeles,1956
06037432001,Los Angeles,1958
06037432002,Los Angeles,1960
06037432101,Los Angeles,1960
06037432102,Los Angeles,1956
06037432201,Los Angeles,1958
06037432202,Los Angeles,1960
06037432300,Los Angeles,1958
06037432401,Los Angeles,1964
06037432402,Los Angeles,1966
06037432501,Los Angeles,1959
06037432502,Los Angeles,1962
06037432601,Los Angeles,1962
06037432602,Los Angeles,1965
06037432700,Los Angeles,1956
06037432801,Los Angeles,1970
06037432802,Los Angeles,1969
06037432901,Los Angeles,1965
06037432902,Los Angeles,1954
06037433103,Los Angeles,1970
06037433200,Los Angeles,1951
06037433302,Los Angeles,1969
06037433304,Los Angeles,1979
06037433305,Los Angeles,1968
06037433306,Los Angeles,1977
06037433307,Los Angeles,1977
06037433402,Los Angeles,1960
06037433403,Los Angeles,1963
06037433505,Los Angeles,1969
06037433506,Los Angeles,1967
06037433601,Los Angeles,1959
06037433602,Los Angeles,1967
06037433803,Los Angeles,1965
06037433804,Los Angeles,1954
06037433901,Los Angeles,1983
06037433903,Los Angeles,1958
06037434001,Los Angeles,1975
06037434003,Los Angeles,1964
06037434004,Los Angeles,1956
06037434100,Los Angeles,1959
06037460001,Los Angeles,1964
06037460002,Los Angeles,1956
06037460101,Los Angeles,1947
06037460200,Los Angeles,1948
06037460301,Los Angeles,1954
06037460302,Los Angeles,1944
06037460401,Los Angeles,1948
06037460501,Los Angeles,1961
06037460502,Los Angeles,1952
06037460601,Los Angeles,1958
06037460700,Los Angeles,1956
06037460800,Los Angeles,1962
06037460900,Los Angeles,1957
06037461000,Los Angeles,1945
06037461100,Los Angeles,1941
06037461200,Los Angeles,1938
06037461300,Los Angeles,1943
06037461400,Los Angeles,1938
06037461501,Los Angeles,1938
06037461502,Los Angeles,1942
06037461600,Los Angeles,1952
06037461700,Los Angeles,1958
06037461901,Los Angeles,1955
06037461902,Los Angeles,1995
06037462001,Los Angeles,1959
06037462002,Los Angeles,1962
06037462100,Los Angeles,1943
06037462201,Los Angeles,1967
06037462202,Los Angeles,2003
06037462301,Los Angeles,1968
06037462302,Los Angeles,1982
06037462400,Los Angeles,1938
06037462500,Los Angeles,1943
06037462600,Los Angeles,1938
06037462700,Los Angeles,1957
06037462800,Los Angeles,1955
06037462900,Los Angeles,1950
06037463000,Los Angeles,1960
06037463103,Los Angeles,1950
06037463200,Los Angeles,1949
06037463300,Los Angeles,1944
06037463400,Los Angeles,1963
06037463500,Los Angeles,1975
06037463601,Los Angeles,1974
06037463602,Los Angeles,1978
06037463700,Los Angeles,1989
06037463800,Los Angeles,1951
06037463900,Los Angeles,1959
06037464000,Los Angeles,1960
06037464101,Los Angeles,1938
06037464102,Los Angeles,1941
06037464200,Los Angeles,1945
06037480002,Los Angeles,1952
06037480011,Los Angeles,1963
06037480012,Los Angeles,1962
06037480101,Los Angeles,1958
06037480102,Los Angeles,1961
06037480201,Los Angeles,1938
06037480202,Los Angeles,1941
06037480302,Los Angeles,1970
06037480303,Los Angeles,1974
06037480304,Los Angeles,1980
06037480400,Los Angeles,1965
06037480500,Los Angeles,1938
06037480601,Los Angeles,1959
06037480602,Los Angeles,1955
06037480702,Los Angeles,1963
06037480703,Los Angeles,1953
06037480704,Los Angeles,1951
06037480802,Los Angeles,1938
06037480803,Los Angeles,1938
06037480804,Los Angeles,1965
06037480901,Los Angeles,1969
06037480902,Los Angeles,1968
06037480903,Los Angeles,1958
06037481001,Los Angeles,1984
06037481002,Los Angeles,1980
06037481101,Los Angeles,1967
06037481102,Los Angeles,1969
06037481103,Los Angeles,1959
06037481201,Los Angeles,1963
06037481203,Los Angeles,1960
06037481300,Los Angeles,1955
06037481401,Los Angeles,1956
06037481403,Los Angeles,1956
06037481404,Los Angeles,1957
06037481500,Los Angeles,1952
06037481603,Los Angeles,1964
06037481604,Los Angeles,1961
06037481605,Los Angeles,1956
06037481606,Los Angeles,1952
06037481711,Los Angeles,1979
06037481712,Los Angeles,1972
06037481713,Los Angeles,1976
06037481714,Los Angeles,1975
06037481800,Los Angeles,1952
06037481901,Los Angeles,1948
06037481902,Los Angeles,1963
06037482001,Los Angeles,1964
06037482002,Los Angeles,1962
06037482101,Los Angeles,1961
06037482102,Los Angeles,1955
06037482201,Los Angeles,1973
06037482202,Los Angeles,1974
06037482301,Los Angeles,1962
06037482303,Los Angeles,1957
06037482304,Los Angeles,1962
06037482401,Los Angeles,1955
06037482403,Los Angeles,1960
06037482404,Los Angeles,1971
06037482502,Los Angeles,1957
06037482503,Los Angeles,1955
06037482521,Los Angeles,1958
06037482522,Los Angeles,1973
06037482600,Los Angeles,1965
06037482701,Los Angeles,1952
06037482702,Los Angeles,1951
06037482801,Los Angeles,1954
06037500100,Los Angeles,1967
06037500202,Los Angeles,1961
06037500203,Los Angeles,1956
06037500204,Los Angeles,1965
06037500300,Los Angeles,1977
06037500402,Los Angeles,1958
06037500403,Los Angeles,1957
06037500404,Los Angeles,1958
06037500500,Los Angeles,1976
06037500600,Los Angeles,1954
06037500700,Los Angeles,1955
06037500800,Los Angeles,1956
06037500900,Los Angeles,1961
06037501001,Los Angeles,1954
06037501002,Los Angeles,1950
06037501200,Los Angeles,1957
06037501301,Los Angeles,1943
06037501302,Los Angeles,1955
06037501400,Los Angeles,1943
06037501501,Los Angeles,1961
06037501503,Los Angeles,1958
06037501504,Los Angeles,1957
06037501600,Los Angeles,1958
06037501700,Los Angeles,1955
06037501802,Los Angeles,1952
06037501803,Los Angeles,1954
06037501804,Los Angeles,1949
06037501900,Los Angeles,1954
06037502003,Los Angeles,1953
06037502004,Los Angeles,1952
06037502005,Los Angeles,1955
06037502100,Los Angeles,1961
06037502200,Los Angeles,1954
06037502303,Los Angeles,1957
06037502401,Los Angeles,1956
06037502402,Los Angeles,1955
06037502500,Los Angeles,1956
06037502602,Los Angeles,1959
06037502603,Los Angeles,1955
06037502604,Los Angeles,1956
06037502700,Los Angeles,1958
06037502801,Los Angeles,1956
06037502901,Los Angeles,1955
06037503000,Los Angeles,1961
06037503103,Los Angeles,1958
06037503104,Los Angeles,1963
06037503105,Los Angeles,1969
06037503106,Los Angeles,1957
06037503201,Los Angeles,1957
06037503202,Los Angeles,1957
06037503301,Los Angeles,1955
06037503302,Los Angeles,1958
06037503401,Los Angeles,1959
06037503402,Los Angeles,1956
06037503501,Los Angeles,1959
06037503502,Los Angeles,1956
06037503601,Los Angeles,1957
06037503602,Los Angeles,1971
06037503701,Los Angeles,1962
06037503702,Los Angeles,1965
06037503704,Los Angeles,1992
06037503705,Los Angeles,1969
06037503801,Los Angeles,1958
06037503802,Los Angeles,1963
06037503901,Los Angeles,1957
06037503902,Los Angeles,1956
06037504001,Los Angeles,1956
06037504002,Los Angeles,-666666666
06037504101,Los Angeles,1958
06037504200,Los Angeles,1986
06037530005,Los Angeles,1973
06037530006,Los Angeles,1969
06037530007,Los Angeles,1962
06037530101,Los Angeles,1958
06037530102,Los Angeles,1955
06037530202,Los Angeles,1948
06037530203,Los Angeles,1957
06037530204,Los Angeles,1953
06037530301,Los Angeles,1958
06037530302,Los Angeles,1949
06037530400,Los Angeles,1958
06037530500,Los Angeles,1962
06037530603,Los Angeles,1947
06037530700,Los Angeles,1953
06037530801,Los Angeles,1945
06037530802,Los Angeles,1942
06037530901,Los Angeles,1938
06037530902,Los Angeles,1955
06037531000,Los Angeles,1952
06037531101,Los Angeles,1938
06037531102,Los Angeles,1962
06037531201,Los Angeles,1951
06037531202,Los Angeles,1953
06037531301,Los Angeles,1948
06037531302,Los Angeles,1950
06037531502,Los Angeles,1948
06037531503,Los Angeles,1955
06037531504,Los Angeles,1952
06037531602,Los Angeles,1951
06037531603,Los Angeles,1954
06037531604,Los Angeles,1949
06037531701,Los Angeles,1948
06037531702,Los Angeles,1948
06037531800,Los Angeles,1950
06037531901,Los Angeles,1945
06037531902,Los Angeles,1950
06037532001,Los Angeles,1951
06037532002,Los Angeles,1968
06037532101,Los Angeles,1977
06037532102,Los Angeles,1954
06037532200,Los Angeles,1963
06037532302,Los Angeles,1955
06037532303,Los Angeles,1955
06037532304,Los Angeles,1977
06037532500,Los Angeles,1980
06037532605,Los Angeles,1977
06037532606,Los Angeles,1967
06037532607,Los Angeles,1958
06037532700,Los Angeles,1949
06037532800,Los Angeles,1953
06037532900,Los Angeles,1953
06037533001,Los Angeles,1948
06037533002,Los Angeles,1947
06037533103,Los Angeles,1958
06037533104,Los Angeles,1967
06037533105,Los Angeles,1964
06037533108,Los Angeles,1945
06037533201,Los Angeles,1945
06037533204,Los Angeles,1943
06037533300,Los Angeles,1952
06037533401,Los Angeles,1950
06037533402,Los Angeles,1952
06037533403,Los Angeles,1955
06037533501,Los Angeles,1957
06037533504,Los Angeles,1957
06037533601,Los Angeles,1958
06037533602,Los Angeles,1954
06037533603,Los Angeles,1957
06037533701,Los Angeles,1956
06037533702,Los Angeles,1955
06037533703,Los Angeles,1949
06037533803,Los Angeles,1954
06037533804,Los Angeles,1964
06037533805,Los Angeles,1950
06037533806,Los Angeles,1956
06037533901,Los Angeles,1956
06037533902,Los Angeles,1958
06037534001,Los Angeles,1955
06037534002,Los Angeles,1982
06037534101,Los Angeles,1959
06037534102,Los Angeles,1952
06037534201,Los Angeles,1971
06037534202,Los Angeles,1969
06037534203,Los Angeles,1968
06037534301,Los Angeles,1970
06037534302,Los Angeles,1966
06037534403,Los Angeles,1957
06037534404,Los Angeles,1962
06037534405,Los Angeles,1974
06037534406,Los Angeles,1974
06037534501,Los Angeles,1943
06037534502,Los Angeles,1947
06037534700,Los Angeles,1938
06037534802,Los Angeles,1940
06037534803,Los Angeles,1938
06037534804,Los Angeles,1942
06037534900,Los Angeles,1958
06037535001,Los Angeles,1950
06037535002,Los Angeles,1961
06037535101,Los Angeles,1949
06037535102,Los Angeles,1953
06037535200,Los Angeles,1946
06037535300,Los Angeles,1955
06037535400,Los Angeles,1957
06037535501,Los Angeles,1940
06037535502,Los Angeles,1951
06037535503,Los Angeles,1954
06037535603,Los Angeles,1975
06037535604,Los Angeles,1948
06037535605,Los Angeles,1952
06037535606,Los Angeles,1956
06037535607,Los Angeles,1951
06037535701,Los Angeles,1938
06037535702,Los Angeles,1951
06037535802,Los Angeles,1955
06037535803,Los Angeles,1950
06037535804,Los Angeles,1967
06037535901,Los Angeles,1945
06037535902,Los Angeles,1947
06037536000,Los Angeles,1952
06037536102,Los Angeles,1970
06037536103,Los Angeles,1952
06037536104,Los Angeles,1952
06037536201,Los Angeles,1957
06037536202,Los Angeles,1956
06037540000,Los Angeles,1951
06037540101,Los Angeles,1948
06037540102,Los Angeles,1949
06037540201,Los Angeles,1954
06037540202,Los Angeles,1957
06037540203,Los Angeles,1954
06037540300,Los Angeles,1951
06037540400,Los Angeles,1972
06037540501,Los Angeles,1953
06037540502,Los Angeles,1953
06037540600,Los Angeles,1972
06037540700,Los Angeles,1957
06037540800,Los Angeles,1950
06037540901,Los Angeles,1950
06037540902,Los Angeles,1958
06037541003,Los Angeles,1969
06037541100,Los Angeles,1955
06037541200,Los Angeles,1956
06037541300,Los Angeles,1950
06037541401,Los Angeles,1969
06037541402,Los Angeles,1962
06037541500,Los Angeles,1964
06037541603,Los Angeles,1964
06037541604,Los Angeles,1960
06037541605,Los Angeles,1955
06037541606,Los Angeles,1959
06037541700,Los Angeles,1949
06037541801,Los Angeles,1964
06037541802,Los Angeles,1953
06037542000,Los Angeles,1956
06037542103,Los Angeles,1951
06037542104,Los Angeles,1953
06037542105,Los Angeles,1958
06037542106,Los Angeles,1961
06037542200,Los Angeles,1953
06037542401,Los Angeles,1951
06037542402,Los Angeles,1951
06037542501,Los Angeles,1981
06037542502,Los Angeles,1960
06037542601,Los Angeles,1968
06037542602,Los Angeles,1976
06037542700,Los Angeles,1956
06037542800,Los Angeles,1953
06037542900,Los Angeles,1958
06037543000,Los Angeles,1955
06037543100,Los Angeles,1956
06037543201,Los Angeles,1957
06037543203,Los Angeles,1966
06037543304,Los Angeles,1966
06037543305,Los Angeles,1980
06037543306,Los Angeles,1969
06037543321,Los Angeles,1990
06037543322,Los Angeles,1966
06037543400,Los Angeles,1958
06037543501,Los Angeles,1975
06037543502,Los Angeles,1966
06037543503,Los Angeles,1974
06037543601,Los Angeles,1963
06037543603,Los Angeles,1973
06037543605,Los Angeles,1973
06037543606,Los Angeles,1980
06037543607,Los Angeles,1964
06037543701,Los Angeles,1956
06037543703,Los Angeles,1965
06037543704,Los Angeles,1952
06037543705,Los Angeles,1961
06037543801,Los Angeles,1967
06037543803,Los Angeles,1979
06037543804,Los Angeles,1963
06037543903,Los Angeles,1965
06037543905,Los Angeles,1961
06037544001,Los Angeles,1953
06037544002,Los Angeles,1950
06037550101,Los Angeles,1955
06037550201,Los Angeles,1957
06037550202,Los Angeles,1957
06037550301,Los Angeles,1958
06037550501,Los Angeles,1958
06037550502,Los Angeles,1959
06037550601,Los Angeles,1957
06037550602,Los Angeles,1956
06037550700,Los Angeles,1956
06037550801,Los Angeles,1955
06037550802,Los Angeles,1958
06037550901,Los Angeles,1970
06037550902,Los Angeles,1966
06037551001,Los Angeles,1958
06037551002,Los Angeles,1957
06037551101,Los Angeles,1961
06037551102,Los Angeles,1972
06037551201,Los Angeles,1959
06037551203,Los Angeles,1959
06037551204,Los Angeles,1963
06037551300,Los Angeles,1963
06037551401,Los Angeles,1968
06037551402,Los Angeles,1958
06037551501,Los Angeles,1961
06037551502,Los Angeles,1956
06037551700,Los Angeles,1955
06037551801,Los Angeles,1958
06037551802,Los Angeles,1964
06037551900,Los Angeles,1959
06037552001,Los Angeles,1957
06037552002,Los Angeles,1964
06037552100,Los Angeles,1958
06037552200,Los Angeles,1974
06037552301,Los Angeles,1958
06037552302,Los Angeles,1973
06037552400,Los Angeles,1957
06037552601,Los Angeles,1955
06037552602,Los Angeles,1965
06037552700,Los Angeles,1951
06037552800,Los Angeles,1955
06037552900,Los Angeles,1956
06037553000,Los Angeles,-666666666
06037553100,Los Angeles,1969
06037553201,Los Angeles,1956
06037553202,Los Angeles,1956
06037553300,Los Angeles,1960
06037553400,Los Angeles,1958
06037553502,Los Angeles,1984
06037553503,Los Angeles,1961
06037553504,Los Angeles,1966
06037553601,Los Angeles,1979
06037553602,Los Angeles,1979
06037553701,Los Angeles,1964
06037553702,Los Angeles,1962
06037553801,Los Angeles,1976
06037553802,Los Angeles,1975
06037553901,Los Angeles,1964
06037553902,Los Angeles,1974
06037554001,Los Angeles,1954
06037554002,Los Angeles,1969
06037554101,Los Angeles,1959
06037554105,Los Angeles,1968
06037554106,Los Angeles,1965
06037554201,Los Angeles,1956
06037554203,Los Angeles,1963
06037554204,Los Angeles,1972
06037554301,Los Angeles,1974
06037554302,Los Angeles,1969
06037554403,Los Angeles,1981
06037554404,Los Angeles,1974
06037554405,Los Angeles,1966
06037554406,Los Angeles,1973
06037554511,Los Angeles,1975
06037554512,Los Angeles,1975
06037554513,Los Angeles,1975
06037554514,Los Angeles,1974
06037554515,Los Angeles,1974
06037554516,Los Angeles,1974
06037554517,Los Angeles,1975
06037554518,Los Angeles,1972
06037554519,Los Angeles,1976
06037554521,Los Angeles,1973
06037554522,Los Angeles,1970
06037554600,Los Angeles,1964
06037554700,Los Angeles,1958
06037554801,Los Angeles,1961
06037554802,Los Angeles,1965
06037554900,Los Angeles,1973
06037555001,Los Angeles,1964
06037555002,Los Angeles,1968
06037555105,Los Angeles,1974
06037555106,Los Angeles,1969
06037555107,Los Angeles,1966
06037555202,Los Angeles,1966
06037555211,Los Angeles,1964
06037555212,Los Angeles,1973
06037555300,Los Angeles,1956
06037570001,Los Angeles,1955
06037570002,Los Angeles,1946
06037570003,Los Angeles,1948
06037570100,Los Angeles,1957
06037570202,Los Angeles,1956
06037570203,Los Angeles,1977
06037570204,Los Angeles,1962
06037570303,Los Angeles,1963
06037570304,Los Angeles,1967
06037570305,Los Angeles,1973
06037570306,Los Angeles,1949
06037570402,Los Angeles,1949
06037570403,Los Angeles,1968
06037570404,Los Angeles,1951
06037570502,Los Angeles,1948
06037570503,Los Angeles,1947
06037570504,Los Angeles,1946
06037570601,Los Angeles,1954
06037570602,Los Angeles,1953
06037570603,Los Angeles,1965
06037570701,Los Angeles,1957
06037570703,Los Angeles,1957
06037570800,Los Angeles,-666666666
06037570901,Los Angeles,1957
06037570902,Los Angeles,1955
06037571000,Los Angeles,1956
06037571101,Los Angeles,-666666666
06037571102,Los Angeles,1954
06037571201,Los Angeles,1948
06037571202,Los Angeles,1956
06037571300,Los Angeles,1957
06037571400,Los Angeles,1956
06037571502,Los Angeles,1950
06037571504,Los Angeles,1949
06037571505,Los Angeles,1955
06037571600,Los Angeles,1958
06037571701,Los Angeles,1964
06037571703,Los Angeles,1961
06037571704,Los Angeles,1960
06037571800,Los Angeles,1959
06037571900,Los Angeles,1950
06037572001,Los Angeles,1938
06037572201,Los Angeles,1955
06037572202,Los Angeles,1947
06037572301,Los Angeles,1959
06037572500,Los Angeles,1972
06037572600,Los Angeles,1949
06037572700,Los Angeles,1948
06037573002,Los Angeles,1957
06037573003,Los Angeles,1944
06037573004,Los Angeles,1959
06037573101,Los Angeles,1948
06037573102,Los Angeles,1945
06037573201,Los Angeles,1958
06037573202,Los Angeles,1957
06037573300,Los Angeles,1957
06037573401,Los Angeles,1953
06037573402,Los Angeles,1976
06037573403,Los Angeles,1990
06037573601,Los Angeles,1946
06037573700,Los Angeles,1956
06037573800,Los Angeles,1956
06037573902,Los Angeles,1970
06037574000,Los Angeles,-666666666
06037574100,Los Angeles,1956
06037574201,Los Angeles,1956
06037574202,Los Angeles,1948
06037574300,Los Angeles,1956
06037574400,Los Angeles,1955
06037574500,Los Angeles,1956
06037574602,Los Angeles,1977
06037574800,Los Angeles,1959
06037574901,Los Angeles,1948
06037574902,Los Angeles,1974
06037575001,Los Angeles,1976
06037575002,Los Angeles,1963
06037575101,Los Angeles,1977
06037575102,Los Angeles,1968
06037575103,Los Angeles,1973
06037575201,Los Angeles,1950
06037575202,Los Angeles,1958
06037575300,Los Angeles,1967
06037575401,Los Angeles,1971
06037575402,Los Angeles,1985
06037575801,Los Angeles,1938
06037575802,Los Angeles,1958
06037575803,Los Angeles,1971
06037575901,Los Angeles,1983
06037575902,Los Angeles,1977
06037576001,Los Angeles,1990
06037576200,Los Angeles,1969
06037576301,Los Angeles,1985
06037576302,Los Angeles,1948
06037576401,Los Angeles,1972
06037576402,Los Angeles,1944
06037576403,Los Angeles,1971
06037576501,Los Angeles,1968
06037576502,Los Angeles,1966
06037576503,Los Angeles,1951
06037576601,Los Angeles,1954
06037576602,Los Angeles,1955
06037576700,Los Angeles,1954
06037576801,Los Angeles,1962
06037576802,Los Angeles,1964
06037576901,Los Angeles,1963
06037576903,Los Angeles,1970
06037576904,Los Angeles,1957
06037577000,Los Angeles,1975
06037577100,Los Angeles,1954
06037577200,Los Angeles,1955
06037577300,Los Angeles,1954
06037577400,Los Angeles,1950
06037577501,Los Angeles,1948
06037577504,Los Angeles,1965
06037577602,Los Angeles,1977
06037577604,Los Angeles,-666666666
06037577605,Los Angeles,1974
06037577606,Los Angeles,1951
06037577700,Los Angeles,1950
06037577800,Los Angeles,-666666666
06037577900,Los Angeles,1971
06037578000,Los Angeles,1977
06037578100,Los Angeles,-666666666
06037599000,Los Angeles,1943
06037599100,Los Angeles,1978
06037600100,Los Angeles,1947
06037600201,Los Angeles,1956
06037600202,Los Angeles,1964
06037600302,Los Angeles,1950
06037600303,Los Angeles,1962
06037600304,Los Angeles,1963
06037600400,Los Angeles,1951
06037600501,Los Angeles,1955
06037600601,Los Angeles,1955
06037600602,Los Angeles,1962
06037600702,Los Angeles,1955
06037600703,Los Angeles,1978
06037600704,Los Angeles,1948
06037600801,Los Angeles,1938
06037600802,Los Angeles,1948
06037600902,Los Angeles,1971
06037600911,Los Angeles,1952
06037600912,Los Angeles,1950
06037601001,Los Angeles,1969
06037601002,Los Angeles,1965
06037601100,Los Angeles,1957
06037601202,Los Angeles,1952
06037601211,Los Angeles,1968
06037601212,Los Angeles,1960
06037601301,Los Angeles,1946
06037601302,Los Angeles,1967
06037601303,Los Angeles,1973
06037601401,Los Angeles,1973
06037601402,Los Angeles,1949
06037601501,Los Angeles,1964
06037601502,Los Angeles,1958
06037601600,Los Angeles,1953
06037601700,Los Angeles,1962
06037601801,Los Angeles,1960
06037601802,Los Angeles,1957
06037601900,Los Angeles,1958
06037602002,Los Angeles,1959
06037602003,Los Angeles,1956
06037602103,Los Angeles,1973
06037602104,Los Angeles,1966
06037602105,Los Angeles,1970
06037602106,Los Angeles,1960
06037602201,Los Angeles,1990
06037602202,Los Angeles,1970
06037602301,Los Angeles,1953
06037602302,Los Angeles,1990
06037602402,Los Angeles,1960
06037602403,Los Angeles,1966
06037602404,Los Angeles,1968
06037602504,Los Angeles,1977
06037602505,Los Angeles,1975
06037602506,Los Angeles,1973
06037602507,Los Angeles,1984
06037602510,Los Angeles,1977
06037602511,Los Angeles,1975
06037602512,Los Angeles,1956
06037602513,Los Angeles,1970
06037602601,Los Angeles,1957
06037602602,Los Angeles,1959
06037602700,Los Angeles,1959
06037602801,Los Angeles,1978
06037602802,Los Angeles,1957
06037602900,Los Angeles,1966
06037603004,Los Angeles,1974
06037603005,Los Angeles,1979
06037603006,Los Angeles,1963
06037603007,Los Angeles,1965
06037603008,Los Angeles,1964
06037603101,Los Angeles,1972
06037603102,Los Angeles,1974
06037603200,Los Angeles,1968
06037603301,Los Angeles,1961
06037603302,Los Angeles,1972
06037603400,Los Angeles,1956
06037603500,Los Angeles,1954
06037603600,Los Angeles,1951
06037603702,Los Angeles,1954
06037603703,Los Angeles,1955
06037603705,Los Angeles,1979
06037603706,Los Angeles,1971
06037603801,Los Angeles,1972
06037603802,Los Angeles,1972
06037603901,Los Angeles,1969
06037603902,Los Angeles,1968
06037604001,Los Angeles,1960
06037604002,Los Angeles,1968
06037604101,Los Angeles,1964
06037604102,Los Angeles,1956
06037604200,Los Angeles,1950
06037609900,Los Angeles,1949
06037620001,Los Angeles,1957
06037620002,Los Angeles,1976
06037620101,Los Angeles,1966
06037620102,Los Angeles,1963
06037620201,Los Angeles,1970
06037620301,Los Angeles,1960
06037620303,Los Angeles,1969
06037620305,Los Angeles,1968
06037620400,Los Angeles,1975
06037620501,Los Angeles,1967
06037620521,Los Angeles,1975
06037620522,Los Angeles,1975
06037620601,Los Angeles,1974
06037620602,Los Angeles,1972
06037620701,Los Angeles,1976
06037620703,Los Angeles,1982
06037620704,Los Angeles,1977
06037620801,Los Angeles,1983
06037620802,Los Angeles,1968
06037620901,Los Angeles,1966
06037620904,Los Angeles,1973
06037621001,Los Angeles,1971
06037621005,Los Angeles,1962
06037621102,Los Angeles,1974
06037621104,Los Angeles,1968
06037621201,Los Angeles,1974
06037621204,Los Angeles,1976
06037621301,Los Angeles,1973
06037621324,Los Angeles,1973
06037621326,Los Angeles,1968
06037621400,Los Angeles,1962
06037650001,Los Angeles,1959
06037650003,Los Angeles,1960
06037650004,Los Angeles,1964
06037650101,Los Angeles,1961
06037650102,Los Angeles,1956
06037650200,Los Angeles,1958
06037650300,Los Angeles,1962
06037650401,Los Angeles,1957
06037650501,Los Angeles,-666666666
06037650502,Los Angeles,1959
06037650603,Los Angeles,1964
06037650604,Los Angeles,1968
06037650605,Los Angeles,1967
06037650606,Los Angeles,1969
06037650607,Los Angeles,1975
06037650701,Los Angeles,1957
06037650702,Los Angeles,1957
06037650801,Los Angeles,1983
06037650802,Los Angeles,1980
06037650901,Los Angeles,1958
06037650903,Los Angeles,1959
06037650904,Los Angeles,1981
06037651001,Los Angeles,1965
06037651002,Los Angeles,1963
06037651101,Los Angeles,1967
06037651102,Los Angeles,1964
06037651201,Los Angeles,1955
06037651221,Los Angeles,1972
06037651222,Los Angeles,1967
06037651302,Los Angeles,1957
06037651304,Los Angeles,1961
06037651401,Los Angeles,1963
06037651402,Los Angeles,1967
06037670001,Los Angeles,1971
06037670002,Los Angeles,1963
06037670003,Los Angeles,1960
06037670101,Los Angeles,1962
06037670102,Los Angeles,1974
06037670201,Los Angeles,1970
06037670202,Los Angeles,1957
06037670324,Los Angeles,1959
06037670326,Los Angeles,1969
06037670328,Los Angeles,1968
06037670405,Los Angeles,1975
06037670406,Los Angeles,1979
06037670407,Los Angeles,1974
06037670413,Los Angeles,1967
06037670416,Los Angeles,1970
06037670417,Los Angeles,1964
06037670418,Los Angeles,1960
06037670500,Los Angeles,1960
06037670603,Los Angeles,1973
06037670604,Los Angeles,1967
06037670701,Los Angeles,1964
06037670702,Los Angeles,1962
06037700101,Los Angeles,1967
06037700102,Los Angeles,1970
06037700200,Los Angeles,1956
06037700300,Los Angeles,1967
06037700400,Los Angeles,1964
06037700501,Los Angeles,1967
06037700502,Los Angeles,1967
06037700600,Los Angeles,1963
06037700700,Los Angeles,1955
06037700801,Los Angeles,1972
06037700802,Los Angeles,1962
06037700901,Los Angeles,1953
06037700902,Los Angeles,1955
06037701000,Los Angeles,1945
06037701201,Los Angeles,1946
06037701202,Los Angeles,1968
06037701302,Los Angeles,1966
06037701304,Los Angeles,1963
06037701402,Los Angeles,1969
06037701501,Los Angeles,1968
06037701502,Los Angeles,1970
06037701601,Los Angeles,1960
06037701602,Los Angeles,1972
06037701701,Los Angeles,1972
06037701702,Los Angeles,1972
06037701801,Los Angeles,1971
06037701802,Los Angeles,1968
06037701902,Los Angeles,2005
06037702002,Los Angeles,1967
06037702102,Los Angeles,1967
06037702201,Los Angeles,1959
06037702202,Los Angeles,1957
06037702300,Los Angeles,1952
06037702400,Los Angeles,1964
06037702501,Los Angeles,1953
06037702502,Los Angeles,1974
06037702600,Los Angeles,1955
06037702700,Los Angeles,1950
06037702801,Los Angeles,1970
06037702802,Los Angeles,1958
06037702803,Los Angeles,1960
06037702900,Los Angeles,1984
06037703002,Los Angeles,1961
06037703003,Los Angeles,1971
06037703100,Los Angeles,1947
06037703200,Los Angeles,1945
06037800101,Los Angeles,1973
06037800103,Los Angeles,1992
06037800104,Los Angeles,1964
06037800202,Los Angeles,1989
06037800204,Los Angeles,1978
06037800205,Los Angeles,1985
06037800206,Los Angeles,1986
06037800324,Los Angeles,1980
06037800325,Los Angeles,1966
06037800328,Los Angeles,1977
06037800333,Los Angeles,1977
06037800334,Los Angeles,1976
06037800335,Los Angeles,1987
06037800336,Los Angeles,1979
06037800337,Los Angeles,1987
06037800338,Los Angeles,1982
06037800406,Los Angeles,1984
06037800410,Los Angeles,1985
06037800411,Los Angeles,1985
06037800412,Los Angeles,1977
06037800504,Los Angeles,1971
06037800506,Los Angeles,1969
06037900102,Los Angeles,1959
06037900103,Los Angeles,1983
06037900104,Los Angeles,1983
06037900301,Los Angeles,2002
06037900501,Los Angeles,1980
06037900504,Los Angeles,1997
06037900505,Los Angeles,1983
06037900506,Los Angeles,1987
06037900508,Los Angeles,1999
06037900509,Los Angeles,1984
06037900510,Los Angeles,1986
06037900602,Los Angeles,1976
06037900606,Los Angeles,1976
06037900607,Los Angeles,1966
06037900608,Los Angeles,1980
06037900609,Los Angeles,1989
06037900610,Los Angeles,1986
06037900611,Los Angeles,1992
06037900701,Los Angeles,1961
06037900703,Los Angeles,1977
06037900704,Los Angeles,1990
06037900705,Los Angeles,1983
06037900804,Los Angeles,1966
06037900805,Los Angeles,1959
06037900806,Los Angeles,1981
06037900807,Los Angeles,1995
06037900808,Los Angeles,1979
06037900901,Los Angeles,2003
06037900902,Los Angeles,1989
06037901003,Los Angeles,-666666666
06037901007,Los Angeles,1973
06037901008,Los Angeles,1992
06037901009,Los Angeles,1983
06037901010,Los Angeles,1983
06037901011,Los Angeles,1985
06037901012,Los Angeles,2006
06037901013,Los Angeles,1998
06037901014,Los Angeles,2002
06037901101,Los Angeles,1983
06037901102,Los Angeles,1984
06037901209,Los Angeles,1991
06037901210,Los Angeles,1984
06037901214,Los Angeles,2003
06037901215,Los Angeles,1984
06037901216,Los Angeles,2003
06037901217,Los Angeles,1974
06037901218,Los Angeles,1999
06037901300,Los Angeles,1966
06037910002,Los Angeles,1982
06037910210,Los Angeles,2002
06037910211,Los Angeles,2006
06037910212,Los Angeles,1977
06037910213,Los Angeles,1982
06037910214,Los Angeles,1996
06037910215,Los Angeles,1985
06037910216,Los Angeles,1994
06037910217,Los Angeles,2007
06037910218,Los Angeles,1988
06037910301,Los Angeles,1978
06037910302,Los Angeles,1994
06037910401,Los Angeles,1989
06037910404,Los Angeles,1985
06037910405,Los Angeles,1976
06037910501,Los Angeles,1979
06037910502,Los Angeles,1974
06037910504,Los Angeles,1984
06037910505,Los Angeles,1986
06037910601,Los Angeles,1968
06037910602,Los Angeles,1987
06037910605,Los Angeles,1985
06037910606,Los Angeles,1984
06037910607,Los Angeles,1986
06037910608,Los Angeles,1980
06037910706,Los Angeles,1998
06037910707,Los Angeles,1990
06037910709,Los Angeles,1984
06037910712,Los Angeles,1994
06037910713,Los Angeles,1988
06037910714,Los Angeles,1984
06037910715,Los Angeles,1987
06037910716,Los Angeles,1992
06037910717,Los Angeles,2003
06037910718,Los Angeles,1996
06037910719,Los Angeles,2004
06037910720,Los Angeles,1988
06037910721,Los Angeles,1993
06037910804,Los Angeles,1988
06037910807,Los Angeles,1985
06037910808,Los Angeles,1979
06037910809,Los Angeles,1986
06037910810,Los Angeles,1996
06037910814,Los Angeles,1978
06037910815,Los Angeles,1985
06037911001,Los Angeles,1973
06037911100,Los Angeles,1984
06037920013,Los Angeles,1989
06037920015,Los Angeles,1989
06037920016,Los Angeles,1997
06037920017,Los Angeles,1967
06037920018,Los Angeles,-666666666
06037920020,Los Angeles,1977
06037920028,Los Angeles,2005
06037920029,Los Angeles,1982
06037920030,Los Angeles,1987
06037920031,Los Angeles,1978
06037920034,Los Angeles,2003
06037920035,Los Angeles,1981
06037920038,Los Angeles,1984
06037920039,Los Angeles,1980
06037920040,Los Angeles,1984
06037920041,Los Angeles,2002
06037920042,Los Angeles,1994
06037920043,Los Angeles,2008
06037920044,Los Angeles,1979
06037920045,Los Angeles,1985
06037920046,Los Angeles,1985
06037920047,Los Angeles,1988
06037920048,Los Angeles,1968
06037920049,Los Angeles,2002
06037920050,Los Angeles,1960
06037920102,Los Angeles,1986
06037920104,Los Angeles,1988
06037920106,Los Angeles,1989
06037920109,Los Angeles,1999
06037920110,Los Angeles,-666666666
06037920111,Los Angeles,1976
06037920112,Los Angeles,1980
06037920114,Los Angeles,2002
06037920115,Los Angeles,1991
06037920116,Los Angeles,1993
06037920118,Los Angeles,1991
06037920119,Los Angeles,2004
06037920120,Los Angeles,-666666666
06037920121,Los Angeles,2011
06037920200,Los Angeles,-666666666
06037920303,Los Angeles,1989
06037920312,Los Angeles,1975
06037920313,Los Angeles,1972
06037920314,Los Angeles,1989
06037920322,Los Angeles,1966
06037920326,Los Angeles,1999
06037920328,Los Angeles,2002
06037920329,Los Angeles,1985
06037920330,Los Angeles,1985
06037920331,Los Angeles,1976
06037920332,Los Angeles,1987
06037920334,Los Angeles,1977
06037920338,Los Angeles,1996
06037920339,Los Angeles,2004
06037920340,Los Angeles,1972
06037920341,Los Angeles,1972
06037920342,Los Angeles,1985
06037920343,Los Angeles,1991
06037930400,Los Angeles,1975
06037980001,Los Angeles,-666666666
06037980002,Los Angeles,-666666666
06037980003,Los Angeles,-666666666
06037980004,Los Angeles,-666666666
06037980005,Los Angeles,-666666666
06037980006,Los Angeles,-666666666
06037980007,Los Angeles,-666666666
06037980008,Los Angeles,-666666666
06037980009,Los Angeles,-666666666
06037980010,Los Angeles,1992
06037980011,Los Angeles,-666666666
06037980012,Los Angeles,-666666666
06037980013,Los Angeles,-666666666
06037980014,Los Angeles,-666666666
06037980015,Los Angeles,2011
06037980016,Los Angeles,2012
06037980017,Los Angeles,1954
06037980018,Los Angeles,-666666666
06037980019,Los Angeles,1973
06037980020,Los Angeles,-666666666
06037980021,Los Angeles,-666666666
06037980022,Los Angeles,-666666666
06037980023,Los Angeles,-666666666
06037980024,Los Angeles,1955
06037980025,Los Angeles,1968
06037980026,Los Angeles,-666666666
06037980028,Los Angeles,-666666666
06037980030,Los Angeles,-666666666
06037980031,Los Angeles,-666666666
06037980033,Los Angeles,-666666666
06037980034,Los Angeles,-666666666
06037980035,Los Angeles,1962
06037980036,Los Angeles,1967
06037980037,Los Angeles,-666666666
06037980038,Los Angeles,-666666666
06037980039,Los Angeles,-666666666
06037990100,Los Angeles,-666666666
06037990200,Los Angeles,-666666666
06037990300,Los Angeles,-666666666
06073000100,San Diego,1938
06073000201,San Diego,1961
06073000202,San Diego,1962
06073000301,San Diego,1971
06073000302,San Diego,1974
06073000400,San Diego,1985
06073000500,San Diego,1963
06073000600,San Diego,1980
06073000700,San Diego,1974
06073000800,San Diego,1977
06073000901,San Diego,1984
06073000902,San Diego,1977
06073001000,San Diego,1976
06073001100,San Diego,1974
06073001201,San Diego,1972
06073001202,San Diego,1980
06073001301,San Diego,1983
06073001302,San Diego,1974
06073001400,San Diego,1959
06073001500,San Diego,1968
06073001600,San Diego,1975
06073001700,San Diego,1970
06073001801,San Diego,1970
06073001802,San Diego,1977
06073001900,San Diego,1942
06073002001,San Diego,1938
06073002002,San Diego,1948
06073002100,San Diego,1964
06073002201,San Diego,1970
06073002202,San Diego,1977
06073002301,San Diego,1972
06073002302,San Diego,1981
06073002401,San Diego,1975
06073002402,San Diego,1974
06073002501,San Diego,1962
06073002502,San Diego,1962
06073002601,San Diego,1960
06073002602,San Diego,1974
06073002702,San Diego,1975
06073002703,San Diego,1971
06073002705,San Diego,1972
06073002707,San Diego,1972
06073002708,San Diego,1974
06073002709,San Diego,1967
06073002710,San Diego,1976
06073002711,San Diego,1977
06073002712,San Diego,1972
06073002801,San Diego,1970
06073002803,San Diego,1972
06073002804,San Diego,1955
06073002902,San Diego,1960
06073002903,San Diego,1957
06073002904,San Diego,1977
06073002905,San Diego,1971
06073003001,San Diego,1968
06073003003,San Diego,1966
06073003004,San Diego,1964
06073003101,San Diego,1957
06073003103,San Diego,1967
06073003105,San Diego,1959
06073003107,San Diego,1970
06073003108,San Diego,1964
06073003109,San Diego,1985
06073003111,San Diego,1978
06073003112,San Diego,1984
06073003113,San Diego,1980
06073003114,San Diego,1984
06073003115,San Diego,1977
06073003201,San Diego,1978
06073003202,San Diego,1957
06073003204,San Diego,1968
06073003207,San Diego,1979
06073003208,San Diego,1981
06073003209,San Diego,1984
06073003211,San Diego,1957
06073003212,San Diego,1972
06073003213,San Diego,1985
06073003214,San Diego,1982
06073003301,San Diego,1973
06073003303,San Diego,1980
06073003304,San Diego,1980
06073003305,San Diego,1978
06073003401,San Diego,1971
06073003403,San Diego,1960
06073003404,San Diego,1959
06073003501,San Diego,1970
06073003502,San Diego,1972
06073003601,San Diego,1977
06073003602,San Diego,1967
06073003603,San Diego,1962
06073003800,San Diego,-666666666
06073003901,San Diego,1967
06073003902,San Diego,1961
06073004000,San Diego,1964
06073004101,San Diego,1983
06073004102,San Diego,1964
06073004200,San Diego,1956
06073004300,San Diego,1938
06073004400,San Diego,1938
06073004501,San Diego,1958
06073004600,San Diego,1938
06073004700,San Diego,1938
06073004800,San Diego,1950
06073004900,San Diego,1961
06073005000,San Diego,1962
06073005101,San Diego,2012
06073005102,San Diego,2010
06073005103,San Diego,2007
06073005201,San Diego,2012
06073005202,San Diego,2005
06073005301,San Diego,2005
06073005302,San Diego,1987
06073005401,San Diego,2005
06073005402,San Diego,2005
06073005403,San Diego,1998
06073005500,San Diego,-666666666
06073005601,San Diego,2004
06073005602,San Diego,2002
06073005700,San Diego,1959
06073005801,San Diego,2007
06073005802,San Diego,2006
06073005900,San Diego,1955
06073006000,San Diego,1976
06073006100,San Diego,1976
06073006200,San Diego,-666666666
06073006300,San Diego,-666666666
06073006500,San Diego,1979
06073006600,San Diego,2006
06073006801,San Diego,1970
06073006802,San Diego,1979
06073006900,San Diego,1952
06073007002,San Diego,1952
06073007100,San Diego,1959
06073007200,San Diego,1955
06073007302,San Diego,1953
06073007303,San Diego,1964
06073007304,San Diego,1964
06073007401,San Diego,1978
06073007402,San Diego,1958
06073007501,San Diego,1965
06073007502,San Diego,1964
06073007601,San Diego,1973
06073007602,San Diego,1966
06073007701,San Diego,1976
06073007702,San Diego,1973
06073007800,San Diego,1974
06073007905,San Diego,1973
06073007907,San Diego,1978
06073007908,San Diego,1972
06073007910,San Diego,1975
06073007911,San Diego,1975
06073007912,San Diego,1972
06073008002,San Diego,1962
06073008003,San Diego,1973
06073008006,San Diego,1976
06073008101,San Diego,1975
06073008102,San Diego,1955
06073008201,San Diego,1974
06073008202,San Diego,1969
06073008301,San Diego,1968
06073008303,San Diego,1973
06073008305,San Diego,1977
06073008306,San Diego,1967
06073008307,San Diego,1967
06073008310,San Diego,1977
06073008311,San Diego,1961
06073008312,San Diego,1974
06073008313,San Diego,1972
06073008324,San Diego,1976
06073008327,San Diego,1988
06073008328,San Diego,2009
06073008330,San Diego,1991
06073008331,San Diego,1985
06073008336,San Diego,1983
06073008337,San Diego,1977
06073008339,San Diego,1979
06073008343,San Diego,1978
06073008344,San Diego,1974
06073008345,San Diego,1976
06073008346,San Diego,1995
06073008347,San Diego,1984
06073008348,San Diego,1986
06073008349,San Diego,1976
06073008350,San Diego,1986
06073008351,San Diego,1982
06073008352,San Diego,1976
06073008353,San Diego,1977
06073008355,San Diego,1988
06073008356,San Diego,1981
06073008357,San Diego,1983
06073008358,San Diego,1977
06073008359,San Diego,1984
06073008360,San Diego,1979
06073008361,San Diego,1982
06073008362,San Diego,1976
06073008363,San Diego,1990
06073008364,San Diego,1986
06073008365,San Diego,1992
06073008366,San Diego,1996
06073008367,San Diego,2004
06073008368,San Diego,1989
06073008369,San Diego,2005
06073008370,San Diego,1989
06073008371,San Diego,2006
06073008372,San Diego,2005
06073008373,San Diego,2000
06073008374,San Diego,2005
06073008375,San Diego,1991
06073008376,San Diego,1999
06073008377,San Diego,1992
06073008378,San Diego,2001
06073008379,San Diego,2000
06073008380,San Diego,2012
06073008381,San Diego,1996
06073008501,San Diego,1960
06073008502,San Diego,1957
06073008503,San Diego,1971
06073008504,San Diego,1960
06073008505,San Diego,1962
06073008506,San Diego,1965
06073008507,San Diego,1969
06073008509,San Diego,1969
06073008510,San Diego,1972
06073008511,San Diego,2007
06073008512,San Diego,1962
06073008513,San Diego,1976
06073008600,San Diego,1967
06073008701,San Diego,1976
06073008702,San Diego,1969
06073008800,San Diego,1972
06073008901,San Diego,1983
06073008902,San Diego,1987
06073009000,San Diego,1970
06073009101,San Diego,1965
06073009102,San Diego,1973
06073009103,San Diego,1958
06073009104,San Diego,1958
06073009107,San Diego,1982
06073009108,San Diego,1960
06073009109,San Diego,1976
06073009201,San Diego,1998
06073009203,San Diego,2014
06073009204,San Diego,1968
06073009301,San Diego,1968
06073009305,San Diego,1986
06073009306,San Diego,1992
06073009307,San Diego,1996
06073009308,San Diego,1994
06073009400,San Diego,1994
06073009502,San Diego,1975
06073009504,San Diego,2008
06073009505,San Diego,1987
06073009506,San Diego,1975
06073009507,San Diego,1982
06073009509,San Diego,1995
06073009510,San Diego,1991
06073009511,San Diego,1982
06073009602,San Diego,1963
06073009603,San Diego,1980
06073009604,San Diego,1959
06073009703,San Diego,1957
06073009704,San Diego,1974
06073009705,San Diego,1970
06073009706,San Diego,1968
06073009801,San Diego,1969
06073009802,San Diego,1966
06073009804,San Diego,1966
06073009805,San Diego,1976
06073009901,San Diego,-666666666
06073009902,San Diego,-666666666
06073010001,San Diego,1978
06073010003,San Diego,1973
06073010004,San Diego,1971
06073010005,San Diego,1973
06073010009,San Diego,1989
06073010010,San Diego,1977
06073010011,San Diego,1968
06073010012,San Diego,1983
06073010013,San Diego,1977
06073010015,San Diego,2010
06073010016,San Diego,-666666666
06073010017,San Diego,2007
06073010018,San Diego,2004
06073010019,San Diego,2009
06073010103,San Diego,1970
06073010104,San Diego,1970
06073010106,San Diego,1979
06073010107,San Diego,1977
06073010109,San Diego,1980
06073010110,San Diego,1979
06073010111,San Diego,1982
06073010112,San Diego,1983
06073010201,San Diego,1972
06073010202,San Diego,1967
06073010300,San Diego,1960
06073010401,San Diego,1970
06073010402,San Diego,1975
06073010501,San Diego,1958
06073010502,San Diego,1977
06073010601,San Diego,1980
06073010800,San Diego,1963
06073010900,San Diego,1960
06073011000,San Diego,1974
06073011100,San Diego,1958
06073011300,San Diego,1972
06073011601,San Diego,1966
06073011602,San Diego,1959
06073011700,San Diego,1981
06073011801,San Diego,1950
06073011802,San Diego,1972
06073011902,San Diego,1965
06073012002,San Diego,1971
06073012003,San Diego,1972
06073012101,San Diego,1951
06073012102,San Diego,1966
06073012200,San Diego,1965
06073012302,San Diego,1975
06073012303,San Diego,1974
06073012304,San Diego,1960
06073012401,San Diego,1970
06073012402,San Diego,1963
06073012501,San Diego,1968
06073012502,San Diego,1979
06073012600,San Diego,1961
06073012700,San Diego,1971
06073012800,San Diego,1958
06073012900,San Diego,1956
06073013000,San Diego,1964
06073013102,San Diego,1971
06073013103,San Diego,1974
06073013104,San Diego,1968
06073013203,San Diego,1972
06073013204,San Diego,1972
06073013205,San Diego,1973
06073013206,San Diego,1972
06073013301,San Diego,1958
06073013302,San Diego,1963
06073013303,San Diego,1967
06073013306,San Diego,1967
06073013307,San Diego,1971
06073013308,San Diego,1975
06073013309,San Diego,1982
06073013312,San Diego,1972
06073013315,San Diego,1994
06073013316,San Diego,2001
06073013317,San Diego,2014
06073013318,San Diego,-666666666
06073013319,San Diego,2013
06073013320,San Diego,2006
06073013321,San Diego,2007
06073013322,San Diego,2005
06073013323,San Diego,2005
06073013324,San Diego,2006
06073013325,San Diego,2002
06073013326,San Diego,2004
06073013327,San Diego,2001
06073013401,San Diego,1965
06073013409,San Diego,1976
06073013411,San Diego,1978
06073013412,San Diego,1987
06073013414,San Diego,1990
06073013415,San Diego,1981
06073013416,San Diego,1979
06073013417,San Diego,1987
06073013418,San Diego,1985
06073013420,San Diego,1994
06073013421,San Diego,1994
06073013422,San Diego,1978
06073013423,San Diego,2004
06073013424,San Diego,2002
06073013425,San Diego,2004
06073013503,San Diego,1974
06073013504,San Diego,1984
06073013505,San Diego,1977
06073013506,San Diego,1979
06073013601,San Diego,1970
06073013604,San Diego,1985
06073013605,San Diego,1978
06073013607,San Diego,1984
06073013608,San Diego,1989
06073013701,San Diego,1968
06073013702,San Diego,1979
06073013801,San Diego,1968
06073013802,San Diego,1977
06073013903,San Diego,1972
06073013905,San Diego,1980
06073013906,San Diego,1973
06073013907,San Diego,1978
06073013908,San Diego,1974
06073013909,San Diego,1977
06073014001,San Diego,1960
06073014002,San Diego,1971
06073014101,San Diego,1954
06073014102,San Diego,1972
06073014200,San Diego,1960
06073014300,San Diego,1966
06073014400,San Diego,1984
06073014500,San Diego,1959
06073014601,San Diego,1978
06073014602,San Diego,1967
06073014701,San Diego,1963
06073014702,San Diego,1956
06073014803,San Diego,1972
06073014804,San Diego,1970
06073014805,San Diego,1977
06073014806,San Diego,1975
06073014901,San Diego,1971
06073014902,San Diego,1960
06073015001,San Diego,1959
06073015002,San Diego,1990
06073015100,San Diego,1960
06073015200,San Diego,1958
06073015301,San Diego,1960
06073015302,San Diego,1966
06073015403,San Diego,1971
06073015405,San Diego,1976
06073015406,San Diego,1989
06073015407,San Diego,1977
06073015408,San Diego,1980
06073015501,San Diego,1979
06073015502,San Diego,1985
06073015601,San Diego,1972
06073015602,San Diego,1972
06073015701,San Diego,1977
06073015704,San Diego,1974
06073015705,San Diego,1978
06073015706,San Diego,1975
06073015801,San Diego,1980
06073015802,San Diego,1972
06073015901,San Diego,1974
06073015902,San Diego,1974
06073016000,San Diego,1963
06073016100,San Diego,1964
06073016201,San Diego,1970
06073016202,San Diego,1977
06073016301,San Diego,1978
06073016302,San Diego,1972
06073016401,San Diego,1964
06073016403,San Diego,1968
06073016404,San Diego,1972
06073016502,San Diego,1976
06073016503,San Diego,1978
06073016504,San Diego,1982
06073016606,San Diego,1976
06073016607,San Diego,1980
06073016608,San Diego,1976
06073016609,San Diego,1979
06073016610,San Diego,1976
06073016613,San Diego,1967
06073016614,San Diego,1971
06073016615,San Diego,1996
06073016616,San Diego,1982
06073016617,San Diego,1978
06073016618,San Diego,1979
06073016619,San Diego,1985
06073016620,San Diego,1974
06073016621,San Diego,1982
06073016703,San Diego,1982
06073016704,San Diego,1979
06073016705,San Diego,1977
06073016706,San Diego,1968
06073016804,San Diego,1979
06073016806,San Diego,1977
06073016807,San Diego,1977
06073016809,San Diego,1982
06073016810,San Diego,1979
06073016811,San Diego,1980
06073016812,San Diego,1993
06073016813,San Diego,1987
06073016901,San Diego,1975
06073016902,San Diego,1988
06073017006,San Diego,1973
06073017009,San Diego,1979
06073017010,San Diego,1978
06073017014,San Diego,1970
06073017018,San Diego,1988
06073017020,San Diego,1981
06073017021,San Diego,1986
06073017022,San Diego,1977
06073017031,San Diego,1976
06073017033,San Diego,1984
06073017034,San Diego,1977
06073017035,San Diego,1985
06073017036,San Diego,1983
06073017037,San Diego,1983
06073017039,San Diego,1994
06073017040,San Diego,1975
06073017041,San Diego,1978
06073017043,San Diego,1997
06073017044,San Diego,1995
06073017045,San Diego,1995
06073017046,San Diego,1988
06073017047,San Diego,1983
06073017048,San Diego,1979
06073017049,San Diego,1975
06073017050,San Diego,1976
06073017051,San Diego,1985
06073017052,San Diego,1986
06073017053,San Diego,1983
06073017054,San Diego,1980
06073017055,San Diego,1992
06073017056,San Diego,1987
06073017057,San Diego,1973
06073017058,San Diego,1990
06073017059,San Diego,1975
06073017060,San Diego,1984
06073017061,San Diego,1991
06073017062,San Diego,2003
06073017063,San Diego,1987
06073017064,San Diego,2006
06073017065,San Diego,2013
06073017066,San Diego,2004
06073017067,San Diego,1997
06073017068,San Diego,1995
06073017069,San Diego,1985
06073017070,San Diego,2005
06073017071,San Diego,1996
06073017104,San Diego,1980
06073017106,San Diego,1979
06073017107,San Diego,-666666666
06073017108,San Diego,1979
06073017109,San Diego,1992
06073017111,San Diego,1991
06073017112,San Diego,2003
06073017113,San Diego,2005
06073017201,San Diego,1972
06073017202,San Diego,1966
06073017303,San Diego,1970
06073017305,San Diego,1975
06073017306,San Diego,1983
06073017307,San Diego,1976
06073017308,San Diego,1976
06073017403,San Diego,1979
06073017405,San Diego,1973
06073017406,San Diego,1981
06073017407,San Diego,1979
06073017408,San Diego,1979
06073017501,San Diego,1974
06073017502,San Diego,1981
06073017601,San Diego,1988
06073017603,San Diego,1978
06073017605,San Diego,1996
06073017606,San Diego,1982
06073017701,San Diego,1978
06073017702,San Diego,1977
06073017801,San Diego,1979
06073017808,San Diego,1992
06073017809,San Diego,1974
06073017810,San Diego,1978
06073017811,San Diego,1986
06073017813,San Diego,1998
06073017901,San Diego,1977
06073017902,San Diego,1981
06073018000,San Diego,1978
06073018101,San Diego,1963
06073018102,San Diego,1967
06073018201,San Diego,1969
06073018202,San Diego,1977
06073018301,San Diego,1977
06073018302,San Diego,1984
06073018400,San Diego,1983
06073018504,San Diego,1977
06073018509,San Diego,1976
06073018510,San Diego,1976
06073018511,San Diego,1980
06073018512,San Diego,1974
06073018515,San Diego,1985
06073018516,San Diego,1986
06073018517,San Diego,1978
06073018518,San Diego,1970
06073018519,San Diego,1975
06073018520,San Diego,1984
06073018521,San Diego,2001
06073018522,San Diego,2002
06073018523,San Diego,1991
06073018524,San Diego,1995
06073018525,San Diego,1993
06073018601,San Diego,1991
06073018608,San Diego,1987
06073018609,San Diego,1985
06073018612,San Diego,1987
06073018613,San Diego,1991
06073018615,San Diego,1969
06073018616,San Diego,1993
06073018617,San Diego,1994
06073018618,San Diego,1978
06073018619,San Diego,2005
06073018620,San Diego,1980
06073018621,San Diego,1972
06073018622,San Diego,1986
06073018700,San Diego,2000
06073018801,San Diego,1982
06073018803,San Diego,1988
06073018804,San Diego,1991
06073018805,San Diego,1982
06073018903,San Diego,1976
06073018904,San Diego,1979
06073018905,San Diego,1981
06073018906,San Diego,1982
06073019001,San Diego,1989
06073019002,San Diego,2011
06073019103,San Diego,1988
06073019105,San Diego,1989
06073019107,San Diego,1987
06073019108,San Diego,1994
06073019109,San Diego,1995
06073019110,San Diego,1984
06073019111,San Diego,1985
06073019203,San Diego,1980
06073019205,San Diego,1979
06073019206,San Diego,1982
06073019208,San Diego,1979
06073019209,San Diego,1986
06073019210,San Diego,1982
06073019301,San Diego,1992
06073019303,San Diego,1986
06073019304,San Diego,1984
06073019305,San Diego,1984
06073019403,San Diego,1989
06073019404,San Diego,1973
06073019405,San Diego,1985
06073019406,San Diego,1975
06073019501,San Diego,1983
06073019502,San Diego,1975
06073019503,San Diego,1981
06073019601,San Diego,1972
06073019602,San Diego,1975
06073019701,San Diego,1993
06073019702,San Diego,1976
06073019803,San Diego,1989
06073019804,San Diego,1981
06073019805,San Diego,1979
06073019808,San Diego,1988
06073019809,San Diego,1985
06073019810,San Diego,1993
06073019811,San Diego,2005
06073019902,San Diego,1978
06073019903,San Diego,1986
06073019904,San Diego,1986
06073019905,San Diego,1989
06073020015,San Diego,1983
06073020017,San Diego,1986
06073020019,San Diego,1987
06073020021,San Diego,1993
06073020023,San Diego,1979
06073020024,San Diego,1977
06073020025,San Diego,1982
06073020026,San Diego,1984
06073020028,San Diego,1983
06073020029,San Diego,1994
06073020030,San Diego,2004
06073020031,San Diego,2001
06073020032,San Diego,1990
06073020033,San Diego,1983
06073020034,San Diego,1981
06073020035,San Diego,1984
06073020036,San Diego,1977
06073020037,San Diego,1984
06073020038,San Diego,2003
06073020039,San Diego,1997
06073020040,San Diego,2000
06073020041,San Diego,1987
06073020042,San Diego,2003
06073020043,San Diego,2007
06073020044,San Diego,2003
06073020105,San Diego,1979
06073020106,San Diego,1981
06073020107,San Diego,1988
06073020108,San Diego,1981
06073020109,San Diego,1976
06073020110,San Diego,1987
06073020111,San Diego,1983
06073020202,San Diego,1975
06073020206,San Diego,1969
06073020207,San Diego,1974
06073020208,San Diego,1968
06073020209,San Diego,1978
06073020210,San Diego,1982
06073020211,San Diego,1978
06073020213,San Diego,1975
06073020214,San Diego,1988
06073020304,San Diego,1989
06073020305,San Diego,1985
06073020308,San Diego,1985
06073020309,San Diego,1984
06073020310,San Diego,2002
06073020311,San Diego,1999
06073020312,San Diego,1982
06073020313,San Diego,1984
06073020401,San Diego,1980
06073020403,San Diego,1976
06073020404,San Diego,1988
06073020405,San Diego,1984
06073020500,San Diego,1961
06073020601,San Diego,1973
06073020602,San Diego,1973
06073020705,San Diego,1974
06073020706,San Diego,1980
06073020707,San Diego,1981
06073020708,San Diego,1982
06073020710,San Diego,1986
06073020711,San Diego,1995
06073020712,San Diego,1981
06073020801,San Diego,1988
06073020805,San Diego,1977
06073020806,San Diego,1983
06073020807,San Diego,1995
06073020810,San Diego,1988
06073020811,San Diego,1985
06073020812,San Diego,1985
06073020813,San Diego,1979
06073020902,San Diego,1974
06073020903,San Diego,1985
06073020904,San Diego,1979
06073021001,San Diego,1990
06073021002,San Diego,1979
06073021101,San Diego,1980
06073021102,San Diego,1980
06073021202,San Diego,1984
06073021204,San Diego,1988
06073021205,San Diego,1982
06073021206,San Diego,1992
06073021302,San Diego,1983
06073021304,San Diego,1985
06073021305,San Diego,1989
06073021306,San Diego,2004
06073021401,San Diego,1977
06073021402,San Diego,1959
06073021501,San Diego,1996
06073021502,San Diego,2009
06073021600,San Diego,1976
06073021800,San Diego,1960
06073021900,San Diego,1971
06073022000,San Diego,1968
06073022101,San Diego,2000
06073022102,San Diego,2002
06073990100,San Diego,-666666666
06075010101,San Francisco,1973
06075010102,San Francisco,2001
06075010201,San Francisco,1938
06075010202,San Francisco,1961
06075010300,San Francisco,1938
06075010401,San Francisco,1938
06075010402,San Francisco,1946
06075010500,San Francisco,1979
06075010600,San Francisco,1938
06075010701,San Francisco,1938
06075010702,San Francisco,1938
06075010800,San Francisco,1938
06075010901,San Francisco,1938
06075010902,San Francisco,1938
06075011001,San Francisco,1938
06075011002,San Francisco,1938
06075011101,San Francisco,1938
06075011102,San Francisco,1938
06075011200,San Francisco,1938
06075011300,San Francisco,1938
06075011700,San Francisco,1938
06075011800,San Francisco,1938
06075011901,San Francisco,1961
06075011902,San Francisco,1938
06075012001,San Francisco,1938
06075012002,San Francisco,1945
06075012100,San Francisco,1938
06075012202,San Francisco,1938
06075012203,San Francisco,1938
06075012204,San Francisco,1938
06075012301,San Francisco,1938
06075012302,San Francisco,1938
06075012403,San Francisco,1938
06075012404,San Francisco,1938
06075012405,San Francisco,1980
06075012406,San Francisco,1972
06075012502,San Francisco,1938
06075012503,San Francisco,1938
06075012504,San Francisco,1959
06075012601,San Francisco,1938
06075012602,San Francisco,1938
06075012700,San Francisco,1938
06075012801,San Francisco,1938
06075012802,San Francisco,1942
06075012901,San Francisco,1938
06075012902,San Francisco,1942
06075013001,San Francisco,1938
06075013002,San Francisco,1938
06075013101,San Francisco,1943
06075013102,San Francisco,1938
06075013200,San Francisco,1944
06075013300,San Francisco,1938
06075013401,San Francisco,1938
06075013402,San Francisco,1938
06075013500,San Francisco,1938
06075015100,San Francisco,1984
06075015201,San Francisco,1963
06075015202,San Francisco,1938
06075015300,San Francisco,1938
06075015401,San Francisco,1938
06075015402,San Francisco,1949
06075015500,San Francisco,1972
06075015600,San Francisco,1945
06075015701,San Francisco,1949
06075015702,San Francisco,1948
06075015801,San Francisco,1969
06075015802,San Francisco,1938
06075015900,San Francisco,1965
06075016000,San Francisco,1982
06075016101,San Francisco,1967
06075016102,San Francisco,1987
06075016200,San Francisco,1992
06075016300,San Francisco,1938
06075016400,San Francisco,1938
06075016500,San Francisco,1938
06075016601,San Francisco,1938
06075016602,San Francisco,1938
06075016700,San Francisco,1938
06075016801,San Francisco,1938
06075016802,San Francisco,1941
06075016900,San Francisco,1938
06075017000,San Francisco,1945
06075017101,San Francisco,1938
06075017102,San Francisco,1938
06075017602,San Francisco,1961
06075017603,San Francisco,2010
06075017604,San Francisco,2011
06075017700,San Francisco,1970
06075017801,San Francisco,1988
06075017803,San Francisco,2006
06075017804,San Francisco,2007
06075017903,San Francisco,1961
06075018000,San Francisco,2006
06075020101,San Francisco,1996
06075020102,San Francisco,1970
06075020201,San Francisco,1938
06075020202,San Francisco,1938
06075020300,San Francisco,1938
06075020401,San Francisco,1951
06075020402,San Francisco,1968
06075020500,San Francisco,1938
06075020601,San Francisco,1938
06075020602,San Francisco,1938
06075020701,San Francisco,1938
06075020702,San Francisco,1938
06075020801,San Francisco,1938
06075020802,San Francisco,1961
06075020900,San Francisco,1938
06075021000,San Francisco,1938
06075021100,San Francisco,1938
06075021200,San Francisco,1938
06075021300,San Francisco,1938
06075021400,San Francisco,1938
06075021500,San Francisco,1938
06075021600,San Francisco,1972
06075021700,San Francisco,1966
06075021800,San Francisco,1938
06075022600,San Francisco,2013
06075022702,San Francisco,1938
06075022704,San Francisco,1972
06075022801,San Francisco,1955
06075022802,San Francisco,1938
06075022803,San Francisco,1938
06075022901,San Francisco,1938
06075022902,San Francisco,1938
06075022903,San Francisco,1938
06075023001,San Francisco,1948
06075023003,San Francisco,1950
06075023102,San Francisco,1977
06075023103,San Francisco,1981
06075023200,San Francisco,1943
06075023300,San Francisco,2005
06075023400,San Francisco,1960
06075025100,San Francisco,1947
06075025200,San Francisco,1938
06075025300,San Francisco,1938
06075025401,San Francisco,1938
06075025402,San Francisco,1938
06075025403,San Francisco,1943
06075025501,San Francisco,1938
06075025502,San Francisco,1938
06075025600,San Francisco,1946
06075025701,San Francisco,1947
06075025702,San Francisco,1938
06075025800,San Francisco,1953
06075025900,San Francisco,1957
06075026001,San Francisco,1941
06075026002,San Francisco,1949
06075026003,San Francisco,1945
06075026004,San Francisco,1938
06075026100,San Francisco,1938
06075026201,San Francisco,1950
06075026202,San Francisco,1943
06075026301,San Francisco,1938
06075026302,San Francisco,1958
06075026303,San Francisco,1953
06075026401,San Francisco,1949
06075026402,San Francisco,1953
06075026403,San Francisco,1955
06075026404,San Francisco,1963
06075030101,San Francisco,1938
06075030102,San Francisco,1965
06075030201,San Francisco,1938
06075030202,San Francisco,1948
06075030301,San Francisco,1938
06075030302,San Francisco,1943
06075030400,San Francisco,1941
06075030500,San Francisco,1955
06075030600,San Francisco,1938
06075030700,San Francisco,1951
06075030800,San Francisco,1938
06075030900,San Francisco,1938
06075031000,San Francisco,1938
06075031100,San Francisco,1942
06075031201,San Francisco,1938
06075031202,San Francisco,1938
06075031301,San Francisco,1945
06075031302,San Francisco,1955
06075031401,San Francisco,1954
06075031402,San Francisco,1945
06075032601,San Francisco,1938
06075032602,San Francisco,1938
06075032700,San Francisco,1938
06075032801,San Francisco,1942
06075032802,San Francisco,1944
06075032901,San Francisco,1943
06075032902,San Francisco,1945
06075033001,San Francisco,1938
06075033002,San Francisco,1938
06075033100,San Francisco,1950
06075033201,San Francisco,1956
06075033203,San Francisco,1951
06075033204,San Francisco,1953
06075035101,San Francisco,1942
06075035102,San Francisco,1946
06075035201,San Francisco,1947
06075035202,San Francisco,1952
06075035300,San Francisco,1948
06075035400,San Francisco,1947
06075040100,San Francisco,1938
06075040200,San Francisco,1938
06075042601,San Francisco,1938
06075042602,San Francisco,1938
06075042700,San Francisco,1949
06075042800,San Francisco,1938
06075045100,San Francisco,1942
06075045201,San Francisco,1938
06075045202,San Francisco,1938
06075047600,San Francisco,1938
06075047701,San Francisco,1938
06075047702,San Francisco,1938
06075047801,San Francisco,1938
06075047802,San Francisco,1945
06075047902,San Francisco,1938
06075047903,San Francisco,1938
06075047904,San Francisco,1968
06075060100,San Francisco,1952
06075060400,San Francisco,1974
06075060502,San Francisco,1947
06075060701,San Francisco,2012
06075060702,San Francisco,2010
06075060703,San Francisco,2005
06075061000,San Francisco,1998
06075061101,San Francisco,1938
06075061102,San Francisco,1938
06075061200,San Francisco,1938
06075061401,San Francisco,1947
06075061402,San Francisco,1992
06075061501,San Francisco,2005
06075061502,San Francisco,1991
06075061503,San Francisco,2012
06075061504,San Francisco,2008
06075061505,San Francisco,2006
06075061506,San Francisco,2009
06075061507,San Francisco,2013
06075061508,San Francisco,2001
06075980200,San Francisco,-666666666
06075980300,San Francisco,1938
06075980401,San Francisco,-666666666
06075980501,San Francisco,2005
06075980600,San Francisco,2014
06075980900,San Francisco,2000
06075990100,San Francisco,-666666666
06075990200,San Francisco,-666666666
08031000102,Denver,1951
08031000201,Denver,1950
08031000202,Denver,1950
08031000301,Denver,1948
08031000302,Denver,1950
08031000303,Denver,1938
08031000401,Denver,1938
08031000403,Denver,1954
08031000404,Denver,2005
08031000501,Denver,1953
08031000503,Denver,1972
08031000504,Denver,1938
08031000600,Denver,2012
08031000703,Denver,2011
08031000704,Denver,1957
08031000705,Denver,2010
08031000706,Denver,2013
08031000800,Denver,2016
08031000902,Denver,1956
08031000903,Denver,1950
08031000904,Denver,1963
08031000905,Denver,1947
08031001000,Denver,1956
08031001101,Denver,1965
08031001102,Denver,2009
08031001301,Denver,1954
08031001302,Denver,1953
08031001401,Denver,1960
08031001402,Denver,1958
08031001403,Denver,2004
08031001500,Denver,1987
08031001601,Denver,2014
08031001602,Denver,2015
08031001603,Denver,2008
08031001703,Denver,2009
08031001704,Denver,1981
08031001705,Denver,2014
08031001706,Denver,1981
08031001707,Denver,1972
08031001800,Denver,1979
08031001901,Denver,2011
08031002000,Denver,2010
08031002101,Denver,1955
08031002102,Denver,2012
08031002300,Denver,1938
08031002402,Denver,1938
08031002404,Denver,1938
08031002405,Denver,2010
08031002602,Denver,1992
08031002603,Denver,2007
08031002604,Denver,1955
08031002704,Denver,1956
08031002705,Denver,1957
08031002706,Denver,1967
08031002707,Denver,1966
08031002708,Denver,1959
08031002709,Denver,1960
08031002801,Denver,1957
08031002802,Denver,1959
08031002804,Denver,1968
08031002805,Denver,1981
08031002901,Denver,1938
08031002902,Denver,1938
08031003002,Denver,1953
08031003003,Denver,1938
08031003004,Denver,1956
08031003005,Denver,1938
08031003006,Denver,1938
08031003101,Denver,1938
08031003102,Denver,1977
08031003202,Denver,1967
08031003203,Denver,1938
08031003204,Denver,1938
08031003205,Denver,1961
08031003300,Denver,1938
08031003401,Denver,1970
08031003402,Denver,1938
08031003501,Denver,1968
08031003502,Denver,1951
08031003601,Denver,1938
08031003602,Denver,1952
08031003603,Denver,1950
08031003701,Denver,1966
08031003702,Denver,1955
08031003703,Denver,1960
08031003801,Denver,1997
08031003802,Denver,2000
08031003901,Denver,1983
08031003902,Denver,1952
08031004002,Denver,1957
08031004003,Denver,1957
08031004004,Denver,1963
08031004005,Denver,1976
08031004006,Denver,1979
08031004101,Denver,1992
08031004102,Denver,1956
08031004103,Denver,1938
08031004104,Denver,1949
08031004108,Denver,2007
08031004109,Denver,2017
08031004110,Denver,2010
08031004111,Denver,2015
08031004112,Denver,2009
08031004113,Denver,2015
08031004201,Denver,1938
08031004202,Denver,1938
08031004302,Denver,1949
08031004303,Denver,1958
08031004306,Denver,1973
08031004307,Denver,1947
08031004308,Denver,1968
08031004309,Denver,1953
08031004310,Denver,1948
08031004403,Denver,1953
08031004404,Denver,1968
08031004406,Denver,2003
08031004407,Denver,2004
08031004503,Denver,1980
08031004504,Denver,1958
08031004505,Denver,1956
08031004506,Denver,1960
08031004601,Denver,1955
08031004602,Denver,1970
08031004603,Denver,1955
08031004700,Denver,1958
08031004801,Denver,-666666666
08031005001,Denver,1963
08031005003,Denver,1973
08031005004,Denver,1975
08031005102,Denver,1957
08031005104,Denver,1968
08031005200,Denver,1959
08031005300,Denver,2010
08031005502,Denver,1983
08031005503,Denver,1971
08031006701,Denver,2012
08031006804,Denver,2003
08031006810,Denver,1972
08031006812,Denver,1974
08031006813,Denver,1979
08031006814,Denver,1973
08031006815,Denver,1971
08031006816,Denver,1978
08031006817,Denver,1976
08031006818,Denver,1975
08031006902,Denver,1972
08031006903,Denver,1972
08031007006,Denver,1980
08031007013,Denver,1986
08031007037,Denver,1979
08031007088,Denver,1991
08031007090,Denver,1982
08031007091,Denver,1966
08031008304,Denver,1970
08031008305,Denver,1974
08031008306,Denver,1972
08031008312,Denver,1989
08031008386,Denver,1978
08031008387,Denver,1989
08031008388,Denver,2011
08031008389,Denver,2008
08031008390,Denver,2000
08031008391,Denver,1998
08031011902,Denver,1975
08031011903,Denver,1973
08031012001,Denver,1979
08031012010,Denver,1993
08031012015,Denver,1990
08031012016,Denver,1985
08031015300,Denver,1976
08031015400,Denver,1953
08031015500,Denver,1979
08031015600,Denver,1976
08031015700,Denver,1973
08031015800,Denver,2018
08031980001,Denver,-666666666
08031980100,Denver,-666666666
08031980200,Denver,1938
12086000107,Miami,1990
12086000109,Miami,1980
12086000115,Miami,1976
12086000118,Miami,2006
12086000120,Miami,1970
12086000121,Miami,1986
12086000122,Miami,1986
12086000123,Miami,1983
12086000124,Miami,1972
12086000125,Miami,1979
12086000126,Miami,1978
12086000127,Miami,1975
12086000128,Miami,1978
12086000129,Miami,1995
12086000130,Miami,1992
12086000131,Miami,2002
12086000132,Miami,1976
12086000134,Miami,1974
12086000140,Miami,1979
12086000141,Miami,2004
12086000142,Miami,1992
12086000143,Miami,1986
12086000144,Miami,2002
12086000145,Miami,1987
12086000146,Miami,1997
12086000204,Miami,1957
12086000206,Miami,1958
12086000211,Miami,1962
12086000212,Miami,1969
12086000213,Miami,1963
12086000215,Miami,1965
12086000216,Miami,1958
12086000218,Miami,1956
12086000219,Miami,1963
12086000220,Miami,1967
12086000221,Miami,1971
12086000222,Miami,1959
12086000223,Miami,1964
12086000224,Miami,1974
12086000225,Miami,1968
12086000226,Miami,1964
12086000227,Miami,1962
12086000228,Miami,1964
12086000302,Miami,-666666666
12086000306,Miami,1964
12086000307,Miami,1957
12086000308,Miami,1957
12086000309,Miami,1973
12086000310,Miami,1975
12086000311,Miami,1966
12086000312,Miami,1966
12086000402,Miami,1955
12086000405,Miami,1956
12086000408,Miami,1968
12086000409,Miami,1961
12086000410,Miami,1954
12086000411,Miami,1962
12086000413,Miami,1958
12086000414,Miami,1976
12086000415,Miami,1965
12086000416,Miami,1963
12086000417,Miami,1966
12086000418,Miami,1965
12086000419,Miami,1973
12086000420,Miami,1956
12086000504,Miami,1958
12086000505,Miami,1977
12086000506,Miami,1956
12086000507,Miami,1977
12086000508,Miami,1980
12086000509,Miami,1954
12086000601,Miami,1958
12086000602,Miami,1959
12086000603,Miami,1957
12086000605,Miami,1964
12086000607,Miami,1961
12086000609,Miami,1966
12086000610,Miami,1965
12086000611,Miami,1961
12086000612,Miami,1956
12086000705,Miami,1977
12086000710,Miami,1972
12086000711,Miami,1966
12086000712,Miami,1967
12086000713,Miami,1975
12086000714,Miami,1983
12086000715,Miami,1972
12086000716,Miami,1982
12086000717,Miami,1957
12086000718,Miami,1966
12086000719,Miami,1981
12086000720,Miami,1973
12086000804,Miami,1959
12086000805,Miami,1956
12086000806,Miami,1965
12086000807,Miami,1959
12086000808,Miami,1963
12086000903,Miami,1976
12086000904,Miami,1956
12086000905,Miami,1958
12086000906,Miami,1956
12086000907,Miami,1960
12086000908,Miami,1964
12086001003,Miami,1955
12086001004,Miami,1978
12086001005,Miami,1959
12086001006,Miami,1962
12086001007,Miami,1968
12086001008,Miami,1969
12086001101,Miami,1957
12086001102,Miami,1952
12086001103,Miami,1949
12086001104,Miami,1952
12086001204,Miami,1972
12086001205,Miami,1954
12086001206,Miami,1979
12086001207,Miami,1949
12086001208,Miami,1987
12086001209,Miami,1966
12086001301,Miami,1972
12086001302,Miami,1963
12086001401,Miami,1977
12086001402,Miami,1992
12086001501,Miami,1975
12086001502,Miami,1969
12086001603,Miami,1954
12086001605,Miami,1981
12086001606,Miami,1983
12086001607,Miami,1959
12086001608,Miami,1957
12086001701,Miami,1965
12086001702,Miami,2003
12086001704,Miami,1962
12086001705,Miami,2002
12086001801,Miami,1956
12086001802,Miami,1950
12086001803,Miami,1973
12086001901,Miami,1959
12086001903,Miami,1969
12086001904,Miami,1964
12086002001,Miami,1958
12086002003,Miami,1963
12086002004,Miami,1964
12086002100,Miami,1988
12086002201,Miami,1954
12086002202,Miami,1952
12086002300,Miami,1946
12086002402,Miami,1970
12086002403,Miami,1963
12086002404,Miami,1975
12086002501,Miami,1964
12086002502,Miami,1962
12086002600,Miami,2007
12086002702,Miami,2014
12086002705,Miami,1994
12086002707,Miami,2013
12086002708,Miami,2009
12086002709,Miami,2006
12086002710,Miami,1986
12086002800,Miami,2003
12086002900,Miami,1971
12086003001,Miami,1979
12086003004,Miami,1982
12086003005,Miami,1977
12086003006,Miami,1973
12086003100,Miami,1974
12086003400,Miami,2012
12086003603,Miami,1997
12086003604,Miami,2005
12086003605,Miami,1980
12086003606,Miami,2005
12086003607,Miami,2004
12086003703,Miami,2009
12086003704,Miami,2010
12086003705,Miami,2008
12086003706,Miami,2021
12086003707,Miami,2008
12086003708,Miami,2005
12086003709,Miami,1986
12086003710,Miami,2012
12086003801,Miami,1970
12086003803,Miami,1981
12086003804,Miami,1973
12086003906,Miami,1953
12086003909,Miami,1973
12086003911,Miami,1966
12086003912,Miami,1960
12086003913,Miami,1972
12086003914,Miami,1982
12086003915,Miami,1961
12086003916,Miami,1968
12086003917,Miami,1978
12086003918,Miami,2003
12086003919,Miami,1977
12086003921,Miami,1974
12086003922,Miami,1965
12086004000,Miami,1970
12086004102,Miami,1967
12086004103,Miami,1969
12086004105,Miami,1974
12086004106,Miami,1991
12086004204,Miami,1956
12086004205,Miami,1966
12086004206,Miami,1970
12086004207,Miami,1968
12086004208,Miami,1977
12086004301,Miami,1970
12086004303,Miami,1952
12086004304,Miami,1953
12086004403,Miami,1965
12086004404,Miami,1971
12086004405,Miami,1962
12086004406,Miami,1978
12086004500,Miami,1996
12086004602,Miami,1965
12086004605,Miami,1977
12086004607,Miami,1979
12086004608,Miami,1981
12086004701,Miami,1957
12086004703,Miami,1959
12086004704,Miami,1960
12086004705,Miami,1959
12086004901,Miami,1971
12086004903,Miami,1976
12086004904,Miami,1966
12086005002,Miami,1968
12086005003,Miami,1958
12086005004,Miami,1955
12086005102,Miami,1978
12086005103,Miami,1972
12086005104,Miami,1974
12086005201,Miami,1975
12086005202,Miami,1967
12086005303,Miami,1968
12086005304,Miami,1958
12086005305,Miami,1963
12086005306,Miami,1971
12086005403,Miami,1966
12086005405,Miami,1962
12086005406,Miami,1961
12086005407,Miami,1956
12086005409,Miami,1959
12086005410,Miami,1963
12086005503,Miami,1964
12086005504,Miami,1954
12086005505,Miami,1971
12086005506,Miami,1957
12086005600,Miami,1955
12086005701,Miami,1967
12086005705,Miami,1974
12086005706,Miami,1985
12086005707,Miami,1965
12086005708,Miami,1971
12086005803,Miami,1957
12086005804,Miami,1951
12086005805,Miami,1955
12086005806,Miami,1957
12086005901,Miami,1958
12086005902,Miami,1964
12086005903,Miami,1959
12086005904,Miami,1961
12086006002,Miami,1955
12086006003,Miami,1958
12086006004,Miami,1956
12086006103,Miami,1947
12086006104,Miami,1964
12086006105,Miami,1952
12086006106,Miami,1954
12086006201,Miami,1959
12086006203,Miami,1974
12086006205,Miami,1982
12086006206,Miami,1996
12086006302,Miami,1954
12086006303,Miami,1975
12086006304,Miami,1959
12086006401,Miami,1950
12086006402,Miami,1956
12086006403,Miami,1948
12086006501,Miami,1951
12086006503,Miami,1947
12086006504,Miami,1954
12086006603,Miami,2012
12086006604,Miami,2013
12086006605,Miami,2006
12086006606,Miami,1967
12086006607,Miami,1959
12086006608,Miami,1951
12086006705,Miami,1982
12086006706,Miami,1970
12086006707,Miami,1997
12086006709,Miami,2005
12086006713,Miami,2005
12086006714,Miami,1993
12086006715,Miami,2001
12086006716,Miami,2009
12086006717,Miami,2005
12086006718,Miami,2012
12086006719,Miami,2014
12086006720,Miami,2008
12086006721,Miami,2012
12086006722,Miami,1969
12086006801,Miami,1992
12086006802,Miami,1981
12086006901,Miami,1948
12086006902,Miami,1945
12086007003,Miami,1983
12086007004,Miami,1994
12086007005,Miami,1980
12086007006,Miami,1967
12086007007,Miami,2013
12086007101,Miami,1978
12086007103,Miami,1982
12086007104,Miami,1991
12086007200,Miami,1959
12086007300,Miami,1967
12086007401,Miami,1957
12086007402,Miami,1951
12086007403,Miami,2013
12086007501,Miami,1956
12086007503,Miami,1962
12086007601,Miami,1953
12086007603,Miami,1983
12086007605,Miami,1977
12086007607,Miami,1957
12086007608,Miami,1958
12086007609,Miami,1971
12086007610,Miami,1970
12086007704,Miami,1979
12086007705,Miami,1977
12086007706,Miami,1974
12086007707,Miami,1959
12086007708,Miami,1963
12086007709,Miami,1957
12086007801,Miami,1985
12086007805,Miami,1972
12086007806,Miami,1976
12086007807,Miami,1972
12086007808,Miami,1988
12086007809,Miami,1975
12086007901,Miami,1965
12086007902,Miami,1958
12086008000,Miami,1976
12086008101,Miami,1964
12086008102,Miami,1966
12086008202,Miami,1974
12086008205,Miami,1979
12086008206,Miami,1969
12086008207,Miami,1977
12086008208,Miami,1977
12086008209,Miami,1978
12086008305,Miami,1982
12086008308,Miami,1976
12086008309,Miami,1974
12086008310,Miami,1969
12086008311,Miami,1968
12086008312,Miami,1968
12086008313,Miami,1972
12086008314,Miami,1981
12086008315,Miami,1976
12086008409,Miami,1978
12086008415,Miami,1975
12086008416,Miami,1971
12086008418,Miami,1989
12086008419,Miami,1979
12086008420,Miami,1977
12086008421,Miami,1985
12086008422,Miami,1969
12086008423,Miami,1967
12086008424,Miami,1979
12086008425,Miami,1978
12086008426,Miami,1979
12086008427,Miami,1984
12086008428,Miami,1970
12086008429,Miami,1976
12086008430,Miami,1979
12086008431,Miami,1988
12086008502,Miami,1969
12086008503,Miami,1956
12086008504,Miami,1957
12086008601,Miami,1957
12086008603,Miami,1968
12086008604,Miami,1982
12086008702,Miami,1956
12086008703,Miami,1957
12086008704,Miami,1957
12086008805,Miami,1965
12086008806,Miami,1963
12086008807,Miami,1979
12086008808,Miami,1967
12086008809,Miami,1983
12086008810,Miami,1982
12086008904,Miami,-666666666
12086008906,Miami,1974
12086008907,Miami,1973
12086008908,Miami,1973
12086008909,Miami,1971
12086008910,Miami,1967
12086008911,Miami,1956
12086009010,Miami,2002
12086009014,Miami,1988
12086009015,Miami,1976
12086009020,Miami,1976
12086009021,Miami,1976
12086009022,Miami,1983
12086009024,Miami,1992
12086009026,Miami,1976
12086009027,Miami,1977
12086009028,Miami,1985
12086009029,Miami,1983
12086009030,Miami,1988
12086009031,Miami,1988
12086009039,Miami,2006
12086009040,Miami,2015
12086009043,Miami,2006
12086009044,Miami,2012
12086009048,Miami,1998
12086009049,Miami,2002
12086009050,Miami,2006
12086009051,Miami,1971
12086009052,Miami,1975
12086009053,Miami,2001
12086009054,Miami,1973
12086009055,Miami,1983
12086009056,Miami,1994
12086009057,Miami,-666666666
12086009058,Miami,1990
12086009059,Miami,2003
12086009060,Miami,2000
12086009061,Miami,1982
12086009062,Miami,1981
12086009063,Miami,1991
12086009064,Miami,1986
12086009065,Miami,2017
12086009066,Miami,1992
12086009101,Miami,1967
12086009102,Miami,1977
12086009200,Miami,-666666666
12086009305,Miami,1967
12086009312,Miami,1986
12086009314,Miami,1976
12086009315,Miami,1977
12086009316,Miami,1970
12086009317,Miami,1966
12086009318,Miami,1980
12086009319,Miami,1976
12086009320,Miami,1973
12086009321,Miami,1976
12086009322,Miami,1974
12086009323,Miami,1969
12086009324,Miami,1975
12086009325,Miami,1978
12086009326,Miami,1966
12086009327,Miami,1958
12086009401,Miami,1958
12086009402,Miami,1959
12086009503,Miami,1965
12086009504,Miami,1959
12086009505,Miami,1990
12086009506,Miami,1962
12086009601,Miami,1975
12086009602,Miami,1976
12086009703,Miami,1972
12086009704,Miami,1972
12086009705,Miami,1968
12086009706,Miami,1968
12086009803,Miami,1998
12086009804,Miami,1959
12086009806,Miami,1978
12086009809,Miami,1984
12086009810,Miami,1984
12086009811,Miami,1973
12086009812,Miami,1986
12086009903,Miami,1960
12086009904,Miami,1975
12086009905,Miami,1956
12086009906,Miami,1959
12086009907,Miami,2002
12086009908,Miami,1985
12086009909,Miami,2003
12086010010,Miami,1969
12086010012,Miami,1986
12086010013,Miami,1986
12086010015,Miami,1982
12086010016,Miami,1978
12086010017,Miami,1958
12086010018,Miami,1969
12086010019,Miami,1971
12086010020,Miami,1976
12086010021,Miami,1958
12086010022,Miami,1957
12086010023,Miami,1982
12086010024,Miami,1989
12086010025,Miami,1968
12086010026,Miami,1977
12086010193,Miami,2001
12086010198,Miami,1995
12086010201,Miami,2004
12086010205,Miami,1972
12086010207,Miami,1989
12086010208,Miami,1972
12086010209,Miami,1988
12086010211,Miami,1980
12086010212,Miami,1997
12086010213,Miami,1991
12086010214,Miami,1969
12086010301,Miami,1992
12086010302,Miami,1994
12086010303,Miami,1991
12086010400,Miami,2003
12086010501,Miami,1987
12086010502,Miami,2013
12086010604,Miami,1966
12086010608,Miami,1958
12086010609,Miami,1985
12086010610,Miami,1981
12086010613,Miami,1986
12086010618,Miami,2002
12086010619,Miami,2005
12086010620,Miami,1997
12086010621,Miami,2006
12086010622,Miami,1980
12086010623,Miami,1964
12086010624,Miami,1963
12086010625,Miami,2008
12086010626,Miami,2009
12086010705,Miami,2010
12086010706,Miami,1999
12086010707,Miami,1987
12086010708,Miami,1988
12086010709,Miami,2013
12086010710,Miami,2001
12086010803,Miami,2007
12086010804,Miami,2010
12086010805,Miami,2011
12086010806,Miami,2001
12086010900,Miami,1987
12086011003,Miami,1974
12086011008,Miami,2005
12086011009,Miami,2005
12086011010,Miami,1995
12086011011,Miami,1985
12086011012,Miami,1971
12086011013,Miami,1976
12086011014,Miami,2006
12086011015,Miami,2011
12086011103,Miami,1998
12086011104,Miami,1979
12086011105,Miami,1992
12086011106,Miami,1980
12086011203,Miami,1959
12086011204,Miami,1975
12086011205,Miami,1985
12086011206,Miami,1989
12086011301,Miami,1979
12086011302,Miami,1981
12086011405,Miami,1990
12086011406,Miami,1992
12086011407,Miami,1999
12086011408,Miami,1995
12086011409,Miami,1991
12086011410,Miami,2004
12086011411,Miami,-666666666
12086011412,Miami,2004
12086011500,Miami,1990
12086011601,Miami,1985
12086011602,Miami,1988
12086011701,Miami,1984
12086011702,Miami,1992
12086011800,Miami,1985
12086011900,Miami,1982
12086012001,Miami,1983
12086012002,Miami,1984
12086012101,Miami,1997
12086012102,Miami,1993
12086012103,Miami,2000
12086012104,Miami,1987
12086012105,Miami,2004
12086012200,Miami,1965
12086012301,Miami,1994
12086012302,Miami,2000
12086012401,Miami,1994
12086012402,Miami,2003
12086012403,Miami,1996
12086012501,Miami,1989
12086012502,Miami,1989
12086012601,Miami,1999
12086012602,Miami,1993
12086012701,Miami,2015
12086012702,Miami,1999
12086012801,Miami,1996
12086012802,Miami,1993
12086012900,Miami,-666666666
12086013000,Miami,1987
12086013100,Miami,1994
12086013201,Miami,1989
12086013202,Miami,1994
12086013301,Miami,1995
12086013302,Miami,2003
12086013400,Miami,1985
12086013500,Miami,1989
12086013600,Miami,1985
12086013700,Miami,1984
12086013801,Miami,1985
12086013802,Miami,1986
12086013900,Miami,1993
12086014100,Miami,2001
12086014200,Miami,1995
12086014300,Miami,1995
12086014400,Miami,1996
12086014500,Miami,1986
12086014601,Miami,1985
12086014602,Miami,1983
12086014701,Miami,1983
12086014702,Miami,1981
12086014800,Miami,1976
12086014900,Miami,1982
12086015001,Miami,1986
12086015002,Miami,2002
12086015101,Miami,-666666666
12086015102,Miami,2004
12086015103,Miami,2004
12086015201,Miami,2004
12086015202,Miami,2001
12086015300,Miami,2002
12086015400,Miami,1986
12086015501,Miami,1965
12086015502,Miami,1966
12086015600,Miami,1977
12086015700,Miami,1997
12086015800,Miami,-666666666
12086015900,Miami,1980
12086016000,Miami,1977
12086016100,Miami,1990
12086016200,Miami,1989
12086016300,Miami,1989
12086016401,Miami,2005
12086016402,Miami,2002
12086016501,Miami,2001
12086016502,Miami,2005
12086016600,Miami,1990
12086016700,Miami,1986
12086016800,Miami,1978
12086016900,Miami,1980
12086017000,Miami,1984
12086017101,Miami,1986
12086017102,Miami,1987
12086017200,Miami,1976
12086017300,Miami,1981
12086017401,Miami,1976
12086017402,Miami,1976
12086017500,Miami,1988
12086017600,Miami,1984
12086017700,Miami,1984
12086017800,Miami,1987
12086017901,Miami,1995
12086017902,Miami,1995
12086018001,Miami,2001
12086018002,Miami,1995
12086018003,Miami,2011
12086018100,Miami,1986
12086018200,Miami,1992
12086018300,Miami,1995
12086018400,Miami,1986
12086018500,Miami,1988
12086018601,Miami,1986
12086018602,Miami,1986
12086018700,Miami,1986
12086018801,Miami,1981
12086018802,Miami,1986
12086018803,Miami,1987
12086018901,Miami,1980
12086018902,Miami,1979
12086019000,Miami,1979
12086019100,Miami,1985
12086019200,Miami,1978
12086019301,Miami,1996
12086019302,Miami,1989
12086019401,Miami,2003
12086019402,Miami,2004
12086019501,Miami,1991
12086019502,Miami,1997
12086019600,Miami,2003
12086019700,Miami,1988
12086019801,Miami,1999
12086019802,Miami,1997
12086019901,Miami,2001
12086019902,Miami,1997
12086020001,Miami,1994
12086020002,Miami,1995
12086020100,Miami,1994
12086020200,Miami,1986
12086020300,Miami,1973
12086490100,Miami,1953
12086980100,Miami,-666666666
12086980200,Miami,-666666666
12086980300,Miami,-666666666
12086980400,Miami,-666666666
12086980500,Miami,2012
12086980600,Miami,-666666666
12086980700,Miami,2003
12086980800,Miami,-666666666
12086980900,Miami,-666666666
12086981000,Miami,-666666666
12086981100,Miami,1984
12086981200,Miami,-666666666
12086981300,Miami,2012
12086990000,Miami,-666666666
17031010100,Chicago,1938
17031010201,Chicago,1946
17031010202,Chicago,1956
17031010300,Chicago,1941
17031010400,Chicago,1942
17031010501,Chicago,1958
17031010502,Chicago,1938
17031010503,Chicago,1962
17031010600,Chicago,1938
17031010701,Chicago,1938
17031010702,Chicago,1948
17031020100,Chicago,1960
17031020200,Chicago,1954
17031020301,Chicago,1965
17031020302,Chicago,1938
17031020400,Chicago,1954
17031020500,Chicago,1957
17031020601,Chicago,1951
17031020602,Chicago,1938
17031020701,Chicago,1938
17031020702,Chicago,1955
17031020801,Chicago,1938
17031020802,Chicago,1941
17031020901,Chicago,1942
17031020902,Chicago,1954
17031030101,Chicago,1972
17031030102,Chicago,1961
17031030103,Chicago,1958
17031030104,Chicago,1961
17031030200,Chicago,1938
17031030300,Chicago,1948
17031030400,Chicago,1949
17031030500,Chicago,1938
17031030601,Chicago,1961
17031030603,Chicago,1938
17031030604,Chicago,1964
17031030701,Chicago,1938
17031030702,Chicago,1973
17031030703,Chicago,1966
17031030706,Chicago,1942
17031030800,Chicago,1938
17031030900,Chicago,1938
17031031000,Chicago,1938
17031031100,Chicago,1938
17031031200,Chicago,1958
17031031300,Chicago,1957
17031031400,Chicago,1965
17031031501,Chicago,1958
17031031502,Chicago,1954
17031031700,Chicago,1938
17031031800,Chicago,1941
17031031900,Chicago,1938
17031032100,Chicago,1942
17031040100,Chicago,1947
17031040201,Chicago,1938
17031040202,Chicago,1958
17031040300,Chicago,1953
17031040401,Chicago,1938
17031040402,Chicago,1948
17031040600,Chicago,1938
17031040700,Chicago,1938
17031040800,Chicago,1938
17031040900,Chicago,1942
17031050100,Chicago,1938
17031050200,Chicago,1965
17031050300,Chicago,1938
17031050500,Chicago,1938
17031050600,Chicago,1938
17031050700,Chicago,1938
17031050800,Chicago,1956
17031050900,Chicago,1938
17031051000,Chicago,1950
17031051100,Chicago,1953
17031051200,Chicago,1955
17031051300,Chicago,1991
17031051400,Chicago,1951
17031060100,Chicago,1938
17031060200,Chicago,1938
17031060300,Chicago,1938
17031060400,Chicago,1970
17031060500,Chicago,1960
17031060800,Chicago,1965
17031060900,Chicago,1967
17031061000,Chicago,1965
17031061100,Chicago,1960
17031061200,Chicago,1938
17031061500,Chicago,1938
17031061800,Chicago,1947
17031061901,Chicago,1967
17031061902,Chicago,1962
17031062000,Chicago,1944
17031062100,Chicago,1978
17031062200,Chicago,1986
17031062300,Chicago,1990
17031062400,Chicago,1999
17031062500,Chicago,1944
17031062600,Chicago,1995
17031062700,Chicago,1963
17031062800,Chicago,1981
17031062900,Chicago,1973
17031063000,Chicago,1968
17031063100,Chicago,1963
17031063200,Chicago,1963
17031063301,Chicago,1958
17031063302,Chicago,1956
17031063303,Chicago,1967
17031063400,Chicago,1965
17031070101,Chicago,1965
17031070102,Chicago,1974
17031070103,Chicago,1968
17031070200,Chicago,1970
17031070300,Chicago,1990
17031070400,Chicago,1985
17031070500,Chicago,1971
17031070600,Chicago,1993
17031070700,Chicago,1980
17031071000,Chicago,1938
17031071100,Chicago,1938
17031071200,Chicago,1987
17031071300,Chicago,1946
17031071400,Chicago,1938
17031071500,Chicago,1971
17031071600,Chicago,1973
17031071700,Chicago,1971
17031071800,Chicago,1981
17031080100,Chicago,1964
17031080201,Chicago,1969
17031080202,Chicago,1971
17031080300,Chicago,1996
17031080400,Chicago,1995
17031081000,Chicago,1985
17031081100,Chicago,1980
17031081201,Chicago,1980
17031081202,Chicago,1952
17031081300,Chicago,1962
17031081401,Chicago,1973
17031081402,Chicago,2002
17031081403,Chicago,2002
17031081500,Chicago,1994
17031081600,Chicago,2000
17031081700,Chicago,2006
17031081800,Chicago,2004
17031081900,Chicago,2007
17031090100,Chicago,1956
17031090200,Chicago,1951
17031090300,Chicago,1948
17031100100,Chicago,1952
17031100200,Chicago,1952
17031100300,Chicago,1955
17031100400,Chicago,1951
17031100500,Chicago,1955
17031100600,Chicago,1954
17031100700,Chicago,1955
17031110100,Chicago,1951
17031110200,Chicago,1950
17031110300,Chicago,1951
17031110400,Chicago,1953
17031110501,Chicago,1938
17031110502,Chicago,1967
17031120100,Chicago,1953
17031120200,Chicago,1954
17031120300,Chicago,1956
17031120400,Chicago,1938
17031130100,Chicago,1960
17031130200,Chicago,1992
17031130300,Chicago,1948
17031140100,Chicago,1947
17031140200,Chicago,1947
17031140301,Chicago,1938
17031140302,Chicago,1938
17031140400,Chicago,1938
17031140500,Chicago,1938
17031140601,Chicago,1938
17031140602,Chicago,1938
17031140701,Chicago,1938
17031140702,Chicago,1938
17031140800,Chicago,1938
17031150200,Chicago,1938
17031150300,Chicago,1945
17031150401,Chicago,1948
17031150402,Chicago,1938
17031150501,Chicago,1955
17031150502,Chicago,1957
17031150600,Chicago,1938
17031150700,Chicago,1942
17031150800,Chicago,1938
17031151001,Chicago,1938
17031151002,Chicago,1943
17031151100,Chicago,1938
17031151200,Chicago,1946
17031160100,Chicago,1938
17031160200,Chicago,1938
17031160300,Chicago,1962
17031160400,Chicago,1938
17031160501,Chicago,1938
17031160502,Chicago,1938
17031160601,Chicago,1938
17031160602,Chicago,1942
17031160700,Chicago,1938
17031160800,Chicago,1938
17031160900,Chicago,1938
17031161000,Chicago,1938
17031161100,Chicago,1938
17031161200,Chicago,1938
17031161300,Chicago,1938
17031170100,Chicago,1993
17031170200,Chicago,1938
17031170300,Chicago,1951
17031170400,Chicago,1955
17031170500,Chicago,1955
17031170600,Chicago,1952
17031170700,Chicago,1951
17031170800,Chicago,1952
17031170900,Chicago,1962
17031171000,Chicago,1952
17031171100,Chicago,1943
17031180100,Chicago,1954
17031190100,Chicago,1955
17031190200,Chicago,1938
17031190300,Chicago,1938
17031190401,Chicago,1942
17031190402,Chicago,1944
17031190601,Chicago,1942
17031190602,Chicago,1938
17031190701,Chicago,1941
17031190702,Chicago,1938
17031190800,Chicago,1938
17031190900,Chicago,1938
17031191000,Chicago,1938
17031191100,Chicago,1938
17031191200,Chicago,1938
17031191301,Chicago,1938
17031191302,Chicago,1938
17031200100,Chicago,1938
17031200200,Chicago,1938
17031200300,Chicago,1938
17031200401,Chicago,1938
17031200402,Chicago,1938
17031210100,Chicago,1963
17031210400,Chicago,1938
17031210501,Chicago,1938
17031210502,Chicago,1945
17031210601,Chicago,1938
17031210602,Chicago,1938
17031210700,Chicago,1938
17031210800,Chicago,1938
17031210900,Chicago,1938
17031220300,Chicago,1938
17031220400,Chicago,1938
17031220500,Chicago,1938
17031220601,Chicago,1938
17031220602,Chicago,1938
17031220701,Chicago,1938
17031220702,Chicago,1938
17031220901,Chicago,1938
17031220902,Chicago,1938
17031221000,Chicago,1938
17031221100,Chicago,1938
17031221200,Chicago,1941
17031221300,Chicago,1938
17031221400,Chicago,1946
17031221500,Chicago,1938
17031221600,Chicago,1938
17031222200,Chicago,1968
17031222500,Chicago,1938
17031222600,Chicago,1938
17031222700,Chicago,1938
17031222800,Chicago,1938
17031222900,Chicago,1938
17031230100,Chicago,1938
17031230200,Chicago,1938
17031230300,Chicago,1942
17031230400,Chicago,1938
17031230500,Chicago,1938
17031230600,Chicago,1938
17031230700,Chicago,1938
17031230800,Chicago,1938
17031230900,Chicago,1938
17031231100,Chicago,1938
17031231200,Chicago,1938
17031231500,Chicago,1938
17031240200,Chicago,1991
17031240300,Chicago,1955
17031240500,Chicago,1995
17031240600,Chicago,1976
17031240700,Chicago,1982
17031240800,Chicago,1938
17031240900,Chicago,1965
17031241000,Chicago,1938
17031241100,Chicago,1950
17031241200,Chicago,1938
17031241300,Chicago,1943
17031241400,Chicago,1998
17031241500,Chicago,1980
17031241600,Chicago,1958
17031242000,Chicago,1989
17031242100,Chicago,2000
17031242200,Chicago,1967
17031242300,Chicago,1938
17031242400,Chicago,1938
17031242500,Chicago,1938
17031242600,Chicago,1938
17031242700,Chicago,1938
17031242800,Chicago,1953
17031242900,Chicago,1938
17031243000,Chicago,1974
17031243100,Chicago,1938
17031243200,Chicago,1980
17031243300,Chicago,1952
17031243400,Chicago,1971
17031243500,Chicago,2003
17031250200,Chicago,1951
17031250300,Chicago,1942
17031250400,Chicago,1938
17031250500,Chicago,1952
17031250600,Chicago,1938
17031250700,Chicago,1938
17031250800,Chicago,1938
17031251000,Chicago,1938
17031251100,Chicago,1948
17031251200,Chicago,1938
17031251300,Chicago,1938
17031251400,Chicago,1943
17031251500,Chicago,1948
17031251600,Chicago,1938
17031251700,Chicago,1938
17031251800,Chicago,1942
17031251900,Chicago,1949
17031252000,Chicago,1948
17031252101,Chicago,1945
17031252102,Chicago,1953
17031252201,Chicago,1954
17031252202,Chicago,1938
17031260100,Chicago,1968
17031260200,Chicago,1938
17031260300,Chicago,1961
17031260400,Chicago,1952
17031260500,Chicago,1938
17031260600,Chicago,1938
17031260700,Chicago,1938
17031260800,Chicago,1941
17031260900,Chicago,1938
17031261000,Chicago,1938
17031270500,Chicago,1954
17031271200,Chicago,1946
17031271300,Chicago,1952
17031271400,Chicago,1938
17031271500,Chicago,1981
17031271800,Chicago,1940
17031280100,Chicago,2004
17031280400,Chicago,2002
17031280800,Chicago,2009
17031280900,Chicago,1994
17031281900,Chicago,1988
17031282700,Chicago,2003
17031282800,Chicago,1966
17031283100,Chicago,1974
17031283200,Chicago,2000
17031283800,Chicago,1974
17031290900,Chicago,1938
17031291200,Chicago,1938
17031291600,Chicago,1938
17031292200,Chicago,1938
17031292400,Chicago,1948
17031292500,Chicago,1938
17031300500,Chicago,1938
17031300600,Chicago,1938
17031300700,Chicago,1938
17031300800,Chicago,1938
17031300900,Chicago,1938
17031301100,Chicago,1938
17031301200,Chicago,1938
17031301600,Chicago,1938
17031301701,Chicago,1938
17031301702,Chicago,1938
17031301801,Chicago,1938
17031301802,Chicago,1938
17031301803,Chicago,1938
17031310200,Chicago,1938
17031310300,Chicago,1959
17031310400,Chicago,1938
17031310500,Chicago,1942
17031310600,Chicago,1946
17031310700,Chicago,1950
17031310800,Chicago,1938
17031310900,Chicago,1938
17031320101,Chicago,2002
17031320102,Chicago,2002
17031320400,Chicago,2002
17031320600,Chicago,2003
17031330101,Chicago,2005
17031330102,Chicago,2007
17031330103,Chicago,2002
17031330200,Chicago,1995
17031340300,Chicago,1938
17031340400,Chicago,1944
17031340500,Chicago,1938
17031340600,Chicago,1957
17031350100,Chicago,1961
17031350400,Chicago,1959
17031351000,Chicago,1961
17031351100,Chicago,1960
17031351400,Chicago,1949
17031351500,Chicago,2008
17031360200,Chicago,2004
17031380100,Chicago,2001
17031380200,Chicago,1974
17031380600,Chicago,1984
17031381200,Chicago,1938
17031381400,Chicago,1969
17031381500,Chicago,1940
17031381700,Chicago,-666666666
17031381800,Chicago,1987
17031381900,Chicago,1938
17031390100,Chicago,1972
17031390200,Chicago,1996
17031390300,Chicago,1964
17031390400,Chicago,1966
17031390500,Chicago,1950
17031390600,Chicago,1938
17031390700,Chicago,1965
17031400300,Chicago,1955
17031400400,Chicago,1938
17031400500,Chicago,1947
17031400800,Chicago,1974
17031410100,Chicago,1962
17031410200,Chicago,1938
17031410500,Chicago,1953
17031410600,Chicago,1954
17031410700,Chicago,1938
17031410800,Chicago,1950
17031410900,Chicago,1938
17031411000,Chicago,1941
17031411100,Chicago,1938
17031411200,Chicago,1938
17031420100,Chicago,1977
17031420200,Chicago,1961
17031420300,Chicago,1938
17031420400,Chicago,1953
17031420500,Chicago,1955
17031420600,Chicago,1946
17031420700,Chicago,1947
17031420800,Chicago,1944
17031421200,Chicago,1938
17031430101,Chicago,1938
17031430102,Chicago,1947
17031430200,Chicago,1952
17031430300,Chicago,1957
17031430400,Chicago,1938
17031430500,Chicago,1959
17031430600,Chicago,1943
17031430700,Chicago,1938
17031430800,Chicago,1938
17031430900,Chicago,1943
17031431200,Chicago,1938
17031431301,Chicago,1938
17031431302,Chicago,1938
17031431400,Chicago,1954
17031440101,Chicago,1948
17031440102,Chicago,1951
17031440201,Chicago,1938
17031440202,Chicago,1952
17031440300,Chicago,1953
17031440600,Chicago,1957
17031440700,Chicago,1954
17031440800,Chicago,1953
17031440900,Chicago,1938
17031450300,Chicago,1948
17031460100,Chicago,1938
17031460200,Chicago,1938
17031460301,Chicago,1938
17031460302,Chicago,1938
17031460400,Chicago,1941
17031460500,Chicago,1942
17031460800,Chicago,1938
17031461000,Chicago,1958
17031470100,Chicago,1957
17031480100,Chicago,1954
17031480200,Chicago,1950
17031480300,Chicago,1954
17031480400,Chicago,1955
17031480500,Chicago,1938
17031490200,Chicago,1951
17031490500,Chicago,1953
17031490600,Chicago,1957
17031490700,Chicago,1951
17031490800,Chicago,1942
17031490901,Chicago,1947
17031490902,Chicago,1953
17031491000,Chicago,1941
17031491100,Chicago,1954
17031491200,Chicago,1938
17031491300,Chicago,1943
17031491400,Chicago,1945
17031500100,Chicago,1962
17031500200,Chicago,1938
17031500300,Chicago,1938
17031510100,Chicago,1942
17031510200,Chicago,1946
17031510300,Chicago,1947
17031520100,Chicago,1938
17031520200,Chicago,1938
17031520300,Chicago,1938
17031520400,Chicago,1948
17031520500,Chicago,1955
17031520600,Chicago,1951
17031530100,Chicago,1956
17031530200,Chicago,1938
17031530300,Chicago,1964
17031530400,Chicago,1958
17031530501,Chicago,1938
17031530502,Chicago,1954
17031530503,Chicago,1950
17031530600,Chicago,1958
17031540101,Chicago,1946
17031540102,Chicago,1958
17031550100,Chicago,1950
17031550200,Chicago,1962
17031560100,Chicago,1951
17031560200,Chicago,1958
17031560300,Chicago,1956
17031560400,Chicago,1957
17031560700,Chicago,1961
17031560800,Chicago,1961
17031560900,Chicago,1954
17031561000,Chicago,1959
17031561100,Chicago,1956
17031570100,Chicago,1954
17031570200,Chicago,1955
17031570300,Chicago,1946
17031570400,Chicago,1941
17031570500,Chicago,1955
17031580100,Chicago,1953
17031580200,Chicago,1938
17031580300,Chicago,1938
17031580400,Chicago,1953
17031580501,Chicago,1938
17031580502,Chicago,1938
17031580600,Chicago,1938
17031580700,Chicago,1938
17031580800,Chicago,1938
17031590500,Chicago,1938
17031590600,Chicago,1938
17031590700,Chicago,1938
17031600400,Chicago,1947
17031600600,Chicago,1938
17031600700,Chicago,1945
17031600900,Chicago,1938
17031610300,Chicago,1938
17031610400,Chicago,1938
17031610800,Chicago,1938
17031611200,Chicago,1938
17031611300,Chicago,1938
17031611400,Chicago,1938
17031611500,Chicago,1938
17031611600,Chicago,1958
17031611700,Chicago,1953
17031611800,Chicago,1938
17031611900,Chicago,1938
17031612000,Chicago,1938
17031612100,Chicago,1938
17031612200,Chicago,1938
17031620100,Chicago,1961
17031620200,Chicago,1955
17031620300,Chicago,1954
17031620400,Chicago,1957
17031630300,Chicago,1938
17031630400,Chicago,1938
17031630500,Chicago,1938
17031630600,Chicago,1947
17031630800,Chicago,1947
17031630900,Chicago,1941
17031640100,Chicago,1960
17031640300,Chicago,1957
17031640400,Chicago,1962
17031640500,Chicago,1970
17031640600,Chicago,1962
17031640700,Chicago,1949
17031640800,Chicago,1951
17031650100,Chicago,1950
17031650200,Chicago,1949
17031650301,Chicago,1952
17031650302,Chicago,1952
17031650400,Chicago,1959
17031650500,Chicago,1959
17031660301,Chicago,1938
17031660302,Chicago,1943
17031660400,Chicago,1953
17031660500,Chicago,1942
17031660600,Chicago,1938
17031660700,Chicago,1951
17031660800,Chicago,1950
17031660900,Chicago,1942
17031661000,Chicago,1954
17031661100,Chicago,1955
17031670100,Chicago,1938
17031670200,Chicago,1938
17031670300,Chicago,1938
17031670400,Chicago,1941
17031670500,Chicago,1956
17031670600,Chicago,1961
17031670700,Chicago,1938
17031670800,Chicago,1945
17031670900,Chicago,1964
17031671100,Chicago,1938
17031671200,Chicago,1938
17031671300,Chicago,1938
17031671400,Chicago,1938
17031671500,Chicago,1938
17031671600,Chicago,1938
17031671800,Chicago,1938
17031671900,Chicago,1938
17031672000,Chicago,1940
17031680500,Chicago,1938
17031680600,Chicago,1938
17031680900,Chicago,1962
17031681000,Chicago,1949
17031681100,Chicago,1938
17031681200,Chicago,1938
17031681300,Chicago,1938
17031681400,Chicago,1938
17031690300,Chicago,1946
17031690400,Chicago,1952
17031690500,Chicago,1938
17031690900,Chicago,1938
17031691000,Chicago,1938
17031691100,Chicago,1938
17031691200,Chicago,1952
17031691300,Chicago,1938
17031691400,Chicago,1938
17031691500,Chicago,1965
17031700100,Chicago,1955
17031700200,Chicago,1956
17031700301,Chicago,1957
17031700302,Chicago,1958
17031700401,Chicago,1956
17031700402,Chicago,1954
17031700501,Chicago,1956
17031700502,Chicago,1959
17031710100,Chicago,1953
17031710200,Chicago,1945
17031710300,Chicago,1946
17031710400,Chicago,1951
17031710500,Chicago,1954
17031710600,Chicago,1946
17031710700,Chicago,1956
17031710800,Chicago,1938
17031710900,Chicago,1960
17031711000,Chicago,1938
17031711100,Chicago,1950
17031711200,Chicago,1950
17031711300,Chicago,1956
17031711400,Chicago,1938
17031711500,Chicago,1954
17031720100,Chicago,1941
17031720200,Chicago,1938
17031720300,Chicago,1941
17031720400,Chicago,1954
17031720500,Chicago,1947
17031720600,Chicago,1938
17031720700,Chicago,1938
17031730100,Chicago,1959
17031730201,Chicago,1945
17031730202,Chicago,1952
17031730300,Chicago,1949
17031730400,Chicago,1953
17031730500,Chicago,1960
17031730600,Chicago,1954
17031730700,Chicago,1950
17031740100,Chicago,1954
17031740200,Chicago,1956
17031740300,Chicago,1952
17031740400,Chicago,1958
17031750100,Chicago,1956
17031750200,Chicago,1938
17031750300,Chicago,1950
17031750400,Chicago,1955
17031750500,Chicago,1960
17031750600,Chicago,1952
17031760801,Chicago,1976
17031760802,Chicago,1972
17031760803,Chicago,1977
17031770201,Chicago,1978
17031770202,Chicago,1973
17031770300,Chicago,1965
17031770400,Chicago,1965
17031770500,Chicago,1980
17031770601,Chicago,1959
17031770602,Chicago,1976
17031770700,Chicago,1968
17031770800,Chicago,1960
17031770901,Chicago,1968
17031770902,Chicago,1970
17031800100,Chicago,1952
17031800200,Chicago,1956
17031800300,Chicago,1945
17031800400,Chicago,1938
17031800500,Chicago,1948
17031800600,Chicago,1938
17031800700,Chicago,1953
17031800800,Chicago,1971
17031800900,Chicago,1959
17031801000,Chicago,1965
17031801100,Chicago,1938
17031801200,Chicago,1961
17031801300,Chicago,1948
17031801400,Chicago,1959
17031801500,Chicago,1971
17031801601,Chicago,1985
17031801603,Chicago,1973
17031801605,Chicago,1978
17031801606,Chicago,1977
17031801607,Chicago,1981
17031801608,Chicago,1983
17031801701,Chicago,1967
17031801702,Chicago,1973
17031801800,Chicago,1971
17031801901,Chicago,1984
17031801902,Chicago,1967
17031802002,Chicago,1960
17031802003,Chicago,1972
17031802004,Chicago,1977
17031802100,Chicago,1958
17031802200,Chicago,1972
17031802300,Chicago,2005
17031802402,Chicago,1984
17031802403,Chicago,1985
17031802404,Chicago,1982
17031802503,Chicago,1974
17031802504,Chicago,1962
17031802505,Chicago,1979
17031802506,Chicago,1966
17031802605,Chicago,1984
17031802607,Chicago,1955
17031802608,Chicago,1976
17031802609,Chicago,1974
17031802610,Chicago,1967
17031802701,Chicago,1968
17031802702,Chicago,1976
17031802801,Chicago,1961
17031802802,Chicago,1957
17031802900,Chicago,1968
17031803005,Chicago,1974
17031803007,Chicago,1980
17031803008,Chicago,1973
17031803010,Chicago,1980
17031803012,Chicago,1984
17031803013,Chicago,1975
17031803014,Chicago,1980
17031803015,Chicago,1980
17031803016,Chicago,1973
17031803017,Chicago,1982
17031803100,Chicago,1964
17031803200,Chicago,1970
17031803300,Chicago,1978
17031803400,Chicago,1961
17031803500,Chicago,1963
17031803603,Chicago,1986
17031803604,Chicago,1974
17031803605,Chicago,1975
17031803607,Chicago,1965
17031803608,Chicago,1978
17031803611,Chicago,1979
17031803612,Chicago,1982
17031803613,Chicago,1976
17031803614,Chicago,1978
17031803615,Chicago,1984
17031803616,Chicago,1987
17031803701,Chicago,1988
17031803702,Chicago,1967
17031803800,Chicago,1958
17031803901,Chicago,1980
17031803902,Chicago,1956
17031804000,Chicago,1959
17031804102,Chicago,1979
17031804104,Chicago,1978
17031804105,Chicago,1978
17031804106,Chicago,1979
17031804108,Chicago,1982
17031804109,Chicago,1973
17031804202,Chicago,1985
17031804203,Chicago,1990
17031804204,Chicago,1970
17031804305,Chicago,1979
17031804306,Chicago,1964
17031804308,Chicago,1992
17031804309,Chicago,1971
17031804312,Chicago,1996
17031804313,Chicago,2001
17031804314,Chicago,1987
17031804315,Chicago,1990
17031804316,Chicago,1993
17031804403,Chicago,1982
17031804404,Chicago,1976
17031804405,Chicago,1988
17031804406,Chicago,1987
17031804505,Chicago,1980
17031804506,Chicago,1988
17031804508,Chicago,1985
17031804509,Chicago,1975
17031804510,Chicago,1972
17031804511,Chicago,1979
17031804512,Chicago,2002
17031804513,Chicago,1998
17031804514,Chicago,2000
17031804603,Chicago,1977
17031804606,Chicago,1982
17031804607,Chicago,1977
17031804608,Chicago,1981
17031804609,Chicago,1989
17031804610,Chicago,1980
17031804611,Chicago,1979
17031804701,Chicago,1976
17031804705,Chicago,1976
17031804706,Chicago,1968
17031804709,Chicago,1973
17031804710,Chicago,1974
17031804711,Chicago,1984
17031804712,Chicago,1978
17031804713,Chicago,1976
17031804714,Chicago,1971
17031804715,Chicago,1973
17031804716,Chicago,1981
17031804803,Chicago,1982
17031804804,Chicago,1980
17031804805,Chicago,1974
17031804806,Chicago,1974
17031804807,Chicago,1969
17031804808,Chicago,1972
17031804809,Chicago,1975
17031804810,Chicago,1975
17031804901,Chicago,1965
17031804902,Chicago,1965
17031805001,Chicago,1959
17031805002,Chicago,1974
17031805105,Chicago,1976
17031805106,Chicago,-666666666
17031805107,Chicago,1978
17031805108,Chicago,1976
17031805109,Chicago,1968
17031805110,Chicago,1969
17031805111,Chicago,1970
17031805112,Chicago,1967
17031805201,Chicago,1963
17031805202,Chicago,1960
17031805301,Chicago,1964
17031805302,Chicago,1957
17031805401,Chicago,1957
17031805402,Chicago,1957
17031805501,Chicago,1965
17031805502,Chicago,1956
17031805600,Chicago,1938
17031805701,Chicago,1971
17031805702,Chicago,1959
17031805801,Chicago,1960
17031805802,Chicago,1958
17031805901,Chicago,1974
17031805902,Chicago,1964
17031806001,Chicago,1975
17031806002,Chicago,1971
17031806004,Chicago,1971
17031806005,Chicago,1971
17031806006,Chicago,1969
17031806102,Chicago,1977
17031806103,Chicago,1958
17031806104,Chicago,1980
17031806201,Chicago,1996
17031806202,Chicago,1979
17031806300,Chicago,1952
17031806400,Chicago,1951
17031806501,Chicago,1959
17031806502,Chicago,1956
17031806600,Chicago,1960
17031806700,Chicago,1956
17031806801,Chicago,1964
17031806802,Chicago,1956
17031806900,Chicago,1976
17031807000,Chicago,1960
17031807100,Chicago,1958
17031807200,Chicago,1956
17031807300,Chicago,1964
17031807400,Chicago,1956
17031807500,Chicago,1956
17031807600,Chicago,1957
17031807700,Chicago,1963
17031807800,Chicago,1959
17031807900,Chicago,1958
17031808001,Chicago,1958
17031808002,Chicago,1959
17031808100,Chicago,1986
17031808200,Chicago,1961
17031808301,Chicago,1990
17031808302,Chicago,1964
17031808400,Chicago,1958
17031808500,Chicago,1957
17031808600,Chicago,1973
17031808702,Chicago,1947
17031808800,Chicago,1938
17031808900,Chicago,1941
17031809000,Chicago,1938
17031809100,Chicago,1938
17031809200,Chicago,1960
17031809300,Chicago,1963
17031809401,Chicago,1968
17031809402,Chicago,1999
17031809500,Chicago,1967
17031809600,Chicago,1951
17031809700,Chicago,1938
17031809800,Chicago,1938
17031809900,Chicago,1938
17031810000,Chicago,1938
17031810100,Chicago,1943
17031810200,Chicago,1962
17031810301,Chicago,1955
17031810302,Chicago,1953
17031810400,Chicago,1958
17031810501,Chicago,1961
17031810502,Chicago,1964
17031810600,Chicago,1961
17031810701,Chicago,1957
17031810702,Chicago,1969
17031810800,Chicago,1938
17031810900,Chicago,1960
17031811000,Chicago,1953
17031811100,Chicago,1965
17031811200,Chicago,1955
17031811301,Chicago,1956
17031811302,Chicago,1959
17031811401,Chicago,1955
17031811402,Chicago,1956
17031811500,Chicago,1958
17031811600,Chicago,1964
17031811701,Chicago,1960
17031811702,Chicago,1960
17031811800,Chicago,1955
17031811900,Chicago,1948
17031812000,Chicago,1944
17031812100,Chicago,1938
17031812200,Chicago,1938
17031812301,Chicago,1976
17031812302,Chicago,1938
17031812400,Chicago,1938
17031812500,Chicago,1938
17031812600,Chicago,1938
17031812700,Chicago,1948
17031812801,Chicago,1962
17031812802,Chicago,1938
17031812900,Chicago,1938
17031813000,Chicago,1938
17031813100,Chicago,1938
17031813200,Chicago,1938
17031813301,Chicago,1938
17031813302,Chicago,1938
17031813400,Chicago,1938
17031813500,Chicago,1938
17031813600,Chicago,1938
17031813701,Chicago,1938
17031813702,Chicago,1938
17031813801,Chicago,1938
17031813802,Chicago,1938
17031813900,Chicago,1938
17031814000,Chicago,1938
17031814100,Chicago,1938
17031814200,Chicago,1938
17031814300,Chicago,1938
17031814400,Chicago,1955
17031814500,Chicago,1951
17031814600,Chicago,1938
17031814700,Chicago,1938
17031814800,Chicago,1938
17031814900,Chicago,1938
17031815000,Chicago,1938
17031815100,Chicago,1938
17031815200,Chicago,1938
17031815300,Chicago,1938
17031815400,Chicago,1947
17031815500,Chicago,1951
17031815600,Chicago,1955
17031815701,Chicago,1938
17031815702,Chicago,1938
17031815800,Chicago,1947
17031815900,Chicago,1965
17031816000,Chicago,1938
17031816100,Chicago,1938
17031816200,Chicago,1958
17031816300,Chicago,1955
17031816401,Chicago,1938
17031816402,Chicago,1943
17031816500,Chicago,1968
17031816600,Chicago,1965
17031816700,Chicago,1958
17031816800,Chicago,1955
17031816900,Chicago,1956
17031817000,Chicago,1957
17031817101,Chicago,1955
17031817102,Chicago,1952
17031817200,Chicago,1938
17031817300,Chicago,1938
17031817400,Chicago,1938
17031817500,Chicago,1938
17031817600,Chicago,1938
17031817700,Chicago,1938
17031817900,Chicago,1954
17031818000,Chicago,1957
17031818100,Chicago,-666666666
17031818200,Chicago,1954
17031818300,Chicago,1960
17031818401,Chicago,1956
17031818402,Chicago,1958
17031818500,Chicago,1968
17031818600,Chicago,1957
17031818700,Chicago,1951
17031818800,Chicago,1941
17031818900,Chicago,1956
17031819000,Chicago,1952
17031819100,Chicago,1954
17031819200,Chicago,1962
17031819300,Chicago,1951
17031819400,Chicago,1968
17031819500,Chicago,1951
17031819600,Chicago,1944
17031819700,Chicago,1950
17031819801,Chicago,1948
17031819802,Chicago,1960
17031819900,Chicago,1962
17031820000,Chicago,1981
17031820101,Chicago,1974
17031820103,Chicago,1971
17031820104,Chicago,1974
17031820202,Chicago,1980
17031820203,Chicago,1984
17031820204,Chicago,1993
17031820300,Chicago,1960
17031820400,Chicago,1957
17031820501,Chicago,1966
17031820502,Chicago,1972
17031820603,Chicago,1981
17031820604,Chicago,1975
17031820605,Chicago,1972
17031820606,Chicago,1978
17031820700,Chicago,1954
17031820800,Chicago,1957
17031820901,Chicago,1967
17031820902,Chicago,1965
17031821001,Chicago,1968
17031821002,Chicago,1963
17031821101,Chicago,1969
17031821102,Chicago,1965
17031821200,Chicago,1959
17031821300,Chicago,1967
17031821401,Chicago,1959
17031821402,Chicago,1967
17031821500,Chicago,1960
17031821600,Chicago,1956
17031821700,Chicago,1955
17031821800,Chicago,1954
17031821900,Chicago,1956
17031822000,Chicago,-666666666
17031822101,Chicago,1955
17031822102,Chicago,1972
17031822200,Chicago,1955
17031822301,Chicago,1970
17031822302,Chicago,1969
17031822400,Chicago,1976
17031822500,Chicago,1958
17031822601,Chicago,1959
17031822602,Chicago,1981
17031822701,Chicago,1967
17031822702,Chicago,1966
17031822801,Chicago,1970
17031822802,Chicago,1959
17031822900,Chicago,1959
17031823001,Chicago,1977
17031823002,Chicago,1964
17031823101,Chicago,1971
17031823102,Chicago,1965
17031823200,Chicago,1989
17031823302,Chicago,1973
17031823303,Chicago,1968
17031823304,Chicago,1965
17031823400,Chicago,1956
17031823500,Chicago,1941
17031823602,Chicago,1978
17031823603,Chicago,1955
17031823604,Chicago,1968
17031823605,Chicago,1977
17031823702,Chicago,1980
17031823703,Chicago,1985
17031823704,Chicago,1967
17031823705,Chicago,1970
17031823801,Chicago,1987
17031823803,Chicago,1976
17031823805,Chicago,1977
17031823806,Chicago,1974
17031823901,Chicago,1981
17031823903,Chicago,1974
17031823904,Chicago,1973
17031824003,Chicago,1990
17031824004,Chicago,1986
17031824005,Chicago,1994
17031824006,Chicago,2003
17031824105,Chicago,1982
17031824106,Chicago,1985
17031824107,Chicago,1980
17031824113,Chicago,1992
17031824114,Chicago,1993
17031824115,Chicago,1977
17031824116,Chicago,1988
17031824119,Chicago,1996
17031824121,Chicago,1981
17031824122,Chicago,1988
17031824123,Chicago,1977
17031824124,Chicago,1992
17031824125,Chicago,1977
17031824126,Chicago,1997
17031824127,Chicago,1991
17031824128,Chicago,1998
17031824129,Chicago,1998
17031824300,Chicago,1964
17031824400,Chicago,1971
17031824503,Chicago,1978
17031824505,Chicago,1974
17031824507,Chicago,1974
17031824508,Chicago,1985
17031824509,Chicago,1972
17031824601,Chicago,1970
17031824602,Chicago,1976
17031824701,Chicago,1963
17031824702,Chicago,1962
17031824800,Chicago,1976
17031824900,Chicago,1968
17031825000,Chicago,1976
17031825200,Chicago,1967
17031825302,Chicago,1978
17031825303,Chicago,1959
17031825304,Chicago,1986
17031825400,Chicago,1977
17031825501,Chicago,1974
17031825503,Chicago,1964
17031825504,Chicago,1974
17031825505,Chicago,1980
17031825600,Chicago,1963
17031825700,Chicago,1970
17031825801,Chicago,1975
17031825802,Chicago,1970
17031825803,Chicago,1971
17031825900,Chicago,1958
17031826000,Chicago,1951
17031826100,Chicago,1955
17031826201,Chicago,1973
17031826202,Chicago,1957
17031826301,Chicago,1963
17031826303,Chicago,1964
17031826304,Chicago,1969
17031826401,Chicago,1965
17031826402,Chicago,1963
17031826500,Chicago,1961
17031826600,Chicago,1955
17031826700,Chicago,1959
17031826800,Chicago,1972
17031826901,Chicago,1961
17031826902,Chicago,1954
17031827000,Chicago,1960
17031827100,Chicago,1950
17031827200,Chicago,1968
17031827300,Chicago,1942
17031827400,Chicago,1965
17031827500,Chicago,1960
17031827600,Chicago,1962
17031827700,Chicago,1949
17031827801,Chicago,1963
17031827802,Chicago,1965
17031827804,Chicago,1967
17031827805,Chicago,1967
17031827901,Chicago,1982
17031827902,Chicago,1961
17031828000,Chicago,1957
17031828100,Chicago,1955
17031828201,Chicago,1967
17031828202,Chicago,1974
17031828300,Chicago,1961
17031828401,Chicago,1955
17031828402,Chicago,1969
17031828503,Chicago,1976
17031828504,Chicago,1971
17031828505,Chicago,1972
17031828507,Chicago,1987
17031828508,Chicago,1986
17031828601,Chicago,1957
17031828602,Chicago,1966
17031828701,Chicago,1964
17031828702,Chicago,1973
17031828801,Chicago,1962
17031828802,Chicago,1957
17031828900,Chicago,1954
17031829000,Chicago,1954
17031829100,Chicago,1950
17031829200,Chicago,1956
17031829301,Chicago,1963
17031829302,Chicago,1968
17031829401,Chicago,1959
17031829402,Chicago,1956
17031829500,Chicago,1965
17031829600,Chicago,1964
17031829700,Chicago,1972
17031829800,Chicago,1962
17031829902,Chicago,1982
17031829903,Chicago,1971
17031829904,Chicago,1999
17031830001,Chicago,1986
17031830003,Chicago,2000
17031830004,Chicago,1999
17031830005,Chicago,1980
17031830006,Chicago,1980
17031830007,Chicago,1978
17031830008,Chicago,1978
17031830100,Chicago,1960
17031830201,Chicago,1977
17031830202,Chicago,1960
17031830300,Chicago,1959
17031830400,Chicago,1956
17031830500,Chicago,1938
17031830600,Chicago,1938
17031830700,Chicago,1950
17031830800,Chicago,1944
17031830900,Chicago,1962
17031831000,Chicago,1984
17031831100,Chicago,1938
17031831200,Chicago,1938
17031831300,Chicago,1951
17031831400,Chicago,1938
17031831500,Chicago,1973
17031831600,Chicago,1954
17031831700,Chicago,1974
17031831800,Chicago,1938
17031831900,Chicago,1938
17031832000,Chicago,1982
17031832100,Chicago,1945
17031832200,Chicago,1938
17031832300,Chicago,1987
17031832400,Chicago,1964
17031832500,Chicago,1973
17031832600,Chicago,1981
17031832900,Chicago,1967
17031833000,Chicago,2005
17031833100,Chicago,2005
17031833300,Chicago,2007
17031833900,Chicago,1938
17031834000,Chicago,1948
17031834200,Chicago,1941
17031834300,Chicago,1949
17031834400,Chicago,1965
17031834500,Chicago,1946
17031834600,Chicago,1942
17031834700,Chicago,1944
17031834800,Chicago,1938
17031834900,Chicago,1938
17031835000,Chicago,1961
17031835100,Chicago,1938
17031835200,Chicago,1954
17031835500,Chicago,1964
17031835600,Chicago,1955
17031835800,Chicago,1954
17031836000,Chicago,1949
17031836100,Chicago,1945
17031836200,Chicago,1938
17031836300,Chicago,1940
17031836400,Chicago,1990
17031836500,Chicago,1995
17031836600,Chicago,1938
17031836700,Chicago,1944
17031836800,Chicago,1954
17031836900,Chicago,1993
17031837000,Chicago,1942
17031837100,Chicago,1938
17031837300,Chicago,1938
17031837400,Chicago,1938
17031837800,Chicago,1986
17031838000,Chicago,1987
17031838100,Chicago,1970
17031838200,Chicago,1975
17031838300,Chicago,2014
17031838600,Chicago,1985
17031838700,Chicago,1938
17031838800,Chicago,1938
17031839000,Chicago,1991
17031839100,Chicago,2005
17031839200,Chicago,1970
17031839500,Chicago,1965
17031839600,Chicago,1943
17031839700,Chicago,1938
17031839800,Chicago,1938
17031839900,Chicago,1952
17031840000,Chicago,1983
17031840100,Chicago,1938
17031840200,Chicago,1980
17031840300,Chicago,1938
17031840400,Chicago,1938
17031840700,Chicago,1938
17031840800,Chicago,1938
17031841000,Chicago,2004
17031841100,Chicago,1990
17031841200,Chicago,1938
17031841300,Chicago,1938
17031841500,Chicago,1942
17031841700,Chicago,1948
17031841800,Chicago,1948
17031841900,Chicago,2002
17031842000,Chicago,2004
17031842100,Chicago,1938
17031842200,Chicago,2008
17031842300,Chicago,1997
17031842400,Chicago,1953
17031842500,Chicago,1948
17031842600,Chicago,1938
17031842800,Chicago,1938
17031842900,Chicago,1975
17031843000,Chicago,1963
17031843100,Chicago,1938
17031843200,Chicago,1938
17031843300,Chicago,1938
17031843400,Chicago,1938
17031843500,Chicago,1943
17031843600,Chicago,1958
17031843700,Chicago,1984
17031843800,Chicago,1938
17031843900,Chicago,1962
17031844600,Chicago,2005
17031844700,Chicago,1938
17031980000,Chicago,-666666666
17031980100,Chicago,-666666666
17031990000,Chicago,-666666666
17043840000,Chicago,1967
17043840101,Chicago,1961
17043840102,Chicago,1970
17043840103,Chicago,1980
17043840104,Chicago,1968
17043840201,Chicago,1987
17043840202,Chicago,1980
17043840303,Chicago,1973
17043840304,Chicago,1974
17043840600,Chicago,1955
17043840703,Chicago,1972
17043840704,Chicago,1971
17043840705,Chicago,1976
17043840706,Chicago,1967
17043840801,Chicago,1968
17043840802,Chicago,1966
17043840901,Chicago,1972
17043840904,Chicago,1977
17043840906,Chicago,1976
17043840907,Chicago,1984
17043840908,Chicago,1979
17043840910,Chicago,1966
17043840911,Chicago,1977
17043841002,Chicago,1972
17043841003,Chicago,1978
17043841004,Chicago,1965
17043841102,Chicago,1981
17043841103,Chicago,1978
17043841104,Chicago,1973
17043841108,Chicago,1975
17043841109,Chicago,1975
17043841110,Chicago,-666666666
17043841111,Chicago,1986
17043841112,Chicago,1992
17043841113,Chicago,1979
17043841114,Chicago,1991
17043841204,Chicago,1977
17043841205,Chicago,1975
17043841206,Chicago,1983
17043841207,Chicago,1972
17043841208,Chicago,1983
17043841209,Chicago,1992
17043841210,Chicago,1985
17043841307,Chicago,1983
17043841308,Chicago,1996
17043841310,Chicago,2001
17043841312,Chicago,1991
17043841313,Chicago,1976
17043841314,Chicago,1979
17043841315,Chicago,1979
17043841316,Chicago,1977
17043841318,Chicago,1994
17043841320,Chicago,1986
17043841321,Chicago,1994
17043841322,Chicago,1982
17043841323,Chicago,1992
17043841324,Chicago,1985
17043841325,Chicago,1985
17043841326,Chicago,1990
17043841327,Chicago,1983
17043841401,Chicago,1983
17043841403,Chicago,1972
17043841404,Chicago,1985
17043841501,Chicago,1969
17043841503,Chicago,1971
17043841504,Chicago,1941
17043841603,Chicago,1979
17043841604,Chicago,1989
17043841605,Chicago,1984
17043841606,Chicago,1993
17043841607,Chicago,1980
17043841704,Chicago,1992
17043841705,Chicago,1986
17043841706,Chicago,1981
17043841707,Chicago,1991
17043841708,Chicago,1982
17043841801,Chicago,1966
17043841802,Chicago,1977
17043841901,Chicago,1974
17043841902,Chicago,1954
17043842000,Chicago,1958
17043842100,Chicago,1970
17043842200,Chicago,1967
17043842300,Chicago,1966
17043842400,Chicago,1959
17043842500,Chicago,1966
17043842601,Chicago,1984
17043842602,Chicago,1979
17043842603,Chicago,1974
17043842604,Chicago,1980
17043842605,Chicago,1962
17043842702,Chicago,1980
17043842703,Chicago,1979
17043842704,Chicago,-666666666
17043842706,Chicago,1967
17043842708,Chicago,1981
17043842709,Chicago,1972
17043842710,Chicago,1975
17043842711,Chicago,1978
17043842800,Chicago,1956
17043842900,Chicago,2001
17043843000,Chicago,1958
17043843100,Chicago,1961
17043843200,Chicago,1958
17043843301,Chicago,1962
17043843302,Chicago,1961
17043843400,Chicago,1959
17043843500,Chicago,1967
17043843601,Chicago,1959
17043843602,Chicago,1956
17043843700,Chicago,1952
17043843800,Chicago,1956
17043843900,Chicago,1954
17043844001,Chicago,1964
17043844002,Chicago,1959
17043844100,Chicago,1959
17043844201,Chicago,1962
17043844202,Chicago,1963
17043844304,Chicago,1971
17043844305,Chicago,1984
17043844306,Chicago,1975
17043844307,Chicago,1971
17043844308,Chicago,2004
17043844309,Chicago,1975
17043844310,Chicago,1998
17043844401,Chicago,1976
17043844402,Chicago,1983
17043844501,Chicago,1959
17043844502,Chicago,1977
17043844601,Chicago,1978
17043844602,Chicago,1979
17043844701,Chicago,1969
17043844702,Chicago,1980
17043844801,Chicago,1957
17043844802,Chicago,1968
17043844901,Chicago,1966
17043844902,Chicago,1968
17043845000,Chicago,1957
17043845100,Chicago,1986
17043845200,Chicago,1978
17043845300,Chicago,1971
17043845401,Chicago,1987
17043845402,Chicago,1984
17043845502,Chicago,1978
17043845505,Chicago,1975
17043845506,Chicago,1980
17043845507,Chicago,1967
17043845508,Chicago,1977
17043845509,Chicago,1991
17043845510,Chicago,1975
17043845601,Chicago,1969
17043845602,Chicago,1967
17043845701,Chicago,1974
17043845702,Chicago,1973
17043845703,Chicago,1983
17043845704,Chicago,1978
17043845802,Chicago,1981
17043845803,Chicago,1975
17043845805,Chicago,1976
17043845807,Chicago,1981
17043845808,Chicago,1999
17043845809,Chicago,1987
17043845810,Chicago,1976
17043845811,Chicago,1974
17043845901,Chicago,1990
17043845902,Chicago,1983
17043846002,Chicago,1970
17043846003,Chicago,1984
17043846004,Chicago,1979
17043846102,Chicago,1980
17043846103,Chicago,1973
17043846104,Chicago,1985
17043846105,Chicago,1977
17043846106,Chicago,1985
17043846201,Chicago,1981
17043846202,Chicago,1984
17043846203,Chicago,1984
17043846205,Chicago,1982
17043846206,Chicago,1971
17043846207,Chicago,1982
17043846208,Chicago,1975
17043846209,Chicago,1978
17043846304,Chicago,1989
17043846305,Chicago,1974
17043846307,Chicago,1977
17043846308,Chicago,1981
17043846310,Chicago,1973
17043846311,Chicago,1979
17043846312,Chicago,1977
17043846313,Chicago,1990
17043846314,Chicago,1978
17043846315,Chicago,1967
17043846404,Chicago,1985
17043846405,Chicago,1980
17043846408,Chicago,1997
17043846409,Chicago,1995
17043846410,Chicago,1988
17043846411,Chicago,2000
17043846412,Chicago,1994
17043846413,Chicago,1986
17043846504,Chicago,1977
17043846507,Chicago,1999
17043846509,Chicago,2002
17043846510,Chicago,1992
17043846511,Chicago,1985
17043846513,Chicago,1994
17043846514,Chicago,1999
17043846515,Chicago,1987
17043846517,Chicago,1998
17043846518,Chicago,1993
17043846519,Chicago,1989
17043846521,Chicago,1990
17043846522,Chicago,1998
17043846523,Chicago,1973
17043846524,Chicago,1990
17043846603,Chicago,1972
17043846604,Chicago,1974
17043846701,Chicago,1959
17043846702,Chicago,1965
18097310104,Indianapolis,1986
18097310105,Indianapolis,1986
18097310106,Indianapolis,1985
18097310108,Indianapolis,1983
18097310110,Indianapolis,1995
18097310111,Indianapolis,1985
18097310112,Indianapolis,1993
18097310113,Indianapolis,1987
18097310201,Indianapolis,1992
18097310203,Indianapolis,1991
18097310204,Indianapolis,1995
18097310305,Indianapolis,1987
18097310306,Indianapolis,1970
18097310308,Indianapolis,1994
18097310309,Indianapolis,1991
18097310310,Indianapolis,1993
18097310311,Indianapolis,1992
18097310312,Indianapolis,1989
18097320105,Indianapolis,1985
18097320106,Indianapolis,1970
18097320107,Indianapolis,1968
18097320108,Indianapolis,1978
18097320109,Indianapolis,1968
18097320202,Indianapolis,1974
18097320203,Indianapolis,1979
18097320205,Indianapolis,1994
18097320206,Indianapolis,1975
18097320301,Indianapolis,1980
18097320303,Indianapolis,1985
18097320305,Indianapolis,1965
18097320306,Indianapolis,1991
18097320400,Indianapolis,1965
18097320500,Indianapolis,1971
18097320600,Indianapolis,1954
18097320700,Indianapolis,1957
18097320800,Indianapolis,1960
18097320901,Indianapolis,1969
18097320902,Indianapolis,1974
18097320903,Indianapolis,1969
18097321001,Indianapolis,1955
18097321002,Indianapolis,1966
18097321100,Indianapolis,1962
18097321200,Indianapolis,1938
18097321300,Indianapolis,1951
18097321400,Indianapolis,1963
18097321600,Indianapolis,1964
18097321700,Indianapolis,1954
18097321800,Indianapolis,1938
18097321900,Indianapolis,1938
18097322000,Indianapolis,1938
18097322100,Indianapolis,1938
18097322200,Indianapolis,1938
18097322300,Indianapolis,1938
18097322400,Indianapolis,1950
18097322500,Indianapolis,1945
18097322601,Indianapolis,1972
18097322602,Indianapolis,1966
18097322700,Indianapolis,1957
18097330103,Indianapolis,1987
18097330105,Indianapolis,1979
18097330106,Indianapolis,1985
18097330107,Indianapolis,1979
18097330108,Indianapolis,1988
18097330109,Indianapolis,1984
18097330203,Indianapolis,1989
18097330204,Indianapolis,1996
18097330206,Indianapolis,1995
18097330208,Indianapolis,1992
18097330210,Indianapolis,2007
18097330211,Indianapolis,1984
18097330212,Indianapolis,2003
18097330213,Indianapolis,1992
18097330401,Indianapolis,1971
18097330500,Indianapolis,1960
18097330600,Indianapolis,1971
18097330701,Indianapolis,1966
18097330702,Indianapolis,1992
18097330803,Indianapolis,1966
18097330804,Indianapolis,1976
18097330805,Indianapolis,1971
18097330806,Indianapolis,1968
18097330900,Indianapolis,1967
18097331000,Indianapolis,1960
18097340101,Indianapolis,1974
18097340102,Indianapolis,1970
18097340108,Indianapolis,1975
18097340111,Indianapolis,1992
18097340112,Indianapolis,1985
18097340113,Indianapolis,1991
18097340114,Indianapolis,1992
18097340115,Indianapolis,1986
18097340201,Indianapolis,1966
18097340202,Indianapolis,1965
18097340301,Indianapolis,1961
18097340302,Indianapolis,1968
18097340400,Indianapolis,1959
18097340500,Indianapolis,1970
18097340600,Indianapolis,1954
18097340700,Indianapolis,1961
18097340800,Indianapolis,1954
18097340901,Indianapolis,1962
18097340903,Indianapolis,1991
18097340904,Indianapolis,1969
18097341000,Indianapolis,1938
18097341100,Indianapolis,1953
18097341200,Indianapolis,1938
18097341600,Indianapolis,1940
18097341701,Indianapolis,1953
18097341702,Indianapolis,1946
18097341902,Indianapolis,1966
18097341903,Indianapolis,1970
18097341904,Indianapolis,1991
18097342000,Indianapolis,1999
18097342101,Indianapolis,1986
18097342200,Indianapolis,1966
18097342300,Indianapolis,1957
18097342400,Indianapolis,1957
18097342500,Indianapolis,1949
18097342600,Indianapolis,1938
18097350100,Indianapolis,1946
18097350300,Indianapolis,1943
18097350400,Indianapolis,1938
18097350500,Indianapolis,1954
18097350600,Indianapolis,1953
18097350700,Indianapolis,1952
18097350800,Indianapolis,1956
18097350900,Indianapolis,1938
18097351000,Indianapolis,1938
18097351200,Indianapolis,1938
18097351500,Indianapolis,1938
18097351600,Indianapolis,1986
18097351700,Indianapolis,1952
18097351900,Indianapolis,1965
18097352100,Indianapolis,1945
18097352300,Indianapolis,1960
18097352400,Indianapolis,1951
18097352500,Indianapolis,1940
18097352600,Indianapolis,1938
18097352700,Indianapolis,1938
18097352800,Indianapolis,1989
18097353300,Indianapolis,1938
18097353500,Indianapolis,1975
18097353600,Indianapolis,1959
18097354201,Indianapolis,2008
18097354202,Indianapolis,1974
18097354400,Indianapolis,1938
18097354500,Indianapolis,1938
18097354700,Indianapolis,1938
18097354800,Indianapolis,1938
18097354900,Indianapolis,1938
18097355000,Indianapolis,1938
18097355100,Indianapolis,1938
18097355300,Indianapolis,1938
18097355400,Indianapolis,1938
18097355500,Indianapolis,1955
18097355600,Indianapolis,1951
18097355700,Indianapolis,1943
18097355900,Indianapolis,1938
18097356200,Indianapolis,2011
18097356400,Indianapolis,1950
18097356900,Indianapolis,1938
18097357000,Indianapolis,1938
18097357100,Indianapolis,1941
18097357200,Indianapolis,1938
18097357300,Indianapolis,1956
18097357400,Indianapolis,1962
18097357500,Indianapolis,1956
18097357601,Indianapolis,1956
18097357602,Indianapolis,1968
18097357800,Indianapolis,1938
18097357900,Indianapolis,1941
18097358000,Indianapolis,1948
18097358100,Indianapolis,1942
18097360101,Indianapolis,1959
18097360102,Indianapolis,1956
18097360201,Indianapolis,1962
18097360202,Indianapolis,1965
18097360301,Indianapolis,1965
18097360302,Indianapolis,1957
18097360401,Indianapolis,1970
18097360402,Indianapolis,1965
18097360405,Indianapolis,1993
18097360406,Indianapolis,1992
18097360407,Indianapolis,1989
18097360501,Indianapolis,1978
18097360502,Indianapolis,1972
18097360601,Indianapolis,1962
18097360602,Indianapolis,1967
18097360700,Indianapolis,1943
18097360800,Indianapolis,1963
18097360900,Indianapolis,1955
18097361000,Indianapolis,1938
18097361100,Indianapolis,1938
18097361200,Indianapolis,1938
18097361300,Indianapolis,1959
18097361401,Indianapolis,1998
18097361402,Indianapolis,1973
18097361601,Indianapolis,1998
18097361602,Indianapolis,2004
18097370201,Indianapolis,1971
18097370203,Indianapolis,1985
18097370204,Indianapolis,1962
18097370303,Indianapolis,2003
18097370304,Indianapolis,1994
18097370305,Indianapolis,2000
18097370306,Indianapolis,1996
18097380101,Indianapolis,1993
18097380102,Indianapolis,1998
18097380103,Indianapolis,2005
18097380200,Indianapolis,1966
18097380301,Indianapolis,1957
18097380302,Indianapolis,1958
18097380402,Indianapolis,1975
18097380403,Indianapolis,1955
18097380404,Indianapolis,1975
18097380501,Indianapolis,1962
18097380502,Indianapolis,1969
18097380600,Indianapolis,1967
18097380700,Indianapolis,1981
18097380800,Indianapolis,1966
18097380901,Indianapolis,1979
18097380902,Indianapolis,1995
18097381002,Indianapolis,1958
18097381003,Indianapolis,1968
18097381004,Indianapolis,1973
18097381101,Indianapolis,1980
18097381102,Indianapolis,1976
18097381203,Indianapolis,1972
18097381204,Indianapolis,1973
18097381205,Indianapolis,1997
18097381206,Indianapolis,1987
18097381207,Indianapolis,1972
18097390102,Indianapolis,1979
18097390103,Indianapolis,2002
18097390104,Indianapolis,2001
18097390200,Indianapolis,2009
18097390300,Indianapolis,2000
18097390405,Indianapolis,1999
18097390406,Indianapolis,2007
18097390407,Indianapolis,2001
18097390408,Indianapolis,2003
18097390409,Indianapolis,1999
18097390410,Indianapolis,1997
18097390411,Indianapolis,1982
18097390500,Indianapolis,1938
18097390601,Indianapolis,1969
18097390602,Indianapolis,1995
18097390700,Indianapolis,1941
18097390801,Indianapolis,-666666666
18097390802,Indianapolis,2001
18097390900,Indianapolis,1960
18097391001,Indianapolis,1977
18097391002,Indianapolis,2000
22071000100,New Orleans,1943
22071000200,New Orleans,1938
22071000300,New Orleans,1948
22071000400,New Orleans,1958
22071000601,New Orleans,2006
22071000602,New Orleans,1960
22071000603,New Orleans,1980
22071000604,New Orleans,1971
22071000605,New Orleans,1965
22071000606,New Orleans,1967
22071000607,New Orleans,1965
22071000611,New Orleans,1973
22071000612,New Orleans,2001
22071000615,New Orleans,1969
22071000616,New Orleans,1973
22071000617,New Orleans,1979
22071000618,New Orleans,1978
22071000619,New Orleans,1977
22071000620,New Orleans,1976
22071000701,New Orleans,2004
22071000702,New Orleans,1952
22071000800,New Orleans,1947
22071000901,New Orleans,2001
22071000902,New Orleans,2002
22071000903,New Orleans,1964
22071000904,New Orleans,1960
22071001100,New Orleans,1938
22071001200,New Orleans,1938
22071001301,New Orleans,1938
22071001302,New Orleans,1953
22071001401,New Orleans,1953
22071001402,New Orleans,1958
22071001500,New Orleans,1938
22071001600,New Orleans,1971
22071001701,New Orleans,1959
22071001702,New Orleans,1966
22071001720,New Orleans,1973
22071001723,New Orleans,1969
22071001724,New Orleans,1973
22071001736,New Orleans,1985
22071001737,New Orleans,1980
22071001739,New Orleans,1975
22071001740,New Orleans,1984
22071001741,New Orleans,1981
22071001743,New Orleans,1974
22071001744,New Orleans,1980
22071001745,New Orleans,1977
22071001746,New Orleans,1982
22071001747,New Orleans,1988
22071001748,New Orleans,1975
22071001749,New Orleans,1977
22071001750,New Orleans,1980
22071001751,New Orleans,1971
22071001752,New Orleans,1975
22071001753,New Orleans,1972
22071001754,New Orleans,1981
22071001755,New Orleans,1974
22071001756,New Orleans,1979
22071001757,New Orleans,1983
22071001758,New Orleans,1989
22071001800,New Orleans,1938
22071001900,New Orleans,1938
22071002000,New Orleans,1953
22071002100,New Orleans,1955
22071002200,New Orleans,1953
22071002300,New Orleans,1955
22071002401,New Orleans,1954
22071002402,New Orleans,1953
22071002501,New Orleans,1960
22071002502,New Orleans,1958
22071002503,New Orleans,1956
22071002504,New Orleans,1949
22071002600,New Orleans,1938
22071002700,New Orleans,1938
22071002800,New Orleans,1948
22071002900,New Orleans,1938
22071003000,New Orleans,1951
22071003100,New Orleans,1952
22071003301,New Orleans,1969
22071003302,New Orleans,1972
22071003303,New Orleans,1964
22071003304,New Orleans,1967
22071003307,New Orleans,1958
22071003308,New Orleans,1957
22071003400,New Orleans,1938
22071003500,New Orleans,1938
22071003600,New Orleans,1942
22071003701,New Orleans,1964
22071003702,New Orleans,1942
22071003800,New Orleans,1938
22071003900,New Orleans,1938
22071004000,New Orleans,1938
22071004100,New Orleans,1938
22071004401,New Orleans,1942
22071004402,New Orleans,2013
22071004500,New Orleans,1938
22071004600,New Orleans,1938
22071004800,New Orleans,2005
22071004900,New Orleans,1938
22071005000,New Orleans,1948
22071005400,New Orleans,1942
22071005500,New Orleans,1953
22071005601,New Orleans,1983
22071005602,New Orleans,1989
22071005603,New Orleans,1985
22071005604,New Orleans,1965
22071006000,New Orleans,2005
22071006300,New Orleans,1938
22071006400,New Orleans,1938
22071006500,New Orleans,1942
22071006900,New Orleans,2010
22071007000,New Orleans,1967
22071007101,New Orleans,2000
22071007200,New Orleans,1976
22071007501,New Orleans,1949
22071007502,New Orleans,1956
22071007604,New Orleans,1966
22071007605,New Orleans,1955
22071007607,New Orleans,1992
22071007608,New Orleans,1983
22071007700,New Orleans,1950
22071007800,New Orleans,1938
22071008200,New Orleans,1940
22071008300,New Orleans,1938
22071008400,New Orleans,1947
22071008500,New Orleans,1938
22071008600,New Orleans,1943
22071008800,New Orleans,1938
22071009000,New Orleans,1938
22071009100,New Orleans,1938
22071009200,New Orleans,1943
22071009400,New Orleans,1967
22071009600,New Orleans,1938
22071009700,New Orleans,1938
22071009900,New Orleans,1938
22071010000,New Orleans,1938
22071010100,New Orleans,1938
22071010200,New Orleans,1942
22071010300,New Orleans,1943
22071010600,New Orleans,1938
22071010700,New Orleans,1938
22071010800,New Orleans,1938
22071010900,New Orleans,1938
22071011100,New Orleans,1943
22071011200,New Orleans,1949
22071011400,New Orleans,1938
22071011500,New Orleans,1938
22071011600,New Orleans,1938
22071011700,New Orleans,1938
22071011900,New Orleans,1938
22071012000,New Orleans,1938
22071012101,New Orleans,1938
22071012102,New Orleans,1938
22071012200,New Orleans,1945
22071012300,New Orleans,1944
22071012400,New Orleans,1948
22071012500,New Orleans,1943
22071012600,New Orleans,1938
22071012700,New Orleans,1938
22071012800,New Orleans,1938
22071012900,New Orleans,1938
22071013000,New Orleans,1938
22071013100,New Orleans,1938
22071013200,New Orleans,1938
22071013301,New Orleans,1959
22071013302,New Orleans,1969
22071013400,New Orleans,1941
22071013501,New Orleans,1938
22071013502,New Orleans,1938
22071013600,New Orleans,1938
22071013701,New Orleans,1983
22071013702,New Orleans,2006
22071013800,New Orleans,1992
22071013900,New Orleans,1938
22071014000,New Orleans,1969
22071014101,New Orleans,1942
22071014102,New Orleans,2002
22071014200,New Orleans,1938
22071014300,New Orleans,2001
22071014400,New Orleans,1938
22071014500,New Orleans,-666666666
22071980000,New Orleans,-666666666
22071980100,New Orleans,-666666666
22071990000,New Orleans,-666666666
24510010100,Baltimore,1938
24510010200,Baltimore,1938
24510010300,Baltimore,1938
24510010400,Baltimore,1947
24510010500,Baltimore,1938
24510020100,Baltimore,1938
24510020200,Baltimore,1938
24510020300,Baltimore,2000
24510030100,Baltimore,1938
24510030200,Baltimore,2003
24510040100,Baltimore,1966
24510040200,Baltimore,1970
24510060100,Baltimore,1938
24510060200,Baltimore,1938
24510060300,Baltimore,1938
24510060400,Baltimore,1983
24510070100,Baltimore,1938
24510070200,Baltimore,1938
24510070300,Baltimore,1938
24510070400,Baltimore,1996
24510080101,Baltimore,1938
24510080102,Baltimore,1938
24510080200,Baltimore,1938
24510080301,Baltimore,1938
24510080302,Baltimore,1946
24510080400,Baltimore,1938
24510080500,Baltimore,1938
24510080600,Baltimore,1938
24510080700,Baltimore,1938
24510080800,Baltimore,1949
24510090100,Baltimore,1948
24510090200,Baltimore,1947
24510090300,Baltimore,1943
24510090400,Baltimore,1938
24510090500,Baltimore,1938
24510090600,Baltimore,1938
24510090700,Baltimore,1938
24510090800,Baltimore,1938
24510090900,Baltimore,1949
24510100100,Baltimore,1965
24510100200,Baltimore,1962
24510100300,Baltimore,-666666666
24510110100,Baltimore,1961
24510110200,Baltimore,1960
24510120100,Baltimore,1953
24510120201,Baltimore,1938
24510120202,Baltimore,1948
24510120300,Baltimore,1938
24510120400,Baltimore,1938
24510120500,Baltimore,1950
24510120600,Baltimore,1940
24510120700,Baltimore,1938
24510130100,Baltimore,1938
24510130200,Baltimore,1938
24510130300,Baltimore,1938
24510130400,Baltimore,1938
24510130600,Baltimore,1938
24510130700,Baltimore,1938
24510130803,Baltimore,1954
24510130804,Baltimore,1941
24510130805,Baltimore,1979
24510130806,Baltimore,1983
24510140100,Baltimore,1938
24510140200,Baltimore,1938
24510140300,Baltimore,1938
24510150100,Baltimore,1950
24510150200,Baltimore,1938
24510150300,Baltimore,1938
24510150400,Baltimore,1947
24510150500,Baltimore,1945
24510150600,Baltimore,1938
24510150701,Baltimore,1948
24510150702,Baltimore,1947
24510150800,Baltimore,1938
24510150900,Baltimore,1938
24510151000,Baltimore,1938
24510151100,Baltimore,1944
24510151200,Baltimore,1943
24510151300,Baltimore,1938
24510160100,Baltimore,1960
24510160200,Baltimore,1972
24510160300,Baltimore,1938
24510160400,Baltimore,1938
24510160500,Baltimore,1938
24510160600,Baltimore,1941
24510160700,Baltimore,1938
24510160801,Baltimore,1948
24510160802,Baltimore,1941
24510170100,Baltimore,1962
24510170200,Baltimore,1946
24510170300,Baltimore,1972
24510180300,Baltimore,1938
24510190100,Baltimore,1946
24510190200,Baltimore,1938
24510190300,Baltimore,1938
24510200100,Baltimore,1938
24510200200,Baltimore,1938
24510200300,Baltimore,1938
24510200400,Baltimore,1948
24510200500,Baltimore,1938
24510200600,Baltimore,1943
24510200701,Baltimore,1942
24510200702,Baltimore,1944
24510200800,Baltimore,1938
24510210100,Baltimore,1938
24510210200,Baltimore,1938
24510220100,Baltimore,1979
24510230100,Baltimore,1981
24510230200,Baltimore,1938
24510230300,Baltimore,2001
24510240100,Baltimore,1991
24510240200,Baltimore,1989
24510240300,Baltimore,1938
24510240400,Baltimore,1938
24510250101,Baltimore,1966
24510250102,Baltimore,1957
24510250103,Baltimore,1956
24510250203,Baltimore,1958
24510250204,Baltimore,1951
24510250205,Baltimore,1962
24510250206,Baltimore,1948
24510250207,Baltimore,1965
24510250301,Baltimore,1946
24510250303,Baltimore,1953
24510250401,Baltimore,1943
24510250402,Baltimore,1953
24510250500,Baltimore,1955
24510250600,Baltimore,1938
24510260101,Baltimore,1956
24510260102,Baltimore,1954
24510260201,Baltimore,1951
24510260202,Baltimore,1956
24510260203,Baltimore,1958
24510260301,Baltimore,1938
24510260302,Baltimore,1951
24510260303,Baltimore,2007
24510260401,Baltimore,1944
24510260402,Baltimore,1966
24510260403,Baltimore,1967
24510260404,Baltimore,1938
24510260501,Baltimore,1951
24510260604,Baltimore,1953
24510260605,Baltimore,1956
24510260700,Baltimore,1977
24510260800,Baltimore,1938
24510260900,Baltimore,1938
24510261000,Baltimore,1938
24510261100,Baltimore,1938
24510270101,Baltimore,1938
24510270102,Baltimore,1945
24510270200,Baltimore,1938
24510270301,Baltimore,1938
24510270302,Baltimore,1938
24510270401,Baltimore,1953
24510270402,Baltimore,1943
24510270501,Baltimore,1946
24510270502,Baltimore,1951
24510270600,Baltimore,1943
24510270701,Baltimore,1965
24510270702,Baltimore,1952
24510270703,Baltimore,1943
24510270801,Baltimore,1955
24510270802,Baltimore,1954
24510270803,Baltimore,1961
24510270804,Baltimore,1951
24510270805,Baltimore,1950
24510270901,Baltimore,1954
24510270902,Baltimore,1954
24510270903,Baltimore,1948
24510271001,Baltimore,1956
24510271002,Baltimore,1947
24510271101,Baltimore,1966
24510271102,Baltimore,1938
24510271200,Baltimore,1938
24510271300,Baltimore,1938
24510271400,Baltimore,1938
24510271501,Baltimore,1955
24510271503,Baltimore,1973
24510271600,Baltimore,1949
24510271700,Baltimore,1952
24510271801,Baltimore,1949
24510271802,Baltimore,1944
24510271900,Baltimore,1951
24510272003,Baltimore,1961
24510272004,Baltimore,1973
24510272005,Baltimore,1958
24510272006,Baltimore,1960
24510272007,Baltimore,1955
24510280101,Baltimore,1958
24510280102,Baltimore,1958
24510280200,Baltimore,1944
24510280301,Baltimore,1971
24510280302,Baltimore,1956
24510280401,Baltimore,1951
24510280402,Baltimore,1954
24510280403,Baltimore,1951
24510280404,Baltimore,1978
24510280500,Baltimore,1979
24510280600,Baltimore,1988
25025000101,Boston,1938
25025000102,Boston,2014
25025000201,Boston,1938
25025000202,Boston,1938
25025000301,Boston,1963
25025000302,Boston,1954
25025000401,Boston,1953
25025000402,Boston,1940
25025000502,Boston,1947
25025000503,Boston,1943
25025000505,Boston,1974
25025000506,Boston,1954
25025000601,Boston,1959
25025000603,Boston,1997
25025000604,Boston,1957
25025000701,Boston,1941
25025000703,Boston,1938
25025000704,Boston,1946
25025000804,Boston,1938
25025000805,Boston,1970
25025000806,Boston,2005
25025000807,Boston,-666666666
25025010103,Boston,1968
25025010104,Boston,1938
25025010204,Boston,1958
25025010205,Boston,1992
25025010206,Boston,1938
25025010300,Boston,1938
25025010403,Boston,1963
25025010404,Boston,1938
25025010405,Boston,1938
25025010408,Boston,1938
25025010500,Boston,1974
25025010600,Boston,1973
25025010701,Boston,1938
25025010702,Boston,1938
25025010801,Boston,1938
25025010802,Boston,1938
25025020101,Boston,1938
25025020200,Boston,1938
25025020301,Boston,1975
25025020302,Boston,1938
25025020304,Boston,2014
25025020305,Boston,1977
25025030100,Boston,1938
25025030200,Boston,1938
25025030301,Boston,1974
25025030302,Boston,1982
25025030400,Boston,1938
25025030500,Boston,1938
25025040100,Boston,1938
25025040200,Boston,1938
25025040300,Boston,1938
25025040401,Boston,1955
25025040600,Boston,1979
25025040801,Boston,1971
25025050101,Boston,1938
25025050200,Boston,1938
25025050300,Boston,2010
25025050400,Boston,1938
25025050500,Boston,1938
25025050600,Boston,1938
25025050700,Boston,1938
25025050901,Boston,1938
25025051000,Boston,1940
25025051101,Boston,1944
25025051200,Boston,1943
25025060101,Boston,1938
25025060200,Boston,1938
25025060301,Boston,1938
25025060400,Boston,1938
25025060501,Boston,1976
25025060601,Boston,1990
25025060602,Boston,2013
25025060603,Boston,2014
25025060604,Boston,2014
25025060700,Boston,1984
25025060800,Boston,1964
25025061000,Boston,1973
25025061101,Boston,1938
25025061201,Boston,1972
25025061202,Boston,-666666666
25025061203,Boston,2006
25025061204,Boston,1938
25025070102,Boston,1973
25025070103,Boston,2014
25025070104,Boston,2007
25025070201,Boston,1980
25025070202,Boston,2001
25025070301,Boston,1938
25025070302,Boston,1982
25025070402,Boston,2014
25025070501,Boston,1938
25025070502,Boston,1938
25025070600,Boston,1938
25025070700,Boston,1942
25025070801,Boston,1938
25025070802,Boston,1938
25025070901,Boston,1938
25025070902,Boston,1938
25025071101,Boston,1938
25025071201,Boston,1996
25025080100,Boston,1938
25025080300,Boston,1994
25025080401,Boston,1982
25025080500,Boston,1959
25025080601,Boston,1987
25025080801,Boston,1993
25025080900,Boston,1964
25025081001,Boston,1961
25025081101,Boston,1983
25025081102,Boston,1982
25025081200,Boston,1953
25025081301,Boston,1991
25025081302,Boston,1977
25025081400,Boston,1965
25025081500,Boston,1960
25025081700,Boston,1959
25025081800,Boston,1938
25025081900,Boston,1964
25025082000,Boston,1938
25025082100,Boston,1938
25025090100,Boston,1938
25025090200,Boston,1970
25025090300,Boston,1955
25025090400,Boston,1971
25025090600,Boston,1971
25025090700,Boston,1938
25025090901,Boston,1986
25025091001,Boston,1951
25025091100,Boston,1938
25025091200,Boston,1938
25025091300,Boston,1938
25025091400,Boston,1985
25025091500,Boston,1947
25025091600,Boston,1938
25025091700,Boston,1938
25025091800,Boston,1938
25025091900,Boston,1944
25025092000,Boston,1938
25025092101,Boston,1938
25025092200,Boston,1938
25025092300,Boston,1942
25025092400,Boston,1945
25025100100,Boston,1938
25025100200,Boston,1942
25025100300,Boston,1938
25025100400,Boston,1938
25025100500,Boston,1949
25025100601,Boston,1938
25025100603,Boston,1950
25025100700,Boston,1938
25025100800,Boston,1938
25025100900,Boston,1938
25025101001,Boston,1956
25025101002,Boston,1962
25025101101,Boston,1943
25025101102,Boston,1938
25025110104,Boston,1938
25025110105,Boston,1938
25025110106,Boston,1938
25025110201,Boston,1965
25025110301,Boston,1938
25025110401,Boston,1938
25025110403,Boston,1938
25025110501,Boston,1938
25025110502,Boston,1938
25025110601,Boston,1946
25025110607,Boston,1938
25025120103,Boston,1938
25025120104,Boston,1938
25025120105,Boston,1949
25025120201,Boston,1938
25025120301,Boston,1938
25025120400,Boston,1938
25025120500,Boston,1938
25025120600,Boston,1938
25025120700,Boston,1960
25025130101,Boston,1952
25025130200,Boston,1938
25025130300,Boston,1938
25025130402,Boston,1956
25025130404,Boston,1970
25025130406,Boston,1971
25025140102,Boston,1958
25025140105,Boston,1949
25025140106,Boston,1981
25025140107,Boston,1942
25025140201,Boston,1943
25025140202,Boston,1953
25025140300,Boston,1945
25025140400,Boston,1959
25025160102,Boston,1938
25025160103,Boston,1952
25025160200,Boston,1938
25025160300,Boston,1980
25025160400,Boston,1955
25025160501,Boston,1938
25025160502,Boston,1972
25025160601,Boston,1977
25025160602,Boston,1938
25025170101,Boston,1972
25025170102,Boston,1956
25025170200,Boston,1959
25025170301,Boston,1965
25025170302,Boston,2003
25025170400,Boston,1961
25025170502,Boston,1972
25025170503,Boston,1982
25025170504,Boston,2006
25025170601,Boston,1943
25025170701,Boston,2002
25025170702,Boston,1938
25025170800,Boston,1946
25025180101,Boston,1964
25025180200,Boston,1938
25025180301,Boston,1938
25025180400,Boston,1938
25025180500,Boston,1938
25025980101,Boston,-666666666
25025980300,Boston,-666666666
25025980700,Boston,-666666666
25025980900,Boston,1954
25025981000,Boston,-666666666
25025981100,Boston,-666666666
25025981201,Boston,-666666666
25025981202,Boston,-666666666
25025981300,Boston,1978
25025981501,Boston,-666666666
25025981502,Boston,-666666666
25025981600,Boston,-666666666
25025981700,Boston,-666666666
25025981800,Boston,-666666666
25025981900,Boston,-666666666
25025990101,Boston,-666666666
26163500100,Detroit,1952
26163500200,Detroit,1950
26163500300,Detroit,1950
26163500400,Detroit,1942
26163500500,Detroit,1949
26163500600,Detroit,1946
26163500700,Detroit,1946
26163500800,Detroit,1945
26163500900,Detroit,1946
26163501000,Detroit,1951
26163501100,Detroit,1944
26163501200,Detroit,1938
26163501300,Detroit,1946
26163501400,Detroit,1938
26163501500,Detroit,1949
26163501600,Detroit,1952
26163501700,Detroit,1945
26163501800,Detroit,1938
26163501900,Detroit,1942
26163502000,Detroit,1947
26163502600,Detroit,1944
26163502700,Detroit,1951
26163503100,Detroit,1951
26163503200,Detroit,1947
26163503300,Detroit,1951
26163503400,Detroit,1951
26163503500,Detroit,1949
26163503600,Detroit,1962
26163503900,Detroit,1942
26163504000,Detroit,1947
26163504100,Detroit,1944
26163504200,Detroit,1949
26163504300,Detroit,1944
26163504400,Detroit,1938
26163505100,Detroit,1942
26163505200,Detroit,1953
26163505400,Detroit,1952
26163505600,Detroit,1953
26163505700,Detroit,1938
26163505800,Detroit,1938
26163506100,Detroit,1953
26163506200,Detroit,1950
26163506300,Detroit,1951
26163506400,Detroit,1938
26163506500,Detroit,1951
26163506600,Detroit,1950
26163506700,Detroit,1951
26163506800,Detroit,1955
26163506900,Detroit,1948
26163507000,Detroit,1943
26163507100,Detroit,1947
26163507200,Detroit,1946
26163507300,Detroit,1945
26163507400,Detroit,1949
26163507500,Detroit,1948
26163508000,Detroit,1954
26163508100,Detroit,1938
26163509000,Detroit,1938
26163509100,Detroit,1938
26163510600,Detroit,1938
26163511200,Detroit,1938
26163511300,Detroit,1941
26163511400,Detroit,1938
26163511900,Detroit,1956
26163512800,Detroit,1938
26163513200,Detroit,1948
26163513300,Detroit,1946
26163513700,Detroit,1993
26163513800,Detroit,1938
26163513900,Detroit,1938
26163514100,Detroit,1938
26163514200,Detroit,1946
26163514300,Detroit,1938
26163514500,Detroit,1938
26163515200,Detroit,1938
26163515300,Detroit,1950
26163515400,Detroit,1938
26163515700,Detroit,1956
26163516000,Detroit,1938
26163516400,Detroit,1938
26163516500,Detroit,1984
26163516600,Detroit,1973
26163516700,Detroit,1985
26163516800,Detroit,1938
26163516900,Detroit,1970
26163517000,Detroit,1963
26163517100,Detroit,1966
26163517200,Detroit,1973
26163517300,Detroit,2000
26163517500,Detroit,1974
26163518000,Detroit,1972
26163518900,Detroit,1981
26163519000,Detroit,1938
26163519100,Detroit,1938
26163519200,Detroit,1938
26163519300,Detroit,1938
26163520200,Detroit,1938
26163520300,Detroit,1938
26163520400,Detroit,1946
26163520700,Detroit,1938
26163520800,Detroit,1983
26163521100,Detroit,1938
26163521400,Detroit,1940
26163521500,Detroit,1963
26163521800,Detroit,2001
26163521900,Detroit,1938
26163522000,Detroit,1982
26163522300,Detroit,1945
26163522400,Detroit,1973
26163522500,Detroit,1938
26163522800,Detroit,1938
26163523100,Detroit,1938
26163523200,Detroit,1938
26163523300,Detroit,1938
26163523400,Detroit,1938
26163523800,Detroit,1938
26163524001,Detroit,1938
26163524101,Detroit,1938
26163524200,Detroit,1938
26163524300,Detroit,1938
26163524500,Detroit,-666666666
26163524600,Detroit,1938
26163524700,Detroit,1949
26163524800,Detroit,1953
26163525400,Detroit,1938
26163525700,Detroit,1938
26163525800,Detroit,1938
26163525900,Detroit,1938
26163526000,Detroit,1938
26163526100,Detroit,1941
26163526200,Detroit,1938
26163526300,Detroit,1938
26163526400,Detroit,1938
26163526500,Detroit,1940
26163527900,Detroit,1938
26163530100,Detroit,1942
26163530200,Detroit,1944
26163530300,Detroit,1941
26163530400,Detroit,1945
26163530500,Detroit,1938
26163530800,Detroit,1938
26163530900,Detroit,1938
26163531100,Detroit,1948
26163531200,Detroit,1938
26163531300,Detroit,1938
26163531400,Detroit,1938
26163531501,Detroit,1938
26163531502,Detroit,1941
26163531600,Detroit,1938
26163531700,Detroit,1938
26163531800,Detroit,1938
26163531900,Detroit,1938
26163532100,Detroit,1938
26163532400,Detroit,1938
26163532600,Detroit,1938
26163532700,Detroit,1938
26163533000,Detroit,1938
26163533100,Detroit,1938
26163533200,Detroit,1938
26163533300,Detroit,1938
26163533400,Detroit,1938
26163533600,Detroit,1938
26163533800,Detroit,1938
26163533900,Detroit,1938
26163534100,Detroit,1938
26163534200,Detroit,1938
26163534300,Detroit,1938
26163534400,Detroit,1938
26163534700,Detroit,1943
26163534800,Detroit,1938
26163535000,Detroit,1938
26163535100,Detroit,1948
26163535200,Detroit,1945
26163535300,Detroit,1947
26163535600,Detroit,1954
26163535700,Detroit,1938
26163535800,Detroit,1949
26163536100,Detroit,1941
26163536200,Detroit,1947
26163536300,Detroit,1943
26163536400,Detroit,1943
26163536500,Detroit,1943
26163536600,Detroit,1944
26163536700,Detroit,1944
26163536800,Detroit,1951
26163536900,Detroit,1947
26163537000,Detroit,1942
26163537100,Detroit,1946
26163537200,Detroit,1938
26163537300,Detroit,1938
26163537500,Detroit,1944
26163537600,Detroit,1954
26163537700,Detroit,1948
26163537800,Detroit,1945
26163538100,Detroit,1941
26163538200,Detroit,1938
26163538300,Detroit,1938
26163538400,Detroit,1938
26163538500,Detroit,1938
26163538600,Detroit,1940
26163538700,Detroit,1952
26163538800,Detroit,1948
26163538900,Detroit,1951
26163539000,Detroit,1953
26163539100,Detroit,1953
26163539200,Detroit,1953
26163539300,Detroit,1953
26163539400,Detroit,1951
26163539500,Detroit,1951
26163539600,Detroit,1953
26163539700,Detroit,1954
26163540100,Detroit,1954
26163540200,Detroit,1954
26163540300,Detroit,1953
26163540400,Detroit,1954
26163540500,Detroit,1950
26163540600,Detroit,1949
26163540700,Detroit,1952
26163540800,Detroit,1955
26163540900,Detroit,1956
26163541000,Detroit,1955
26163541100,Detroit,1950
26163541200,Detroit,1951
26163541300,Detroit,1954
26163541400,Detroit,1952
26163541500,Detroit,1959
26163541700,Detroit,1957
26163541800,Detroit,1957
26163542100,Detroit,1950
26163542200,Detroit,1942
26163542300,Detroit,1942
26163542400,Detroit,1943
26163542500,Detroit,1943
26163542600,Detroit,1948
26163542900,Detroit,1942
26163543000,Detroit,1945
26163543100,Detroit,1938
26163543200,Detroit,1953
26163543300,Detroit,1944
26163543400,Detroit,1950
26163543500,Detroit,1946
26163543700,Detroit,1957
26163543900,Detroit,1956
26163544000,Detroit,1954
26163544100,Detroit,1955
26163544200,Detroit,1946
26163544300,Detroit,1958
26163544800,Detroit,1953
26163545100,Detroit,1948
26163545200,Detroit,1948
26163545500,Detroit,1952
26163545600,Detroit,1947
26163545700,Detroit,1950
26163545800,Detroit,1949
26163545900,Detroit,1948
26163546000,Detroit,1947
26163546100,Detroit,1952
26163546201,Detroit,1953
26163546301,Detroit,1954
26163546600,Detroit,1951
26163546700,Detroit,1947
26163547000,Detroit,1952
26163547100,Detroit,1948
26163547200,Detroit,1957
26163550100,Detroit,1938
26163550200,Detroit,1938
26163550300,Detroit,1938
26163550400,Detroit,1938
26163550500,Detroit,1938
26163550600,Detroit,1952
26163550700,Detroit,1941
26163550800,Detroit,1954
26163550900,Detroit,1962
26163551100,Detroit,1955
26163551200,Detroit,1948
26163551300,Detroit,1955
26163551400,Detroit,1957
26163551500,Detroit,1953
26163551600,Detroit,1951
26163551700,Detroit,1960
26163551800,Detroit,1947
26163552000,Detroit,1938
26163552100,Detroit,1938
26163552200,Detroit,1938
26163552300,Detroit,1938
26163552400,Detroit,1938
26163552801,Detroit,1938
26163553000,Detroit,1975
26163553100,Detroit,1938
26163553200,Detroit,1938
26163553601,Detroit,1938
26163553800,Detroit,1938
26163554100,Detroit,1953
26163554200,Detroit,1955
26163554300,Detroit,1955
26163554400,Detroit,1956
26163554500,Detroit,1951
26163554600,Detroit,1954
26163554700,Detroit,1957
26163554800,Detroit,1956
26163554900,Detroit,1956
26163555100,Detroit,1953
26163555300,Detroit,1955
26163555401,Detroit,1954
26163555500,Detroit,1956
26163555600,Detroit,1957
26163556100,Detroit,1955
26163556200,Detroit,1970
26163556300,Detroit,1964
26163556400,Detroit,1987
26163556500,Detroit,1984
26163556600,Detroit,1969
26163556700,Detroit,1977
26163556800,Detroit,1961
26163556900,Detroit,1966
26163557000,Detroit,1957
26163557100,Detroit,1960
26163557200,Detroit,1959
26163557300,Detroit,1967
26163557400,Detroit,1963
26163557500,Detroit,1966
26163557600,Detroit,1977
26163557700,Detroit,1965
26163557901,Detroit,1969
26163558000,Detroit,1962
26163558100,Detroit,1960
26163558200,Detroit,1959
26163558301,Detroit,1973
26163558400,Detroit,1975
26163558500,Detroit,1959
26163558600,Detroit,1959
26163558700,Detroit,1951
26163558800,Detroit,1956
26163558900,Detroit,1955
26163559000,Detroit,1956
26163559100,Detroit,1955
26163559200,Detroit,1955
26163559800,Detroit,1970
26163560100,Detroit,1954
26163560201,Detroit,1977
26163560202,Detroit,1985
26163560300,Detroit,1984
26163560400,Detroit,1983
26163561200,Detroit,2005
26163561301,Detroit,1992
26163561302,Detroit,-666666666
26163561600,Detroit,1969
26163561700,Detroit,2000
26163561900,Detroit,1993
26163562300,Detroit,1976
26163562400,Detroit,1975
26163562500,Detroit,1963
26163562600,Detroit,1954
26163562700,Detroit,1963
26163562800,Detroit,1966
26163562900,Detroit,1971
26163563200,Detroit,1972
26163563300,Detroit,1978
26163563400,Detroit,1978
26163563500,Detroit,1983
26163563600,Detroit,1976
26163563700,Detroit,1977
26163563800,Detroit,1976
26163563900,Detroit,1982
26163564000,Detroit,1984
26163564100,Detroit,1977
26163564200,Detroit,1980
26163564300,Detroit,1984
26163564401,Detroit,1999
26163564402,Detroit,2007
26163564501,Detroit,2007
26163564502,Detroit,1996
26163564503,Detroit,1996
26163564504,Detroit,2006
26163564600,Detroit,1992
26163564700,Detroit,1985
26163564800,Detroit,1985
26163564900,Detroit,1994
26163565001,Detroit,1989
26163565100,Detroit,1977
26163565200,Detroit,1986
26163565301,Detroit,1978
26163565302,Detroit,1982
26163565600,Detroit,1974
26163565700,Detroit,1979
26163565800,Detroit,1960
26163565900,Detroit,1963
26163566400,Detroit,1964
26163566500,Detroit,1945
26163566600,Detroit,1975
26163566700,Detroit,1959
26163566800,Detroit,1955
26163566900,Detroit,1961
26163567000,Detroit,1970
26163567100,Detroit,1964
26163567201,Detroit,1956
26163567202,Detroit,1961
26163567300,Detroit,1958
26163567400,Detroit,1965
26163567800,Detroit,1968
26163567900,Detroit,1965
26163568000,Detroit,1984
26163568200,Detroit,1964
26163568300,Detroit,1963
26163568400,Detroit,1959
26163568500,Detroit,1949
26163568700,Detroit,1965
26163568800,Detroit,1980
26163568900,Detroit,1976
26163569100,Detroit,1956
26163569200,Detroit,1957
26163569300,Detroit,1958
26163569400,Detroit,1958
26163569500,Detroit,1956
26163569600,Detroit,1955
26163569700,Detroit,1958
26163569800,Detroit,1955
26163569900,Detroit,1956
26163570100,Detroit,1960
26163570200,Detroit,1955
26163570400,Detroit,1958
26163570500,Detroit,1957
26163570600,Detroit,1967
26163570800,Detroit,1954
26163570900,Detroit,1955
26163571000,Detroit,1957
26163571500,Detroit,1958
26163571600,Detroit,1961
26163571700,Detroit,1955
26163571800,Detroit,1956
26163571900,Detroit,1958
26163572000,Detroit,1956
26163572100,Detroit,1962
26163572200,Detroit,1959
26163572400,Detroit,1955
26163572500,Detroit,1954
26163572600,Detroit,1955
26163572700,Detroit,1956
26163572800,Detroit,1955
26163572900,Detroit,1957
26163573000,Detroit,1967
26163573100,Detroit,1967
26163573300,Detroit,1944
26163573400,Detroit,1958
26163573501,Detroit,1953
26163573600,Detroit,1944
26163573701,Detroit,1938
26163573702,Detroit,1940
26163573800,Detroit,1943
26163573900,Detroit,1947
26163574000,Detroit,1938
26163574100,Detroit,1959
26163574203,Detroit,1974
26163574301,Detroit,1960
26163574600,Detroit,1946
26163574700,Detroit,1950
26163574800,Detroit,1949
26163574900,Detroit,1971
26163575000,Detroit,1953
26163575100,Detroit,1949
26163575200,Detroit,1950
26163575300,Detroit,1952
26163575401,Detroit,1953
26163575500,Detroit,1955
26163575600,Detroit,1956
26163576001,Detroit,1962
26163576100,Detroit,1954
26163576200,Detroit,1954
26163576300,Detroit,1954
26163576400,Detroit,1954
26163576500,Detroit,1952
26163576600,Detroit,1956
26163576700,Detroit,1958
26163577000,Detroit,1955
26163577100,Detroit,1952
26163577200,Detroit,1952
26163577300,Detroit,1955
26163577400,Detroit,1955
26163577500,Detroit,1953
26163577600,Detroit,1955
26163577700,Detroit,1951
26163577800,Detroit,1955
26163577900,Detroit,1954
26163578000,Detroit,1960
26163578500,Detroit,1949
26163578600,Detroit,1953
26163579100,Detroit,1938
26163579200,Detroit,1938
26163579300,Detroit,1957
26163579501,Detroit,1938
26163579600,Detroit,1958
26163579700,Detroit,1956
26163579800,Detroit,1938
26163579900,Detroit,1987
26163580100,Detroit,1938
26163580200,Detroit,1947
26163580300,Detroit,1953
26163580400,Detroit,1950
26163580500,Detroit,1949
26163580600,Detroit,1947
26163580700,Detroit,1938
26163580800,Detroit,1959
26163580900,Detroit,1955
26163581101,Detroit,1975
26163581200,Detroit,1987
26163581500,Detroit,1955
26163581600,Detroit,1975
26163581800,Detroit,1957
26163581900,Detroit,1953
26163582000,Detroit,1965
26163582100,Detroit,1957
26163583001,Detroit,1958
26163583101,Detroit,1958
26163583200,Detroit,1961
26163583300,Detroit,1956
26163583400,Detroit,-666666666
26163583500,Detroit,1956
26163583600,Detroit,1956
26163583700,Detroit,1958
26163583800,Detroit,1974
26163583900,Detroit,1970
26163584000,Detroit,1966
26163584100,Detroit,1961
26163584200,Detroit,1964
26163584300,Detroit,1973
26163584400,Detroit,1974
26163584501,Detroit,1973
26163584600,Detroit,1972
26163584700,Detroit,1972
26163584801,Detroit,1968
26163584802,Detroit,1976
26163585500,Detroit,1959
26163585600,Detroit,2000
26163585700,Detroit,1965
26163585800,Detroit,1993
26163585900,Detroit,1963
26163586201,Detroit,1974
26163586300,Detroit,1964
26163587000,Detroit,1975
26163587900,Detroit,1999
26163588001,Detroit,1999
26163588002,Detroit,1973
26163588101,Detroit,1975
26163588102,Detroit,1997
26163588200,Detroit,1976
26163588300,Detroit,1991
26163588400,Detroit,1975
26163589300,Detroit,1975
26163589401,Detroit,1973
26163589402,Detroit,1989
26163590401,Detroit,1997
26163590500,Detroit,1977
26163590600,Detroit,1994
26163591501,Detroit,1980
26163591502,Detroit,1991
26163591600,Detroit,2001
26163591700,Detroit,1996
26163591800,Detroit,1997
26163591900,Detroit,1980
26163592000,Detroit,1999
26163593001,Detroit,1979
26163593200,Detroit,1980
26163593301,Detroit,1977
26163594000,Detroit,1970
26163594100,Detroit,1961
26163594200,Detroit,1956
26163594300,Detroit,1955
26163594401,Detroit,1963
26163594500,Detroit,1969
26163595000,Detroit,1956
26163595100,Detroit,1975
26163595201,Detroit,1975
26163596100,Detroit,1971
26163596200,Detroit,1972
26163596300,Detroit,1970
26163597000,Detroit,1975
26163598000,Detroit,1970
26163599001,Detroit,1994
26163599100,Detroit,1972
26163981700,Detroit,-666666666
26163981800,Detroit,-666666666
26163981901,Detroit,-666666666
26163981902,Detroit,-666666666
26163982000,Detroit,-666666666
26163982101,Detroit,-666666666
26163982102,Detroit,-666666666
26163982200,Detroit,-666666666
26163982301,Detroit,-666666666
26163982302,Detroit,-666666666
26163982400,Detroit,2010
26163982500,Detroit,-666666666
26163982600,Detroit,-666666666
26163982700,Detroit,-666666666
26163982900,Detroit,-666666666
26163983100,Detroit,-666666666
26163983200,Detroit,-666666666
26163983301,Detroit,-666666666
26163983302,Detroit,-666666666
26163983400,Detroit,1945
26163983600,Detroit,-666666666
26163983700,Detroit,-666666666
26163983800,Detroit,-666666666
26163983901,Detroit,-666666666
26163983902,Detroit,-666666666
26163983903,Detroit,-666666666
26163984100,Detroit,-666666666
26163984200,Detroit,-666666666
26163985000,Detroit,-666666666
26163985100,Detroit,1989
26163985200,Detroit,-666666666
26163985300,Detroit,1940
26163985400,Detroit,-666666666
26163985500,Detroit,-666666666
26163985600,Detroit,-666666666
26163985700,Detroit,-666666666
26163985800,Detroit,-666666666
26163985900,Detroit,-666666666
26163986100,Detroit,-666666666
26163986200,Detroit,-666666666
26163986300,Detroit,-666666666
26163986400,Detroit,-666666666
26163986501,Detroit,-666666666
26163986502,Detroit,-666666666
26163986600,Detroit,-666666666
26163987000,Detroit,-666666666
26163990100,Detroit,-666666666
26163990200,Detroit,-666666666
27053000101,Minneapolis,1957
27053000102,Minneapolis,1950
27053000300,Minneapolis,1938
27053000601,Minneapolis,1943
27053000603,Minneapolis,1948
27053001100,Minneapolis,1938
27053001700,Minneapolis,1938
27053002200,Minneapolis,1938
27053002400,Minneapolis,1962
27053002700,Minneapolis,1938
27053003200,Minneapolis,1946
27053003300,Minneapolis,1955
27053003801,Minneapolis,1983
27053003802,Minneapolis,1984
27053005901,Minneapolis,1978
27053005902,Minneapolis,1943
27053006800,Minneapolis,1953
27053007700,Minneapolis,2008
27053007801,Minneapolis,1976
27053008100,Minneapolis,1938
27053008200,Minneapolis,1972
27053008300,Minneapolis,1938
27053008400,Minneapolis,1938
27053008500,Minneapolis,1938
27053009500,Minneapolis,1938
27053009600,Minneapolis,1938
27053010600,Minneapolis,1938
27053010700,Minneapolis,1938
27053011000,Minneapolis,1938
27053011703,Minneapolis,1938
27053011704,Minneapolis,1947
27053011800,Minneapolis,1938
27053011998,Minneapolis,1938
27053012001,Minneapolis,1953
27053012003,Minneapolis,1954
27053012101,Minneapolis,1955
27053012102,Minneapolis,1949
27053020101,Minneapolis,1961
27053020102,Minneapolis,1969
27053020201,Minneapolis,1970
27053020202,Minneapolis,1967
27053020301,Minneapolis,1959
27053020302,Minneapolis,1972
27053020303,Minneapolis,1957
27053020304,Minneapolis,1967
27053020400,Minneapolis,1960
27053020500,Minneapolis,1955
27053020600,Minneapolis,1957
27053020700,Minneapolis,1957
27053020801,Minneapolis,1957
27053020804,Minneapolis,1956
27053020902,Minneapolis,1957
27053020903,Minneapolis,1954
27053021001,Minneapolis,1965
27053021002,Minneapolis,1965
27053021100,Minneapolis,1949
27053021200,Minneapolis,1957
27053021300,Minneapolis,1959
27053021400,Minneapolis,1953
27053021501,Minneapolis,1969
27053021502,Minneapolis,1982
27053021503,Minneapolis,1967
27053021504,Minneapolis,1966
27053021505,Minneapolis,1970
27053021601,Minneapolis,1966
27053021602,Minneapolis,1968
27053021700,Minneapolis,1957
27053021800,Minneapolis,1957
27053021900,Minneapolis,1976
27053022000,Minneapolis,1997
27053022101,Minneapolis,1965
27053022102,Minneapolis,1964
27053022200,Minneapolis,1966
27053022301,Minneapolis,1981
27053022302,Minneapolis,1963
27053022400,Minneapolis,1954
27053022700,Minneapolis,1955
27053022801,Minneapolis,1953
27053022802,Minneapolis,1973
27053022901,Minneapolis,1986
27053022902,Minneapolis,1948
27053023000,Minneapolis,1974
27053023100,Minneapolis,1949
27053023201,Minneapolis,1962
27053023202,Minneapolis,1976
27053023300,Minneapolis,1967
27053023401,Minneapolis,1977
27053023402,Minneapolis,1966
27053023501,Minneapolis,1966
27053023502,Minneapolis,1977
27053023600,Minneapolis,1938
27053023700,Minneapolis,1969
27053023801,Minneapolis,1957
27053023802,Minneapolis,1956
27053023901,Minneapolis,1964
27053023902,Minneapolis,1969
27053023903,Minneapolis,1979
27053024003,Minneapolis,1973
27053024004,Minneapolis,1980
27053024005,Minneapolis,1993
27053024006,Minneapolis,1959
27053024100,Minneapolis,1955
27053024200,Minneapolis,1952
27053024300,Minneapolis,1966
27053024400,Minneapolis,1984
27053024500,Minneapolis,1954
27053024600,Minneapolis,1959
27053024700,Minneapolis,1955
27053024801,Minneapolis,1956
27053024802,Minneapolis,1971
27053024903,Minneapolis,1958
27053024904,Minneapolis,1957
27053025100,Minneapolis,2007
27053025201,Minneapolis,1963
27053025205,Minneapolis,1957
27053025301,Minneapolis,1968
27053025302,Minneapolis,1966
27053025401,Minneapolis,1956
27053025403,Minneapolis,1966
27053025601,Minneapolis,1972
27053025603,Minneapolis,1959
27053025605,Minneapolis,1967
27053025702,Minneapolis,1966
27053025703,Minneapolis,1978
27053025704,Minneapolis,1973
27053025801,Minneapolis,1980
27053025802,Minneapolis,1958
27053025803,Minneapolis,1958
27053025805,Minneapolis,1963
27053025905,Minneapolis,1980
27053025906,Minneapolis,1982
27053025907,Minneapolis,1983
27053025908,Minneapolis,1983
27053025909,Minneapolis,1977
27053026005,Minneapolis,1978
27053026006,Minneapolis,1983
27053026007,Minneapolis,1989
27053026013,Minneapolis,1985
27053026014,Minneapolis,1984
27053026015,Minneapolis,1985
27053026019,Minneapolis,1993
27053026020,Minneapolis,1989
27053026021,Minneapolis,1994
27053026023,Minneapolis,1988
27053026024,Minneapolis,1982
27053026025,Minneapolis,1995
27053026026,Minneapolis,2005
27053026027,Minneapolis,1985
27053026028,Minneapolis,2001
27053026101,Minneapolis,1966
27053026103,Minneapolis,1959
27053026104,Minneapolis,1988
27053026201,Minneapolis,1970
27053026202,Minneapolis,1964
27053026205,Minneapolis,1968
27053026206,Minneapolis,1976
27053026207,Minneapolis,1982
27053026208,Minneapolis,1967
27053026301,Minneapolis,1993
27053026302,Minneapolis,1970
27053026403,Minneapolis,1987
27053026404,Minneapolis,1986
27053026405,Minneapolis,1978
27053026406,Minneapolis,1977
27053026505,Minneapolis,1986
27053026507,Minneapolis,1983
27053026508,Minneapolis,1989
27053026509,Minneapolis,1986
27053026510,Minneapolis,1986
27053026511,Minneapolis,1975
27053026514,Minneapolis,1985
27053026515,Minneapolis,1983
27053026516,Minneapolis,1975
27053026605,Minneapolis,1995
27053026606,Minneapolis,1975
27053026609,Minneapolis,1969
27053026610,Minneapolis,1975
27053026611,Minneapolis,1988
27053026614,Minneapolis,1989
27053026615,Minneapolis,2006
27053026616,Minneapolis,2011
27053026617,Minneapolis,1996
27053026702,Minneapolis,1968
27053026706,Minneapolis,1975
27053026707,Minneapolis,1980
27053026708,Minneapolis,1988
27053026711,Minneapolis,1975
27053026712,Minneapolis,1977
27053026713,Minneapolis,1983
27053026717,Minneapolis,1999
27053026718,Minneapolis,1997
27053026719,Minneapolis,2000
27053026720,Minneapolis,2002
27053026721,Minneapolis,1980
27053026722,Minneapolis,2007
27053026723,Minneapolis,1997
27053026724,Minneapolis,2013
27053026725,Minneapolis,1986
27053026726,Minneapolis,1988
27053026807,Minneapolis,1972
27053026809,Minneapolis,1972
27053026811,Minneapolis,1975
27053026812,Minneapolis,2002
27053026814,Minneapolis,1976
27053026815,Minneapolis,1978
27053026816,Minneapolis,1976
27053026818,Minneapolis,1970
27053026819,Minneapolis,1973
27053026822,Minneapolis,1991
27053026823,Minneapolis,1996
27053026824,Minneapolis,-666666666
27053026825,Minneapolis,1992
27053026826,Minneapolis,1995
27053026827,Minneapolis,1965
27053026828,Minneapolis,1975
27053026903,Minneapolis,1997
27053026906,Minneapolis,1984
27053026907,Minneapolis,1997
27053026908,Minneapolis,1983
27053026910,Minneapolis,2011
27053026911,Minneapolis,2001
27053026912,Minneapolis,2007
27053027001,Minneapolis,1993
27053027002,Minneapolis,1979
27053027101,Minneapolis,1998
27053027102,Minneapolis,1991
27053027202,Minneapolis,1970
27053027203,Minneapolis,1977
27053027204,Minneapolis,1984
27053027205,Minneapolis,1987
27053027300,Minneapolis,1988
27053027400,Minneapolis,1968
27053027501,Minneapolis,1973
27053027503,Minneapolis,1990
27053027504,Minneapolis,1986
27053027601,Minneapolis,1972
27053027602,Minneapolis,1973
27053027701,Minneapolis,1982
27053027702,Minneapolis,1994
27053027703,Minneapolis,2006
27053100200,Minneapolis,1938
27053100400,Minneapolis,1938
27053100500,Minneapolis,1955
27053100700,Minneapolis,1938
27053100800,Minneapolis,1938
27053100900,Minneapolis,1938
27053101200,Minneapolis,1938
27053101300,Minneapolis,1991
27053101600,Minneapolis,1938
27053101800,Minneapolis,1940
27053101900,Minneapolis,1938
27053102000,Minneapolis,1940
27053102100,Minneapolis,1940
27053102500,Minneapolis,1938
27053102600,Minneapolis,1938
27053102800,Minneapolis,1938
27053103000,Minneapolis,1977
27053103100,Minneapolis,1966
27053103400,Minneapolis,1978
27053103600,Minneapolis,2000
27053103700,Minneapolis,1973
27053103900,Minneapolis,2010
27053104001,Minneapolis,1975
27053104002,Minneapolis,1962
27053104100,Minneapolis,1959
27053104400,Minneapolis,1988
27053104801,Minneapolis,1972
27053104802,Minneapolis,1980
27053104901,Minneapolis,2013
27053104902,Minneapolis,2005
27053105100,Minneapolis,1938
27053105201,Minneapolis,1981
27053105204,Minneapolis,1974
27053105400,Minneapolis,2001
27053105500,Minneapolis,1938
27053105600,Minneapolis,1955
27053105700,Minneapolis,1938
27053106000,Minneapolis,1960
27053106200,Minneapolis,1978
27053106400,Minneapolis,1964
27053106500,Minneapolis,1960
27053106600,Minneapolis,1938
27053106700,Minneapolis,1938
27053106900,Minneapolis,1938
27053107000,Minneapolis,1959
27053107400,Minneapolis,1938
27053107500,Minneapolis,1938
27053107600,Minneapolis,1938
27053108000,Minneapolis,1938
27053108600,Minneapolis,1938
27053108700,Minneapolis,1938
27053108800,Minneapolis,1938
27053108900,Minneapolis,1938
27053109000,Minneapolis,1938
27053109100,Minneapolis,1970
27053109200,Minneapolis,1950
27053109300,Minneapolis,1938
27053109400,Minneapolis,1938
27053109700,Minneapolis,1938
27053109800,Minneapolis,1944
27053109900,Minneapolis,1938
27053110000,Minneapolis,1938
27053110100,Minneapolis,1938
27053110200,Minneapolis,1938
27053110400,Minneapolis,1938
27053110500,Minneapolis,1961
27053110800,Minneapolis,1938
27053110900,Minneapolis,1938
27053111100,Minneapolis,1938
27053111200,Minneapolis,1938
27053111300,Minneapolis,1941
27053111400,Minneapolis,1938
27053111500,Minneapolis,1938
27053111600,Minneapolis,1938
27053122500,Minneapolis,1959
27053122600,Minneapolis,1948
27053125500,Minneapolis,1963
27053125600,Minneapolis,1984
27053125700,Minneapolis,1938
27053125800,Minneapolis,1938
27053125900,Minneapolis,1938
27053126000,Minneapolis,1982
27053126101,Minneapolis,1981
27053126102,Minneapolis,2011
27053126201,Minneapolis,2008
27053126202,Minneapolis,2007
27053126300,Minneapolis,1968
27053980000,Minneapolis,-666666666
27053980100,Minneapolis,1986
29037060001,Kansas City,1985
29037060003,Kansas City,1985
29037060004,Kansas City,1992
29037060100,Kansas City,1964
29037060202,Kansas City,1979
29037060305,Kansas City,2003
29037060306,Kansas City,2000
29037060307,Kansas City,2004
29037060308,Kansas City,1995
29037060309,Kansas City,1999
29037060401,Kansas City,2002
29037060402,Kansas City,2001
29037060500,Kansas City,1996
29037060601,Kansas City,1998
29037060602,Kansas City,1976
29037060700,Kansas City,1990
29037060800,Kansas City,1990
29037060904,Kansas City,1978
29037061001,Kansas City,1985
29037061002,Kansas City,1989
29037061100,Kansas City,1978
29037061200,Kansas City,1986
29037061300,Kansas City,1994
29037061400,Kansas City,1968
29047020201,Kansas City,1965
29047020202,Kansas City,1987
29047020300,Kansas City,1962
29047020400,Kansas City,1966
29047020500,Kansas City,1964
29047020602,Kansas City,1974
29047020603,Kansas City,1963
29047020604,Kansas City,1971
29047020802,Kansas City,1975
29047020803,Kansas City,1982
29047020901,Kansas City,1962
29047020902,Kansas City,1966
29047021001,Kansas City,1969
29047021003,Kansas City,1976
29047021004,Kansas City,1958
29047021101,Kansas City,1971
29047021103,Kansas City,1974
29047021104,Kansas City,1974
29047021105,Kansas City,1975
29047021204,Kansas City,1988
29047021208,Kansas City,1992
29047021209,Kansas City,1986
29047021210,Kansas City,2008
29047021211,Kansas City,1983
29047021212,Kansas City,2008
29047021213,Kansas City,2010
29047021214,Kansas City,2007
29047021303,Kansas City,2008
29047021307,Kansas City,2003
29047021309,Kansas City,2008
29047021311,Kansas City,2005
29047021312,Kansas City,2007
29047021313,Kansas City,1990
29047021314,Kansas City,1993
29047021401,Kansas City,1987
29047021403,Kansas City,1958
29047021404,Kansas City,1979
29047021601,Kansas City,1998
29047021602,Kansas City,1979
29047021701,Kansas City,1982
29047021703,Kansas City,1961
29047021704,Kansas City,1959
29047021806,Kansas City,1979
29047021807,Kansas City,2003
29047021808,Kansas City,2006
29047021809,Kansas City,1995
29047021810,Kansas City,1992
29047021811,Kansas City,1997
29047021812,Kansas City,2001
29047021900,Kansas City,2001
29047022000,Kansas City,1993
29047022100,Kansas City,1985
29047022200,Kansas City,1964
29047022301,Kansas City,1986
29047022302,Kansas City,1993
29095000300,Kansas City,1969
29095000600,Kansas City,1938
29095000700,Kansas City,1938
29095000800,Kansas City,1938
29095000900,Kansas City,1938
29095001000,Kansas City,1938
29095001100,Kansas City,1973
29095001800,Kansas City,1950
29095001900,Kansas City,1938
29095002000,Kansas City,1943
29095002100,Kansas City,1950
29095002200,Kansas City,1946
29095002300,Kansas City,1959
29095003400,Kansas City,1938
29095003700,Kansas City,1952
29095003800,Kansas City,1946
29095004300,Kansas City,1977
29095004400,Kansas City,1977
29095004600,Kansas City,1938
29095005100,Kansas City,1938
29095005200,Kansas City,1941
29095005300,Kansas City,1969
29095005400,Kansas City,1938
29095005500,Kansas City,1938
29095005601,Kansas City,1938
29095005602,Kansas City,1938
29095005700,Kansas City,1951
29095005801,Kansas City,1960
29095006000,Kansas City,1951
29095006100,Kansas City,1938
29095006300,Kansas City,1960
29095006500,Kansas City,1938
29095006600,Kansas City,1942
29095006700,Kansas City,1943
29095006900,Kansas City,1978
29095007100,Kansas City,1965
29095007200,Kansas City,1938
29095007301,Kansas City,1959
29095007302,Kansas City,1951
29095007400,Kansas City,1957
29095007500,Kansas City,1938
29095007600,Kansas City,1938
29095007700,Kansas City,1944
29095007802,Kansas City,1963
29095007900,Kansas City,1959
29095008000,Kansas City,1970
29095008100,Kansas City,1938
29095008200,Kansas City,1938
29095008300,Kansas City,1938
29095008400,Kansas City,1938
29095008500,Kansas City,1938
29095008600,Kansas City,1938
29095008700,Kansas City,1948
29095008800,Kansas City,1955
29095008900,Kansas City,1959
29095009000,Kansas City,1949
29095009100,Kansas City,1938
29095009200,Kansas City,1938
29095009300,Kansas City,1951
29095009400,Kansas City,1958
29095009500,Kansas City,1953
29095009600,Kansas City,1957
29095009700,Kansas City,1962
29095009800,Kansas City,1960
29095009900,Kansas City,1957
29095010001,Kansas City,1966
29095010002,Kansas City,1976
29095010103,Kansas City,1970
29095010105,Kansas City,1974
29095010201,Kansas City,1972
29095010203,Kansas City,1967
29095010204,Kansas City,1972
29095010500,Kansas City,1963
29095010600,Kansas City,1965
29095010702,Kansas City,1975
29095011001,Kansas City,1938
29095011002,Kansas City,1946
29095011100,Kansas City,1953
29095011200,Kansas City,1961
29095011300,Kansas City,1959
29095011405,Kansas City,1974
29095011406,Kansas City,1969
29095011407,Kansas City,1989
29095011408,Kansas City,1986
29095011409,Kansas City,1982
29095011410,Kansas City,1968
29095011501,Kansas City,1957
29095011502,Kansas City,1955
29095011601,Kansas City,1943
29095011602,Kansas City,1956
29095011701,Kansas City,1956
29095011702,Kansas City,1938
29095011800,Kansas City,1948
29095011900,Kansas City,1957
29095012000,Kansas City,1958
29095012100,Kansas City,1958
29095012200,Kansas City,1959
29095012300,Kansas City,1957
29095012400,Kansas City,1964
29095012501,Kansas City,1959
29095012502,Kansas City,1963
29095012600,Kansas City,1954
29095012702,Kansas City,1972
29095012703,Kansas City,1968
29095012802,Kansas City,1969
29095012803,Kansas City,1958
29095012804,Kansas City,1963
29095012903,Kansas City,1964
29095012904,Kansas City,1972
29095012906,Kansas City,1964
29095013003,Kansas City,1966
29095013100,Kansas City,1960
29095013203,Kansas City,1957
29095013208,Kansas City,1968
29095013210,Kansas City,1966
29095013301,Kansas City,1963
29095013307,Kansas City,1977
29095013309,Kansas City,1971
29095013313,Kansas City,1972
29095013401,Kansas City,1972
29095013405,Kansas City,1986
29095013407,Kansas City,1978
29095013410,Kansas City,1994
29095013416,Kansas City,1983
29095013417,Kansas City,1977
29095013418,Kansas City,1985
29095013502,Kansas City,1995
29095013504,Kansas City,2007
29095013606,Kansas City,1989
29095013612,Kansas City,2005
29095013613,Kansas City,1977
29095013614,Kansas City,2007
29095013615,Kansas City,1995
29095013705,Kansas City,1963
29095013706,Kansas City,1970
29095013707,Kansas City,1975
29095013708,Kansas City,1980
29095013801,Kansas City,1987
29095013803,Kansas City,1983
29095013804,Kansas City,2000
29095013902,Kansas City,2003
29095013904,Kansas City,1995
29095013916,Kansas City,1998
29095013917,Kansas City,1991
29095013918,Kansas City,1983
29095014002,Kansas City,1981
29095014004,Kansas City,1998
29095014005,Kansas City,1978
29095014006,Kansas City,1999
29095014008,Kansas City,1990
29095014009,Kansas City,2007
29095014111,Kansas City,2003
29095014112,Kansas City,2012
29095014120,Kansas City,1995
29095014121,Kansas City,1977
29095014122,Kansas City,2009
29095014123,Kansas City,1978
29095014124,Kansas City,1974
29095014125,Kansas City,1989
29095014126,Kansas City,1979
29095014127,Kansas City,1971
29095014128,Kansas City,1983
29095014203,Kansas City,2001
29095014205,Kansas City,1999
29095014206,Kansas City,1988
29095014300,Kansas City,1986
29095014400,Kansas City,1986
29095014501,Kansas City,1975
29095014503,Kansas City,2005
29095014504,Kansas City,1989
29095014601,Kansas City,1967
29095014603,Kansas City,1968
29095014604,Kansas City,1982
29095014701,Kansas City,1997
29095014702,Kansas City,1978
29095014804,Kansas City,2000
29095014806,Kansas City,1988
29095014902,Kansas City,1971
29095014903,Kansas City,1999
29095014904,Kansas City,1981
29095014905,Kansas City,1995
29095015000,Kansas City,1976
29095015100,Kansas City,1978
29095015200,Kansas City,1971
29095015300,Kansas City,1962
29095015401,Kansas City,1990
29095015402,Kansas City,1975
29095015500,Kansas City,1940
29095015600,Kansas City,1963
29095015701,Kansas City,1938
29095015702,Kansas City,1975
29095015800,Kansas City,1961
29095015900,Kansas City,1972
29095016000,Kansas City,1952
29095016100,Kansas City,1978
29095016200,Kansas City,1970
29095016300,Kansas City,1970
29095016400,Kansas City,1951
29095016500,Kansas City,1944
29095016600,Kansas City,1938
29095016700,Kansas City,1938
29095016801,Kansas City,1988
29095016802,Kansas City,1938
29095016900,Kansas City,1938
29095017000,Kansas City,1967
29095017100,Kansas City,1957
29095017200,Kansas City,1971
29095017300,Kansas City,1966
29095017400,Kansas City,1974
29095017500,Kansas City,1956
29095017600,Kansas City,1978
29095017700,Kansas City,1984
29095017800,Kansas City,1938
29095017900,Kansas City,1990
29095018000,Kansas City,1966
29095018101,Kansas City,1997
29095018102,Kansas City,2011
29095018200,Kansas City,2007
29095018500,Kansas City,2002
29095018600,Kansas City,1992
29095019301,Kansas City,1987
29095019302,Kansas City,1995
29095980101,Kansas City,-666666666
29095980802,Kansas City,-666666666
29095988300,Kansas City,1968
29095989100,Kansas City,2021
29095989200,Kansas City,-666666666
29165030002,Kansas City,1973
29165030003,Kansas City,1987
29165030004,Kansas City,1981
29165030101,Kansas City,1990
29165030102,Kansas City,1994
29165030103,Kansas City,1986
29165030201,Kansas City,2011
29165030207,Kansas City,1989
29165030208,Kansas City,1990
29165030210,Kansas City,2004
29165030211,Kansas City,1988
29165030212,Kansas City,1999
29165030213,Kansas City,1999
29165030214,Kansas City,1975
29165030215,Kansas City,1974
29165030216,Kansas City,1990
29165030306,Kansas City,2006
29165030308,Kansas City,1999
29165030309,Kansas City,1981
29165030310,Kansas City,1978
29165030401,Kansas City,2004
29165030501,Kansas City,2001
29165030502,Kansas City,1967
29165030601,Kansas City,1994
29165030602,Kansas City,1973
29165030700,Kansas City,1977
29165980000,Kansas City,-666666666
36005000100,New York,-666666666
36005000200,New York,1959
36005000400,New York,1990
36005001600,New York,1974
36005001901,New York,2008
36005001902,New York,1955
36005001903,New York,-666666666
36005001904,New York,-666666666
36005002001,New York,1953
36005002002,New York,1949
36005002300,New York,1960
36005002400,New York,-666666666
36005002500,New York,1955
36005002701,New York,1959
36005002702,New York,1970
36005002800,New York,1967
36005003100,New York,1976
36005003300,New York,1991
36005003500,New York,1967
36005003700,New York,1951
36005003800,New York,1963
36005003900,New York,1963
36005004001,New York,1955
36005004100,New York,1970
36005004200,New York,1965
36005004300,New York,1973
36005004400,New York,1957
36005004600,New York,1963
36005004800,New York,1938
36005005001,New York,1944
36005005002,New York,1938
36005005100,New York,1974
36005005200,New York,1947
36005005300,New York,1974
36005005400,New York,1938
36005005600,New York,1938
36005005902,New York,1951
36005006000,New York,1938
36005006100,New York,1964
36005006200,New York,1957
36005006301,New York,1944
36005006302,New York,-666666666
36005006400,New York,1956
36005006500,New York,1993
36005006700,New York,1951
36005006800,New York,1958
36005006900,New York,1990
36005007000,New York,1951
36005007100,New York,1999
36005007200,New York,1938
36005007300,New York,1954
36005007400,New York,1973
36005007500,New York,1996
36005007600,New York,1938
36005007700,New York,1968
36005007800,New York,1938
36005007900,New York,1952
36005008300,New York,1954
36005008400,New York,1964
36005008500,New York,1967
36005008600,New York,1961
36005008700,New York,1984
36005008900,New York,1986
36005009000,New York,1962
36005009200,New York,1942
36005009301,New York,1952
36005009302,New York,-666666666
36005009600,New York,1978
36005009800,New York,1959
36005011000,New York,-666666666
36005011502,New York,1960
36005011701,New York,1946
36005011702,New York,-666666666
36005011800,New York,1949
36005011900,New York,1971
36005012101,New York,1982
36005012102,New York,1955
36005012300,New York,2002
36005012500,New York,2001
36005012701,New York,1942
36005012901,New York,2003
36005013000,New York,1963
36005013100,New York,1994
36005013200,New York,1962
36005013300,New York,1962
36005013500,New York,1959
36005013800,New York,1960
36005014100,New York,2009
36005014300,New York,1982
36005014400,New York,1959
36005014500,New York,1969
36005014701,New York,1963
36005014702,New York,1961
36005014900,New York,1964
36005015100,New York,1975
36005015200,New York,1951
36005015300,New York,1982
36005015500,New York,1952
36005015700,New York,2010
36005015800,New York,1963
36005015900,New York,1974
36005016000,New York,1962
36005016100,New York,1965
36005016200,New York,1956
36005016300,New York,-666666666
36005016400,New York,1947
36005016500,New York,1989
36005016600,New York,1953
36005016700,New York,2001
36005016900,New York,1963
36005017100,New York,-666666666
36005017300,New York,1980
36005017500,New York,1958
36005017701,New York,1955
36005017702,New York,1961
36005017901,New York,1961
36005017902,New York,1952
36005018101,New York,1968
36005018102,New York,1938
36005018301,New York,1957
36005018302,New York,1948
36005018400,New York,1938
36005018501,New York,2010
36005018502,New York,1982
36005018900,New York,1960
36005019300,New York,1955
36005019400,New York,1952
36005019500,New York,1955
36005019700,New York,1938
36005019900,New York,1948
36005020000,New York,1938
36005020100,New York,1960
36005020200,New York,1938
36005020400,New York,1938
36005020501,New York,1971
36005020502,New York,1974
36005020601,New York,1938
36005020900,New York,1960
36005021001,New York,1944
36005021002,New York,1943
36005021100,New York,1959
36005021200,New York,1943
36005021301,New York,1959
36005021302,New York,1992
36005021501,New York,1950
36005021502,New York,1962
36005021601,New York,1938
36005021602,New York,1944
36005021700,New York,1950
36005021800,New York,1938
36005021900,New York,1938
36005022000,New York,1938
36005022101,New York,1968
36005022102,New York,1947
36005022200,New York,1938
36005022300,New York,1963
36005022401,New York,1938
36005022403,New York,1938
36005022404,New York,1938
36005022500,New York,1946
36005022701,New York,1966
36005022702,New York,1961
36005022703,New York,1943
36005022800,New York,1953
36005022901,New York,1944
36005022902,New York,1963
36005023000,New York,1938
36005023100,New York,1938
36005023200,New York,1938
36005023301,New York,1938
36005023302,New York,1938
36005023501,New York,1941
36005023502,New York,1947
36005023600,New York,1938
36005023702,New York,1938
36005023703,New York,1938
36005023704,New York,1956
36005023800,New York,1938
36005023900,New York,1959
36005024000,New York,1938
36005024100,New York,1954
36005024300,New York,1976
36005024400,New York,1951
36005024501,New York,1938
36005024502,New York,1946
36005024600,New York,1953
36005024700,New York,1956
36005024800,New York,1954
36005024900,New York,-666666666
36005025000,New York,1951
36005025100,New York,1952
36005025200,New York,1949
36005025300,New York,1938
36005025400,New York,1950
36005025500,New York,1946
36005025600,New York,1938
36005025700,New York,1942
36005026100,New York,1961
36005026300,New York,1938
36005026400,New York,1938
36005026500,New York,1938
36005026601,New York,1963
36005026602,New York,1955
36005026701,New York,1938
36005026702,New York,1938
36005026900,New York,1951
36005027300,New York,1938
36005027401,New York,1956
36005027402,New York,1958
36005027600,New York,1938
36005027700,New York,1938
36005027900,New York,1954
36005028100,New York,1953
36005028300,New York,1957
36005028400,New York,-666666666
36005028500,New York,1957
36005028600,New York,1942
36005028700,New York,1961
36005028800,New York,1956
36005028900,New York,1962
36005029301,New York,1957
36005029302,New York,1963
36005029500,New York,1955
36005029600,New York,1968
36005029700,New York,1954
36005030000,New York,1957
36005030100,New York,1960
36005030201,New York,1966
36005030202,New York,1967
36005030701,New York,1962
36005030900,New York,1963
36005031000,New York,1955
36005031200,New York,1952
36005031400,New York,1952
36005031600,New York,1954
36005031800,New York,1952
36005031900,New York,-666666666
36005032300,New York,1958
36005032400,New York,1952
36005032600,New York,1948
36005032800,New York,1953
36005033000,New York,1957
36005033201,New York,1953
36005033202,New York,1963
36005033400,New York,-666666666
36005033500,New York,1938
36005033601,New York,1946
36005033602,New York,1965
36005033700,New York,1938
36005033801,New York,1951
36005033802,New York,1948
36005034000,New York,1938
36005034200,New York,1943
36005034300,New York,1953
36005034400,New York,1952
36005034500,New York,1962
36005034800,New York,1955
36005035000,New York,1956
36005035100,New York,1962
36005035600,New York,1953
36005035800,New York,1952
36005035900,New York,2008
36005036000,New York,1947
36005036100,New York,1972
36005036300,New York,1967
36005036400,New York,1938
36005036501,New York,1963
36005036502,New York,1985
36005036700,New York,1994
36005036800,New York,1938
36005036901,New York,1978
36005036902,New York,1974
36005037000,New York,1955
36005037100,New York,1979
36005037200,New York,1958
36005037300,New York,1963
36005037400,New York,1954
36005037504,New York,1979
36005037600,New York,1938
36005037800,New York,1953
36005037900,New York,1986
36005038000,New York,1961
36005038100,New York,1947
36005038200,New York,1952
36005038301,New York,1938
36005038303,New York,1971
36005038304,New York,1953
36005038500,New York,1950
36005038600,New York,1954
36005038700,New York,1953
36005038800,New York,1958
36005038900,New York,1938
36005039000,New York,1954
36005039100,New York,1947
36005039200,New York,1950
36005039300,New York,1960
36005039400,New York,1938
36005039500,New York,1985
36005039600,New York,1955
36005039700,New York,1938
36005039800,New York,1948
36005039901,New York,1938
36005039902,New York,1938
36005040100,New York,1938
36005040302,New York,1938
36005040303,New York,1938
36005040304,New York,1938
36005040400,New York,1951
36005040501,New York,1938
36005040502,New York,1938
36005040600,New York,1938
36005040701,New York,1938
36005040702,New York,1938
36005040800,New York,1938
36005040900,New York,1968
36005041100,New York,1953
36005041300,New York,1938
36005041400,New York,1947
36005041500,New York,1938
36005041800,New York,1944
36005041900,New York,1943
36005042000,New York,1938
36005042100,New York,1938
36005042200,New York,1955
36005042300,New York,1938
36005042400,New York,1957
36005042500,New York,1943
36005042600,New York,1943
36005042800,New York,1955
36005042901,New York,1938
36005042902,New York,1945
36005043000,New York,1953
36005043101,New York,1938
36005043102,New York,1938
36005043400,New York,1960
36005043501,New York,2015
36005043502,New York,-666666666
36005043503,New York,-666666666
36005043600,New York,1938
36005044200,New York,1952
36005044400,New York,1953
36005044800,New York,1963
36005044901,New York,1942
36005044902,New York,1948
36005045101,New York,1938
36005045102,New York,1951
36005045600,New York,1954
36005045800,New York,1961
36005046000,New York,1964
36005046203,New York,1967
36005046204,New York,1967
36005046205,New York,1968
36005046206,New York,1961
36005046207,New York,1964
36005046208,New York,1974
36005046209,New York,1964
36005048401,New York,1967
36005048402,New York,-666666666
36005050400,New York,-666666666
36005051601,New York,1938
36005051602,New York,-666666666
36047000100,New York,1963
36047000200,New York,1938
36047000301,New York,1938
36047000501,New York,1938
36047000502,New York,1938
36047000700,New York,1938
36047000900,New York,1952
36047001100,New York,2011
36047001300,New York,1957
36047001501,New York,2003
36047001502,New York,2012
36047001801,New York,-666666666
36047001802,New York,-666666666
36047001803,New York,-666666666
36047001804,New York,-666666666
36047002000,New York,1938
36047002100,New York,2003
36047002200,New York,1940
36047002300,New York,1953
36047002901,New York,1948
36047003000,New York,1938
36047003101,New York,1968
36047003102,New York,-666666666
36047003300,New York,2010
36047003400,New York,1938
36047003500,New York,1975
36047003600,New York,1938
36047003700,New York,2014
36047003800,New York,1938
36047003900,New York,1948
36047004100,New York,1938
36047004300,New York,1975
36047004400,New York,1938
36047004500,New York,1938
36047004600,New York,1938
36047004700,New York,1966
36047004900,New York,1938
36047005000,New York,1938
36047005100,New York,1938
36047005201,New York,1957
36047005202,New York,1952
36047005301,New York,1938
36047005302,New York,1938
36047005303,New York,1982
36047005400,New York,1943
36047005601,New York,1938
36047005602,New York,1960
36047005800,New York,1938
36047005900,New York,1938
36047006000,New York,1938
36047006200,New York,1938
36047006300,New York,1938
36047006400,New York,1938
36047006500,New York,1938
36047006600,New York,1938
36047006700,New York,1938
36047006800,New York,1938
36047006901,New York,1938
36047006902,New York,1938
36047007000,New York,1954
36047007100,New York,1942
36047007200,New York,1938
36047007400,New York,1938
36047007500,New York,1938
36047007600,New York,1938
36047007700,New York,1946
36047007800,New York,1938
36047008000,New York,1938
36047008200,New York,1938
36047008400,New York,1941
36047008500,New York,1941
36047008600,New York,-666666666
36047008800,New York,1938
36047009001,New York,1938
36047009002,New York,1938
36047009201,New York,1938
36047009202,New York,1938
36047009401,New York,1938
36047009402,New York,1938
36047009600,New York,1938
36047009800,New York,1938
36047010000,New York,1938
36047010100,New York,1943
36047010200,New York,1938
36047010401,New York,1938
36047010402,New York,1938
36047010601,New York,1938
36047010602,New York,1938
36047010801,New York,1938
36047010802,New York,1938
36047011000,New York,1938
36047011200,New York,1938
36047011400,New York,1938
36047011600,New York,1938
36047011700,New York,1938
36047011800,New York,1938
36047011901,New York,1938
36047011902,New York,-666666666
36047012000,New York,1938
36047012100,New York,1938
36047012200,New York,1938
36047012600,New York,1938
36047012700,New York,1968
36047012801,New York,1942
36047012901,New York,1938
36047012902,New York,2010
36047013000,New York,1938
36047013100,New York,1938
36047013200,New York,1938
36047013300,New York,1938
36047013400,New York,1938
36047013500,New York,1938
36047013600,New York,1938
36047013700,New York,1938
36047013800,New York,1938
36047013900,New York,1938
36047014000,New York,1938
36047014101,New York,1938
36047014102,New York,1947
36047014200,New York,1938
36047014300,New York,1938
36047014500,New York,1938
36047014700,New York,1938
36047014800,New York,1938
36047014901,New York,1938
36047014902,New York,1938
36047015000,New York,1938
36047015100,New York,1938
36047015200,New York,1945
36047015300,New York,1938
36047015400,New York,-666666666
36047015500,New York,1938
36047015700,New York,1938
36047015900,New York,1938
36047016000,New York,1938
36047016100,New York,1938
36047016200,New York,1938
36047016300,New York,1940
36047016400,New York,2001
36047016500,New York,1938
36047016600,New York,1938
36047016700,New York,1938
36047016800,New York,1958
36047016900,New York,1938
36047017000,New York,1938
36047017100,New York,1938
36047017200,New York,1938
36047017400,New York,1947
36047017500,New York,-666666666
36047017600,New York,1951
36047017700,New York,-666666666
36047017800,New York,1953
36047017900,New York,1977
36047018000,New York,1938
36047018100,New York,1938
36047018200,New York,1938
36047018300,New York,1938
36047018400,New York,1945
36047018501,New York,1952
36047018600,New York,1938
36047018700,New York,1938
36047018800,New York,1938
36047019000,New York,1938
36047019100,New York,1951
36047019200,New York,1952
36047019300,New York,1959
36047019400,New York,1958
36047019500,New York,1938
36047019600,New York,1938
36047019700,New York,1938
36047019800,New York,1938
36047019900,New York,1946
36047020000,New York,1938
36047020100,New York,1938
36047020200,New York,1938
36047020300,New York,2000
36047020400,New York,1938
36047020500,New York,1938
36047020600,New York,1938
36047020700,New York,1938
36047020800,New York,1938
36047021000,New York,1938
36047021100,New York,1964
36047021200,New York,1938
36047021300,New York,1938
36047021400,New York,1938
36047021500,New York,1938
36047021600,New York,1938
36047021700,New York,1946
36047021800,New York,1938
36047021900,New York,1938
36047022000,New York,1938
36047022100,New York,1938
36047022200,New York,1938
36047022400,New York,1947
36047022600,New York,1975
36047022700,New York,1963
36047022800,New York,1938
36047022900,New York,1938
36047023000,New York,1938
36047023100,New York,1938
36047023200,New York,1938
36047023300,New York,1962
36047023400,New York,1938
36047023500,New York,1993
36047023600,New York,1941
36047023800,New York,1956
36047024000,New York,1938
36047024100,New York,1967
36047024200,New York,1938
36047024300,New York,1938
36047024400,New York,1938
36047024500,New York,1938
36047024600,New York,1938
36047024700,New York,1938
36047024800,New York,1938
36047024900,New York,1938
36047025000,New York,1938
36047025100,New York,1972
36047025200,New York,1938
36047025300,New York,1972
36047025400,New York,1938
36047025500,New York,1948
36047025600,New York,1938
36047025700,New York,1993
36047025800,New York,1938
36047025901,New York,1990
36047025902,New York,1965
36047026000,New York,1938
36047026100,New York,1982
36047026200,New York,1938
36047026300,New York,1938
36047026400,New York,1938
36047026500,New York,1938
36047026600,New York,1938
36047026700,New York,1938
36047026800,New York,1938
36047026900,New York,1938
36047027000,New York,1938
36047027100,New York,2012
36047027200,New York,1938
36047027300,New York,1938
36047027400,New York,1938
36047027500,New York,1938
36047027600,New York,1938
36047027700,New York,1958
36047027800,New York,1945
36047027900,New York,1938
36047028000,New York,1943
36047028100,New York,1965
36047028200,New York,1947
36047028300,New York,1952
36047028400,New York,1938
36047028501,New York,2010
36047028502,New York,1956
36047028600,New York,1943
36047028700,New York,1950
36047028800,New York,1938
36047028900,New York,1938
36047029000,New York,1938
36047029100,New York,1938
36047029200,New York,1938
36047029300,New York,1938
36047029400,New York,1945
36047029500,New York,1938
36047029600,New York,1938
36047029700,New York,1938
36047029800,New York,1938
36047029900,New York,1973
36047030000,New York,1958
36047030100,New York,1938
36047030200,New York,1952
36047030300,New York,1969
36047030400,New York,1962
36047030500,New York,1948
36047030600,New York,1957
36047030700,New York,1948
36047030800,New York,1965
36047030900,New York,1968
36047031100,New York,1938
36047031300,New York,1938
36047031401,New York,1964
36047031402,New York,-666666666
36047031500,New York,1938
36047031701,New York,1938
36047031702,New York,1938
36047031900,New York,1938
36047032100,New York,1938
36047032300,New York,1938
36047032500,New York,1946
36047032600,New York,1969
36047032700,New York,1938
36047032800,New York,1976
36047032900,New York,1938
36047033000,New York,1971
36047033100,New York,1938
36047033300,New York,1938
36047033500,New York,1938
36047033600,New York,1954
36047033701,New York,1938
36047033702,New York,1938
36047033900,New York,1938
36047034000,New York,1957
36047034100,New York,1938
36047034200,New York,1973
36047034300,New York,1938
36047034500,New York,1938
36047034700,New York,1938
36047034800,New York,1983
36047034901,New York,1938
36047034902,New York,1938
36047035000,New York,1965
36047035101,New York,1938
36047035102,New York,1938
36047035200,New York,1963
36047035301,New York,1938
36047035302,New York,1938
36047035400,New York,1965
36047035500,New York,1938
36047035601,New York,1964
36047035602,New York,1965
36047035701,New York,1938
36047035702,New York,-666666666
36047035900,New York,1938
36047036001,New York,1951
36047036002,New York,1938
36047036100,New York,1979
36047036200,New York,1952
36047036300,New York,1980
36047036400,New York,1958
36047036501,New York,1964
36047036502,New York,2008
36047036600,New York,1955
36047036700,New York,1938
36047036900,New York,1947
36047037000,New York,1953
36047037100,New York,1951
36047037300,New York,1947
36047037401,New York,1951
36047037402,New York,1957
36047037500,New York,1938
36047037700,New York,1938
36047037900,New York,1954
36047038100,New York,1938
36047038200,New York,1955
36047038300,New York,1938
36047038500,New York,1938
36047038600,New York,1938
36047038700,New York,1938
36047038800,New York,1954
36047038900,New York,1945
36047039000,New York,1951
36047039100,New York,2012
36047039200,New York,1946
36047039300,New York,1949
36047039400,New York,1938
36047039500,New York,1938
36047039600,New York,1945
36047039700,New York,1938
36047039800,New York,1940
36047039900,New York,1938
36047040000,New York,1938
36047040100,New York,1950
36047040200,New York,1938
36047040300,New York,1938
36047040400,New York,1943
36047040500,New York,1964
36047040600,New York,1938
36047040700,New York,-666666666
36047040800,New York,1938
36047040900,New York,1938
36047041000,New York,1938
36047041100,New York,1963
36047041200,New York,1938
36047041300,New York,1948
36047041401,New York,1954
36047041402,New York,1938
36047041500,New York,1938
36047041600,New York,1938
36047041700,New York,1977
36047041800,New York,1938
36047041900,New York,1975
36047042000,New York,1938
36047042100,New York,1967
36047042200,New York,1938
36047042300,New York,2002
36047042400,New York,1938
36047042500,New York,1980
36047042600,New York,1938
36047042700,New York,1950
36047042800,New York,1938
36047042900,New York,1938
36047043000,New York,1938
36047043100,New York,1938
36047043200,New York,1938
36047043300,New York,1984
36047043400,New York,1938
36047043500,New York,1944
36047043600,New York,1938
36047043700,New York,1938
36047043800,New York,1944
36047043900,New York,1938
36047044000,New York,1942
36047044100,New York,1952
36047044200,New York,1944
36047044300,New York,1938
36047044400,New York,1943
36047044500,New York,1938
36047044600,New York,1948
36047044700,New York,1938
36047044800,New York,1953
36047044901,New York,1950
36047044902,New York,-666666666
36047045000,New York,1938
36047045200,New York,1950
36047045300,New York,1938
36047045400,New York,1938
36047045600,New York,1938
36047045800,New York,1951
36047046000,New York,1938
36047046201,New York,1952
36047046202,New York,1938
36047046400,New York,1938
36047046800,New York,1938
36047047000,New York,1947
36047047200,New York,1938
36047047400,New York,1938
36047047600,New York,1938
36047047700,New York,1983
36047047800,New York,1938
36047048000,New York,1938
36047048100,New York,1956
36047048200,New York,1944
36047048400,New York,1940
36047048500,New York,1938
36047048600,New York,1938
36047048800,New York,1948
36047048900,New York,1961
36047049000,New York,1957
36047049100,New York,1965
36047049200,New York,1946
36047049301,New York,1938
36047049302,New York,1979
36047049400,New York,1938
36047049500,New York,1953
36047049600,New York,1938
36047049700,New York,1970
36047049800,New York,1938
36047049900,New York,2001
36047050001,New York,1949
36047050002,New York,1938
36047050100,New York,1938
36047050202,New York,1938
36047050300,New York,1938
36047050401,New York,1938
36047050402,New York,1949
36047050500,New York,1938
36047050600,New York,1938
36047050700,New York,2008
36047050801,New York,1938
36047050803,New York,1938
36047050804,New York,1938
36047050900,New York,2004
36047051001,New York,1938
36047051002,New York,1938
36047051100,New York,1968
36047051200,New York,1938
36047051300,New York,1998
36047051400,New York,1944
36047051500,New York,2005
36047051601,New York,1938
36047051602,New York,1938
36047051700,New York,2000
36047051800,New York,1952
36047051900,New York,2005
36047052000,New York,1938
36047052300,New York,1946
36047052500,New York,1963
36047052600,New York,1938
36047052700,New York,1938
36047052800,New York,1938
36047052900,New York,1954
36047053000,New York,1938
36047053101,New York,1997
36047053102,New York,2004
36047053200,New York,1944
36047053300,New York,1938
36047053400,New York,1938
36047053500,New York,1940
36047053700,New York,2001
36047053800,New York,1945
36047053900,New York,1974
36047054200,New York,1957
36047054300,New York,-666666666
36047054400,New York,1944
36047054500,New York,1967
36047054600,New York,1944
36047054700,New York,2010
36047054800,New York,1941
36047054900,New York,2007
36047055000,New York,1947
36047055100,New York,2010
36047055200,New York,1948
36047055300,New York,1960
36047055400,New York,1949
36047055500,New York,2008
36047055600,New York,1953
36047055700,New York,1964
36047055800,New York,1938
36047056000,New York,1951
36047056100,New York,1938
36047056200,New York,1938
36047056301,New York,1959
36047056302,New York,2015
36047056400,New York,1938
36047056500,New York,1938
36047056600,New York,1954
36047056800,New York,1938
36047056900,New York,1938
36047057000,New York,1954
36047057100,New York,1938
36047057200,New York,1954
36047057300,New York,1938
36047057400,New York,1941
36047057500,New York,1938
36047057600,New York,1943
36047057800,New York,1945
36047057901,New York,1938
36047057902,New York,-666666666
36047058000,New York,1952
36047058200,New York,1938
36047058400,New York,1961
36047058600,New York,1949
36047058800,New York,1960
36047058901,New York,1938
36047058902,New York,-666666666
36047059000,New York,1960
36047059100,New York,1938
36047059200,New York,1950
36047059300,New York,1938
36047059402,New York,1949
36047059403,New York,1948
36047059404,New York,1949
36047059600,New York,1956
36047059800,New York,1961
36047060000,New York,1953
36047060600,New York,1960
36047060800,New York,1961
36047061002,New York,1964
36047061003,New York,1947
36047061004,New York,1949
36047061200,New York,1949
36047061600,New York,1947
36047062000,New York,1940
36047062200,New York,1960
36047062600,New York,1956
36047062800,New York,1938
36047063200,New York,1955
36047063600,New York,1938
36047063800,New York,1944
36047064000,New York,1938
36047064200,New York,1938
36047064400,New York,1938
36047064600,New York,1938
36047064800,New York,1938
36047065000,New York,1938
36047065200,New York,1938
36047065400,New York,1938
36047065600,New York,1938
36047065800,New York,1938
36047066000,New York,1938
36047066200,New York,1946
36047066600,New York,-666666666
36047067000,New York,1956
36047067200,New York,1938
36047067400,New York,1938
36047067600,New York,1949
36047067800,New York,1956
36047068000,New York,1938
36047068200,New York,1946
36047068600,New York,1958
36047068800,New York,1941
36047069000,New York,1951
36047069200,New York,1959
36047069601,New York,1972
36047069602,New York,1969
36047069800,New York,1938
36047070000,New York,1960
36047070201,New York,1964
36047070202,New York,-666666666
36047070203,New York,-666666666
36047070601,New York,1969
36047070602,New York,-666666666
36047072000,New York,1966
36047072200,New York,1953
36047072400,New York,1952
36047072600,New York,1942
36047072800,New York,1961
36047073000,New York,1948
36047073200,New York,1943
36047073400,New York,1938
36047073600,New York,1943
36047073800,New York,1938
36047074000,New York,1948
36047074200,New York,1938
36047074400,New York,1938
36047074600,New York,1944
36047074800,New York,1945
36047075000,New York,1938
36047075200,New York,1938
36047075400,New York,1938
36047075600,New York,1951
36047075800,New York,1950
36047076000,New York,1938
36047076200,New York,1938
36047076400,New York,1941
36047076600,New York,1952
36047076800,New York,1948
36047077000,New York,1938
36047077200,New York,1938
36047077400,New York,1938
36047077600,New York,1955
36047078000,New York,1938
36047078200,New York,1948
36047078400,New York,1938
36047078601,New York,1952
36047078602,New York,1964
36047078801,New York,1940
36047078802,New York,1945
36047079001,New York,1938
36047079002,New York,1938
36047079201,New York,1938
36047079202,New York,1938
36047079400,New York,1943
36047079601,New York,1938
36047079602,New York,1938
36047079801,New York,1938
36047079802,New York,1951
36047080000,New York,1938
36047080200,New York,1942
36047080400,New York,1938
36047080600,New York,1962
36047080800,New York,-666666666
36047081000,New York,1968
36047081400,New York,1938
36047081600,New York,1938
36047081800,New York,1955
36047082000,New York,1938
36047082200,New York,1938
36047082400,New York,1938
36047082600,New York,1938
36047082800,New York,1938
36047083000,New York,1942
36047083200,New York,1938
36047083400,New York,1938
36047083600,New York,1938
36047083800,New York,1938
36047084000,New York,1940
36047084600,New York,1942
36047084800,New York,1938
36047085000,New York,1945
36047085200,New York,-666666666
36047085400,New York,1947
36047085600,New York,1951
36047085800,New York,1944
36047086000,New York,1938
36047086200,New York,1938
36047086400,New York,1947
36047086600,New York,1938
36047086800,New York,1938
36047087000,New York,1938
36047087200,New York,1938
36047087401,New York,1961
36047087600,New York,1948
36047087800,New York,1938
36047088001,New York,1946
36047088002,New York,1958
36047088200,New York,1957
36047088400,New York,1948
36047088600,New York,1948
36047088800,New York,1938
36047089000,New York,1943
36047089200,New York,1938
36047089400,New York,1953
36047089600,New York,1938
36047089800,New York,1973
36047090000,New York,1978
36047090200,New York,1970
36047090600,New York,1958
36047090800,New York,1966
36047091000,New York,1958
36047091200,New York,1951
36047091600,New York,1977
36047091800,New York,1973
36047092000,New York,1982
36047092200,New York,1947
36047092400,New York,1990
36047092800,New York,1945
36047093000,New York,1943
36047093200,New York,1938
36047093400,New York,1938
36047093600,New York,1944
36047093800,New York,1938
36047094401,New York,1957
36047094402,New York,1947
36047094600,New York,1943
36047095000,New York,1963
36047095400,New York,1963
36047095600,New York,1958
36047095800,New York,1964
36047096000,New York,-666666666
36047096200,New York,1938
36047096400,New York,1952
36047096600,New York,1948
36047096800,New York,1942
36047097000,New York,1948
36047097400,New York,1951
36047098200,New York,1955
36047098400,New York,1963
36047098600,New York,1953
36047098800,New York,1960
36047099000,New York,1951
36047099200,New York,1957
36047099400,New York,1954
36047099600,New York,1963
36047099800,New York,1965
36047100400,New York,1960
36047100600,New York,1962
36047100800,New York,1956
36047101000,New York,1938
36047101200,New York,1955
36047101400,New York,1956
36047101600,New York,1964
36047101800,New York,1967
36047102000,New York,1957
36047102200,New York,1960
36047102400,New York,1957
36047102600,New York,1963
36047102801,New York,1962
36047102802,New York,-666666666
36047103401,New York,1955
36047103402,New York,-666666666
36047105801,New York,1974
36047105804,New York,1975
36047107001,New York,2015
36047107002,New York,-666666666
36047107003,New York,-666666666
36047107800,New York,1964
36047109800,New York,1958
36047110400,New York,1944
36047110600,New York,1961
36047111000,New York,1953
36047111600,New York,1955
36047111800,New York,1954
36047112000,New York,1950
36047112200,New York,1961
36047112400,New York,1955
36047112600,New York,1988
36047112800,New York,1943
36047113000,New York,1973
36047113200,New York,2006
36047113400,New York,1974
36047114201,New York,1938
36047114202,New York,1938
36047114400,New York,1938
36047114600,New York,1938
36047115000,New York,1992
36047115200,New York,1978
36047115600,New York,1967
36047115800,New York,1938
36047116000,New York,1984
36047116200,New York,1985
36047116400,New York,1938
36047116600,New York,1992
36047116800,New York,1995
36047117000,New York,1938
36047117201,New York,1938
36047117202,New York,1938
36047117400,New York,1938
36047117601,New York,1938
36047117602,New York,1938
36047117800,New York,1938
36047118000,New York,-666666666
36047118201,New York,1938
36047118202,New York,1938
36047118400,New York,1938
36047118600,New York,1938
36047118800,New York,1938
36047119000,New York,1938
36047119200,New York,1938
36047119400,New York,1961
36047119600,New York,1940
36047119800,New York,1938
36047120000,New York,1938
36047120200,New York,1947
36047120801,New York,1950
36047120802,New York,1973
36047120803,New York,1995
36047121000,New York,1954
36047121400,New York,1955
36047122000,New York,1985
36047123700,New York,2001
36047150200,New York,1938
36047152200,New York,1938
36047990100,New York,-666666666
36061000100,New York,-666666666
36061000201,New York,1952
36061000202,New York,1951
36061000500,New York,-666666666
36061000600,New York,1968
36061000700,New York,1938
36061000800,New York,1938
36061000900,New York,1962
36061001001,New York,1954
36061001002,New York,1954
36061001200,New York,1949
36061001300,New York,1938
36061001401,New York,1962
36061001402,New York,1971
36061001501,New York,1973
36061001502,New York,1978
36061001600,New York,1965
36061001800,New York,1938
36061002000,New York,1949
36061002100,New York,1994
36061002201,New York,1964
36061002202,New York,1986
36061002400,New York,1947
36061002500,New York,1953
36061002601,New York,1957
36061002602,New York,1938
36061002700,New York,1963
36061002800,New York,1965
36061002901,New York,1993
36061002902,New York,1938
36061003001,New York,1938
36061003002,New York,1943
36061003100,New York,1991
36061003200,New York,1938
36061003300,New York,1938
36061003400,New York,1938
36061003601,New York,1965
36061003602,New York,1945
36061003700,New York,1971
36061003800,New York,1938
36061003900,New York,1938
36061004001,New York,1938
36061004002,New York,1938
36061004100,New York,1938
36061004200,New York,1963
36061004300,New York,1938
36061004400,New York,1945
36061004500,New York,1938
36061004700,New York,1938
36061004800,New York,1952
36061004900,New York,1938
36061005000,New York,1957
36061005200,New York,1938
36061005400,New York,1962
36061005501,New York,1962
36061005502,New York,1938
36061005600,New York,1938
36061005700,New York,1965
36061005800,New York,2002
36061005900,New York,1951
36061006000,New York,-666666666
36061006100,New York,1938
36061006200,New York,1976
36061006300,New York,1938
36061006400,New York,1958
36061006500,New York,1938
36061006600,New York,1966
36061006700,New York,1938
36061006800,New York,1948
36061006900,New York,1938
36061007001,New York,1968
36061007002,New York,1965
36061007100,New York,1938
36061007200,New York,1968
36061007300,New York,1938
36061007400,New York,1968
36061007500,New York,1953
36061007600,New York,1958
36061007700,New York,1938
36061007800,New York,1977
36061007900,New York,1938
36061008000,New York,1948
36061008100,New York,1938
36061008200,New York,1953
36061008300,New York,1962
36061008400,New York,1995
36061008601,New York,1988
36061008602,New York,-666666666
36061008603,New York,1958
36061008700,New York,1952
36061008800,New York,1956
36061008900,New York,1938
36061009000,New York,1965
36061009100,New York,1942
36061009200,New York,1944
36061009300,New York,1938
36061009400,New York,1986
36061009500,New York,1962
36061009600,New York,2004
36061009700,New York,1962
36061009800,New York,1962
36061009901,New York,2004
36061009902,New York,2014
36061009903,New York,2014
36061010000,New York,1954
36061010100,New York,2012
36061010200,New York,1972
36061010300,New York,1981
36061010400,New York,1962
36061010601,New York,1957
36061010602,New York,1962
36061010801,New York,1963
36061010802,New York,1947
36061010803,New York,1965
36061010900,New York,1938
36061011000,New York,1964
36061011100,New York,2000
36061011201,New York,1961
36061011202,New York,1978
36061011203,New York,1964
36061011300,New York,2003
36061011401,New York,1938
36061011402,New York,1954
36061011500,New York,2007
36061011600,New York,1938
36061011700,New York,2006
36061011800,New York,1964
36061011900,New York,1938
36061012000,New York,1961
36061012101,New York,1961
36061012102,New York,1973
36061012200,New York,1938
36061012400,New York,1968
36061012500,New York,1993
36061012601,New York,1962
36061012602,New York,1963
36061012700,New York,1941
36061012800,New York,1952
36061012901,New York,2011
36061012902,New York,1945
36061013000,New York,1938
36061013100,New York,1967
36061013201,New York,1967
36061013202,New York,1938
36061013203,New York,1961
36061013300,New York,1972
36061013400,New York,1963
36061013501,New York,2004
36061013502,New York,2005
36061013601,New York,1956
36061013602,New York,1966
36061013603,New York,1964
36061013604,New York,1959
36061013700,New York,1949
36061013800,New York,1961
36061013900,New York,1955
36061014000,New York,1938
36061014200,New York,1938
36061014300,New York,-666666666
36061014401,New York,1957
36061014402,New York,1963
36061014500,New York,1985
36061014601,New York,1963
36061014602,New York,1961
36061014700,New York,2001
36061014801,New York,1964
36061014802,New York,1938
36061014900,New York,1975
36061015001,New York,1938
36061015002,New York,1938
36061015101,New York,1951
36061015102,New York,2010
36061015200,New York,1966
36061015301,New York,1938
36061015302,New York,1969
36061015401,New York,1952
36061015402,New York,1971
36061015403,New York,1976
36061015501,New York,1966
36061015502,New York,1970
36061015601,New York,1981
36061015602,New York,1971
36061015700,New York,1938
36061015801,New York,1938
36061015802,New York,1990
36061015900,New York,1938
36061016001,New York,1938
36061016002,New York,1938
36061016100,New York,1938
36061016200,New York,1968
36061016300,New York,1938
36061016400,New York,1971
36061016500,New York,1938
36061016600,New York,1950
36061016700,New York,1938
36061016800,New York,1957
36061016900,New York,1938
36061017000,New York,1961
36061017100,New York,1938
36061017200,New York,1962
36061017300,New York,1938
36061017401,New York,1960
36061017402,New York,1979
36061017500,New York,1938
36061017700,New York,1961
36061017800,New York,1938
36061017900,New York,1938
36061018000,New York,1956
36061018100,New York,1961
36061018200,New York,1957
36061018300,New York,1938
36061018400,New York,1969
36061018500,New York,1965
36061018600,New York,1955
36061018700,New York,1938
36061018800,New York,1942
36061018900,New York,1938
36061019000,New York,2001
36061019100,New York,1938
36061019200,New York,1960
36061019300,New York,1959
36061019400,New York,1966
36061019500,New York,1938
36061019600,New York,1975
36061019701,New York,2010
36061019702,New York,1966
36061019800,New York,1994
36061019900,New York,1938
36061020000,New York,1938
36061020101,New York,1938
36061020102,New York,1938
36061020300,New York,1938
36061020500,New York,1938
36061020600,New York,1938
36061020701,New York,1938
36061020800,New York,1945
36061020901,New York,1954
36061021000,New York,1953
36061021100,New York,1951
36061021200,New York,1961
36061021303,New York,1938
36061021400,New York,1957
36061021500,New York,1973
36061021600,New York,1938
36061021703,New York,-666666666
36061021800,New York,1974
36061021900,New York,1954
36061022000,New York,1938
36061022102,New York,1938
36061022200,New York,1971
36061022301,New York,1938
36061022302,New York,1973
36061022400,New York,1952
36061022500,New York,1938
36061022600,New York,1938
36061022700,New York,1938
36061022800,New York,1938
36061022900,New York,1938
36061023000,New York,1946
36061023100,New York,1938
36061023200,New York,1944
36061023300,New York,1938
36061023400,New York,1946
36061023501,New York,1938
36061023502,New York,1938
36061023600,New York,1964
36061023700,New York,1938
36061023802,New York,1981
36061023803,New York,1974
36061023804,New York,2006
36061023900,New York,1949
36061024000,New York,-666666666
36061024100,New York,1938
36061024200,New York,1978
36061024301,New York,1938
36061024302,New York,1961
36061024500,New York,1938
36061024700,New York,1938
36061024900,New York,1938
36061025100,New York,1941
36061025300,New York,1938
36061025500,New York,1938
36061025700,New York,1946
36061025900,New York,2000
36061026100,New York,1938
36061026300,New York,1938
36061026500,New York,1938
36061026700,New York,1946
36061026900,New York,1938
36061027100,New York,1938
36061027300,New York,1938
36061027500,New York,1938
36061027700,New York,1938
36061027900,New York,1938
36061028100,New York,1938
36061028300,New York,1952
36061028500,New York,1938
36061028700,New York,1938
36061029100,New York,1938
36061029300,New York,1938
36061029500,New York,1938
36061029700,New York,-666666666
36061029900,New York,1953
36061030300,New York,1938
36061030700,New York,1938
36061030900,New York,1948
36061031100,New York,-666666666
36061031703,New York,2001
36061031704,New York,1986
36061031900,New York,-666666666
36081000101,New York,2010
36081000102,New York,2012
36081000103,New York,-666666666
36081000104,New York,-666666666
36081000200,New York,1952
36081000400,New York,1938
36081000600,New York,1938
36081000701,New York,2002
36081000702,New York,2004
36081000800,New York,1938
36081001000,New York,1938
36081001200,New York,1938
36081001400,New York,1938
36081001600,New York,1938
36081001800,New York,1938
36081001901,New York,2014
36081001902,New York,2015
36081001903,New York,2015
36081002000,New York,1938
36081002200,New York,1938
36081002400,New York,1938
36081002500,New York,1946
36081002600,New York,1938
36081002800,New York,1938
36081003000,New York,1938
36081003100,New York,1947
36081003200,New York,1942
36081003301,New York,2014
36081003302,New York,1945
36081003400,New York,1938
36081003600,New York,1938
36081003700,New York,2021
36081003800,New York,1946
36081003900,New York,1958
36081004001,New York,1946
36081004002,New York,1971
36081004200,New York,1941
36081004300,New York,1955
36081004401,New York,1958
36081004500,New York,1957
36081004700,New York,1952
36081005000,New York,-666666666
36081005100,New York,1946
36081005200,New York,1964
36081005300,New York,1938
36081005400,New York,1938
36081005500,New York,1951
36081005700,New York,1938
36081005800,New York,1957
36081005900,New York,1938
36081006100,New York,1948
36081006201,New York,1962
36081006202,New York,1964
36081006300,New York,1938
36081006501,New York,1938
36081006502,New York,1947
36081006900,New York,1971
36081007100,New York,1942
36081007300,New York,1955
36081007500,New York,1948
36081007700,New York,2004
36081007900,New York,1958
36081008100,New York,2006
36081008300,New York,1973
36081008500,New York,1962
36081008600,New York,1938
36081008700,New York,1958
36081008800,New York,1950
36081009100,New York,1983
36081009400,New York,1938
36081009500,New York,1938
36081009600,New York,1938
36081009700,New York,1938
36081009800,New York,1938
36081009900,New York,-666666666
36081010000,New York,1938
36081010100,New York,1938
36081010200,New York,1938
36081010300,New York,1948
36081010400,New York,1938
36081010500,New York,1947
36081010600,New York,1938
36081010701,New York,-666666666
36081010800,New York,1938
36081011000,New York,1940
36081011100,New York,1945
36081011200,New York,1938
36081011300,New York,1938
36081011400,New York,1938
36081011500,New York,1946
36081011600,New York,1938
36081011700,New York,1938
36081011800,New York,1945
36081011900,New York,1945
36081012000,New York,1938
36081012100,New York,1945
36081012200,New York,1938
36081012301,New York,1948
36081012400,New York,1938
36081012500,New York,1940
36081012601,New York,1938
36081012602,New York,1940
36081012800,New York,1938
36081013000,New York,1938
36081013200,New York,1941
36081013400,New York,1943
36081013500,New York,1956
36081013600,New York,1946
36081013700,New York,1956
36081013800,New York,1946
36081014000,New York,1951
36081014100,New York,1942
36081014201,New York,1938
36081014202,New York,1943
36081014300,New York,1938
36081014400,New York,1944
36081014500,New York,1945
36081014700,New York,1940
36081014800,New York,1938
36081014900,New York,1938
36081015000,New York,1938
36081015100,New York,1945
36081015200,New York,1938
36081015300,New York,1942
36081015400,New York,1938
36081015500,New York,1954
36081015600,New York,1945
36081015700,New York,1938
36081015801,New York,1938
36081015802,New York,1938
36081015900,New York,1938
36081016100,New York,1942
36081016300,New York,1945
36081016400,New York,1938
36081016600,New York,1938
36081016800,New York,1941
36081016900,New York,1943
36081017000,New York,1944
36081017101,New York,-666666666
36081017102,New York,2018
36081017200,New York,1938
36081017400,New York,1938
36081017600,New York,1942
36081017800,New York,1938
36081017901,New York,1938
36081017902,New York,-666666666
36081018000,New York,1948
36081018101,New York,1943
36081018102,New York,1938
36081018200,New York,1960
36081018300,New York,1938
36081018401,New York,1946
36081018402,New York,1943
36081018501,New York,1941
36081018502,New York,1938
36081018600,New York,1948
36081018700,New York,1945
36081018800,New York,1957
36081018900,New York,1951
36081019000,New York,1938
36081019200,New York,1938
36081019400,New York,1944
36081019600,New York,1947
36081019800,New York,1951
36081019901,New York,1938
36081019902,New York,-666666666
36081019903,New York,-666666666
36081020200,New York,1938
36081020400,New York,1940
36081020500,New York,1938
36081020600,New York,1938
36081020800,New York,2012
36081021200,New York,1938
36081021400,New York,1949
36081021601,New York,1962
36081021602,New York,1956
36081021603,New York,-666666666
36081021900,New York,-666666666
36081022001,New York,1957
36081022002,New York,1959
36081022900,New York,-666666666
36081023000,New York,1938
36081023200,New York,1953
36081023501,New York,1938
36081023502,New York,1938
36081023600,New York,1970
36081023800,New York,1948
36081024000,New York,1979
36081024300,New York,1954
36081024500,New York,1965
36081024600,New York,-666666666
36081024700,New York,1955
36081024900,New York,1961
36081025100,New York,1960
36081025301,New York,1942
36081025302,New York,1952
36081025401,New York,1991
36081025402,New York,1972
36081025500,New York,1943
36081025700,New York,1943
36081025800,New York,1938
36081025900,New York,1958
36081026000,New York,1957
36081026100,New York,1938
36081026200,New York,1964
36081026300,New York,1964
36081026400,New York,1957
36081026501,New York,1956
36081026502,New York,1982
36081026600,New York,1966
36081026700,New York,1958
36081026901,New York,1944
36081026902,New York,1944
36081027000,New York,1959
36081027101,New York,1953
36081027102,New York,1944
36081027200,New York,1949
36081027301,New York,1941
36081027302,New York,1957
36081027400,New York,1954
36081027500,New York,1950
36081027600,New York,1964
36081027701,New York,1938
36081027702,New York,1950
36081027800,New York,1962
36081027900,New York,1951
36081028000,New York,1945
36081028100,New York,1938
36081028200,New York,1949
36081028300,New York,1942
36081028400,New York,1958
36081028500,New York,1938
36081028700,New York,1941
36081028801,New York,1938
36081028802,New York,1966
36081028803,New York,-666666666
36081028900,New York,1948
36081029100,New York,1952
36081029300,New York,1950
36081029400,New York,1962
36081029500,New York,1938
36081029700,New York,1961
36081029900,New York,-666666666
36081030600,New York,1950
36081030903,New York,1954
36081030904,New York,1963
36081030905,New York,1960
36081030906,New York,1963
36081031700,New York,1952
36081032000,New York,1982
36081032700,New York,1938
36081032800,New York,1957
36081032900,New York,1948
36081033000,New York,1938
36081033100,New York,-666666666
36081033401,New York,1996
36081033403,New York,1964
36081033404,New York,1965
36081033405,New York,1962
36081033700,New York,1942
36081033900,New York,1949
36081034700,New York,1960
36081035100,New York,1952
36081035200,New York,1952
36081035300,New York,1949
36081035700,New York,1949
36081035800,New York,1963
36081036100,New York,1946
36081036300,New York,1950
36081036500,New York,1944
36081036600,New York,1944
36081036700,New York,1951
36081036800,New York,1943
36081037100,New York,1940
36081037300,New York,1946
36081037501,New York,1953
36081037502,New York,1953
36081037600,New York,1951
36081037700,New York,1954
36081037900,New York,1968
36081038100,New York,1956
36081038301,New York,-666666666
36081038302,New York,-666666666
36081038400,New York,1941
36081039400,New York,1942
36081039800,New York,1938
36081039901,New York,1956
36081039902,New York,1971
36081040000,New York,1938
36081040101,New York,1957
36081040102,New York,1957
36081040200,New York,1938
36081040301,New York,1957
36081040302,New York,1959
36081040400,New York,1947
36081040501,New York,1958
36081040502,New York,1951
36081040701,New York,1947
36081040702,New York,1952
36081040901,New York,1955
36081040902,New York,1950
36081041100,New York,1956
36081041300,New York,1958
36081041400,New York,1953
36081041500,New York,1945
36081042400,New York,1950
36081042600,New York,-666666666
36081042700,New York,1957
36081043200,New York,1947
36081043400,New York,1942
36081043701,New York,1964
36081043702,New York,1964
36081043900,New York,1955
36081044000,New York,1949
36081044301,New York,1983
36081044302,New York,1957
36081044400,New York,1974
36081044601,New York,1967
36081044602,New York,1964
36081044800,New York,1947
36081045000,New York,1954
36081045200,New York,1964
36081045400,New York,1963
36081045500,New York,1963
36081045600,New York,1938
36081045700,New York,1953
36081045800,New York,1940
36081045900,New York,1954
36081046000,New York,1960
36081046100,New York,1956
36081046200,New York,1963
36081046300,New York,1956
36081046400,New York,1944
36081046500,New York,1949
36081046600,New York,1961
36081046700,New York,1950
36081046800,New York,1955
36081046901,New York,1950
36081046902,New York,1950
36081047000,New York,1938
36081047100,New York,1955
36081047200,New York,1960
36081047300,New York,1966
36081047500,New York,1959
36081047600,New York,1955
36081047801,New York,1955
36081047802,New York,1938
36081047900,New York,1955
36081048000,New York,1938
36081048100,New York,1948
36081048200,New York,1944
36081048301,New York,1967
36081048302,New York,1965
36081048400,New York,1938
36081048500,New York,1958
36081048900,New York,1967
36081049201,New York,1951
36081049202,New York,1946
36081049301,New York,1956
36081049302,New York,1952
36081049500,New York,1954
36081049600,New York,1938
36081049700,New York,1955
36081049900,New York,1954
36081050000,New York,1956
36081050201,New York,1938
36081050202,New York,1946
36081050400,New York,1945
36081050500,New York,1960
36081050600,New York,1938
36081050700,New York,1958
36081050800,New York,1942
36081051000,New York,1942
36081051100,New York,1940
36081051200,New York,1938
36081051300,New York,1944
36081051500,New York,1953
36081051600,New York,1938
36081051700,New York,1938
36081051800,New York,1942
36081052000,New York,1938
36081052100,New York,1938
36081052200,New York,1938
36081052400,New York,1938
36081052500,New York,1938
36081052600,New York,1941
36081052800,New York,1938
36081053000,New York,1938
36081053100,New York,1938
36081053200,New York,1944
36081053401,New York,1943
36081053501,New York,1938
36081053502,New York,-666666666
36081053601,New York,1943
36081053800,New York,1938
36081053901,New York,1949
36081053902,New York,-666666666
36081054000,New York,1938
36081054200,New York,1938
36081054500,New York,1938
36081054700,New York,1938
36081054800,New York,1938
36081054900,New York,1946
36081055100,New York,1938
36081055200,New York,1953
36081055300,New York,1938
36081055400,New York,1946
36081055500,New York,1938
36081055600,New York,1938
36081055700,New York,1938
36081055800,New York,1938
36081055900,New York,1985
36081056000,New York,1940
36081056100,New York,-666666666
36081056200,New York,1938
36081056400,New York,1941
36081056500,New York,1947
36081056600,New York,1946
36081056700,New York,1938
36081056800,New York,1942
36081057700,New York,1938
36081057900,New York,1938
36081058000,New York,1951
36081058100,New York,1938
36081058200,New York,1946
36081058300,New York,1938
36081058500,New York,1938
36081058700,New York,1938
36081058900,New York,1938
36081059000,New York,1942
36081059100,New York,1938
36081059200,New York,1949
36081059300,New York,1938
36081059400,New York,1951
36081059501,New York,1944
36081059502,New York,1950
36081059600,New York,1944
36081059800,New York,1950
36081059900,New York,1938
36081060000,New York,1942
36081060100,New York,1938
36081060300,New York,1951
36081060600,New York,1950
36081060701,New York,-666666666
36081060800,New York,1949
36081061000,New York,1950
36081061200,New York,1946
36081061301,New York,1938
36081061302,New York,-666666666
36081061400,New York,1948
36081061601,New York,1952
36081061602,New York,1951
36081061800,New York,1948
36081061900,New York,1954
36081062000,New York,1945
36081062100,New York,1938
36081062200,New York,1946
36081062300,New York,1938
36081062400,New York,-666666666
36081062500,New York,1938
36081062600,New York,1946
36081062700,New York,1938
36081062900,New York,1938
36081063000,New York,1940
36081063200,New York,1944
36081063301,New York,1938
36081063302,New York,1938
36081063500,New York,1938
36081063700,New York,1938
36081063800,New York,1953
36081063900,New York,1956
36081064101,New York,1955
36081064102,New York,-666666666
36081064500,New York,1938
36081064600,New York,1945
36081065000,New York,1944
36081065401,New York,1943
36081065402,New York,-666666666
36081065501,New York,-666666666
36081065600,New York,1959
36081065702,New York,1953
36081065703,New York,1945
36081065900,New York,1951
36081066000,New York,1959
36081066100,New York,1959
36081066301,New York,1942
36081066302,New York,-666666666
36081066401,New York,1955
36081066402,New York,1958
36081066403,New York,1964
36081066404,New York,-666666666
36081066501,New York,1961
36081066701,New York,1950
36081066900,New York,1957
36081067100,New York,1944
36081067700,New York,1938
36081067900,New York,1954
36081068000,New York,1952
36081068200,New York,1956
36081068300,New York,1962
36081068700,New York,1945
36081069000,New York,1965
36081069300,New York,1953
36081069400,New York,1963
36081069500,New York,1944
36081069701,New York,1959
36081069702,New York,1949
36081070300,New York,1950
36081070700,New York,1946
36081070900,New York,1945
36081071100,New York,1956
36081071303,New York,1951
36081071304,New York,1954
36081071305,New York,1957
36081071306,New York,1954
36081071600,New York,-666666666
36081071701,New York,1958
36081071702,New York,1964
36081071900,New York,1959
36081072100,New York,1952
36081072300,New York,1938
36081072900,New York,1938
36081073100,New York,1938
36081073700,New York,1938
36081073900,New York,1951
36081074100,New York,1952
36081074300,New York,1954
36081074500,New York,1958
36081074700,New York,1962
36081074900,New York,1938
36081075701,New York,1956
36081075702,New York,1957
36081076901,New York,1938
36081076902,New York,1942
36081077300,New York,1938
36081077500,New York,1938
36081077902,New York,1955
36081077903,New York,1950
36081077904,New York,1957
36081077905,New York,1950
36081077906,New York,1956
36081077907,New York,1965
36081077908,New York,1973
36081078800,New York,1938
36081079000,New York,1963
36081079200,New York,1960
36081079300,New York,-666666666
36081079701,New York,1965
36081079702,New York,1961
36081079900,New York,1955
36081080301,New York,1959
36081080302,New York,1956
36081080900,New York,1954
36081081400,New York,1938
36081081800,New York,1956
36081083700,New York,1954
36081083800,New York,1951
36081084000,New York,1938
36081084500,New York,1969
36081084601,New York,1953
36081084602,New York,1958
36081084901,New York,1961
36081084902,New York,1972
36081085300,New York,1964
36081085500,New York,1959
36081085700,New York,1959
36081085900,New York,1957
36081086100,New York,1959
36081086300,New York,1967
36081086400,New York,1942
36081086500,New York,1972
36081086900,New York,1986
36081087100,New York,2014
36081088400,New York,1957
36081088902,New York,1966
36081088903,New York,1957
36081089201,New York,1964
36081089202,New York,-666666666
36081090700,New York,1962
36081091602,New York,-666666666
36081091603,New York,1974
36081091604,New York,-666666666
36081091800,New York,-666666666
36081091900,New York,1959
36081092200,New York,1946
36081092500,New York,1938
36081092800,New York,1938
36081092900,New York,1961
36081093401,New York,1947
36081093402,New York,1960
36081093800,New York,1964
36081093900,New York,1984
36081094201,New York,2003
36081094202,New York,1963
36081094203,New York,1965
36081094500,New York,1960
36081094700,New York,1953
36081095400,New York,1977
36081096400,New York,2003
36081097202,New York,1973
36081097204,New York,1960
36081097205,New York,1964
36081097206,New York,1974
36081097207,New York,-666666666
36081097300,New York,1953
36081098100,New York,1955
36081098700,New York,1957
36081099100,New York,1957
36081099200,New York,1982
36081099701,New York,1956
36081099703,New York,1967
36081099704,New York,1968
36081099705,New York,1982
36081099801,New York,1954
36081099802,New York,1976
36081099900,New York,-666666666
36081100801,New York,1956
36081100803,New York,1960
36081100804,New York,1969
36081101002,New York,1972
36081101003,New York,1960
36081101004,New York,1968
36081101700,New York,1955
36081102900,New York,1973
36081103201,New York,1952
36081103202,New York,1958
36081103300,New York,1959
36081103900,New York,1952
36081104700,New York,1957
36081105900,New York,1955
36081107201,New York,1940
36081107202,New York,-666666666
36081108500,New York,1951
36081109300,New York,1959
36081109700,New York,1950
36081109900,New York,1938
36081111300,New York,1951
36081112300,New York,1960
36081112900,New York,1957
36081113300,New York,1955
36081113900,New York,1954
36081114100,New York,1938
36081114700,New York,1938
36081115100,New York,1938
36081115500,New York,1940
36081115700,New York,1957
36081115900,New York,1946
36081116100,New York,1967
36081116301,New York,1965
36081116302,New York,1956
36081116700,New York,1967
36081117100,New York,1956
36081117500,New York,1954
36081118100,New York,1959
36081118500,New York,1963
36081118700,New York,1958
36081118900,New York,1970
36081119100,New York,1956
36081119300,New York,1938
36081119500,New York,1945
36081119900,New York,1941
36081120100,New York,1952
36081120300,New York,1938
36081120500,New York,1960
36081120701,New York,1954
36081120702,New York,-666666666
36081121100,New York,-666666666
36081121500,New York,1950
36081122300,New York,1957
36081122702,New York,1957
36081122703,New York,1956
36081122704,New York,1980
36081124100,New York,1955
36081124700,New York,1948
36081125700,New York,1958
36081126500,New York,1948
36081126700,New York,1938
36081127700,New York,1944
36081128300,New York,-666666666
36081129102,New York,1952
36081129103,New York,1956
36081129104,New York,1955
36081130100,New York,1954
36081133300,New York,1953
36081133900,New York,1945
36081134100,New York,1949
36081134701,New York,1956
36081134702,New York,1950
36081136700,New York,1956
36081137700,New York,1959
36081138501,New York,1963
36081138502,New York,-666666666
36081139900,New York,1944
36081140300,New York,1955
36081140901,New York,1948
36081140902,New York,1950
36081141700,New York,1953
36081142900,New York,1951
36081143500,New York,1946
36081144100,New York,1954
36081144700,New York,1959
36081145101,New York,1957
36081145102,New York,1954
36081145900,New York,1938
36081146300,New York,1951
36081146700,New York,1957
36081147100,New York,1955
36081147900,New York,1960
36081148300,New York,1938
36081150701,New York,1951
36081150702,New York,1959
36081152901,New York,1964
36081152902,New York,1956
36081155101,New York,1974
36081155103,New York,1954
36081155104,New York,1953
36081156700,New York,2001
36081157101,New York,1951
36081157102,New York,1952
36081157901,New York,1955
36081157902,New York,1951
36081157903,New York,1953
36081161700,New York,1943
36081162100,New York,1947
36081990100,New York,-666666666
36085000300,New York,1961
36085000600,New York,1985
36085000700,New York,1960
36085000800,New York,1973
36085000900,New York,1938
36085001100,New York,1946
36085001700,New York,1938
36085001800,New York,1963
36085002001,New York,1975
36085002002,New York,1970
36085002100,New York,2003
36085002700,New York,1938
36085002900,New York,1960
36085003300,New York,1949
36085003600,New York,1975
36085003900,New York,1958
36085004001,New York,1963
36085004002,New York,1996
36085004003,New York,1956
36085004004,New York,1972
36085004700,New York,1965
36085005000,New York,1982
36085005901,New York,1950
36085005902,New York,-666666666
36085006400,New York,1966
36085006700,New York,1938
36085007001,New York,1964
36085007002,New York,1983
36085007400,New York,1988
36085007500,New York,1942
36085007700,New York,1947
36085008100,New York,1955
36085009601,New York,1965
36085009602,New York,1957
36085009701,New York,1944
36085009702,New York,-666666666
36085010500,New York,1941
36085011201,New York,1978
36085011203,New York,1980
36085011204,New York,-666666666
36085011401,New York,1960
36085011402,New York,1964
36085012100,New York,1943
36085012200,New York,1952
36085012500,New York,1938
36085012804,New York,1973
36085012805,New York,1975
36085012806,New York,1967
36085013201,New York,1963
36085013203,New York,1971
36085013204,New York,1966
36085013301,New York,1962
36085013302,New York,1960
36085013400,New York,1958
36085013800,New York,1968
36085014100,New York,1965
36085014604,New York,1976
36085014605,New York,1966
36085014606,New York,1985
36085014607,New York,1976
36085014608,New York,1978
36085014700,New York,1955
36085015100,New York,1956
36085015400,New York,-666666666
36085015601,New York,1959
36085015602,New York,1965
36085015603,New York,1979
36085016901,New York,1963
36085017005,New York,1988
36085017007,New York,1999
36085017009,New York,1982
36085017011,New York,1977
36085017012,New York,1982
36085017013,New York,1982
36085017014,New York,1984
36085017015,New York,1984
36085017016,New York,1977
36085017300,New York,1969
36085017600,New York,1990
36085017701,New York,1968
36085017702,New York,1962
36085018100,New York,1969
36085018701,New York,1947
36085018703,New York,1975
36085018704,New York,1970
36085018901,New York,1968
36085018902,New York,1977
36085019700,New York,1938
36085019800,New York,1985
36085020100,New York,1949
36085020701,New York,1938
36085020702,New York,1984
36085020803,New York,1986
36085020804,New York,1979
36085020805,New York,1987
36085020806,New York,1999
36085021300,New York,1941
36085022300,New York,1938
36085022601,New York,1997
36085022602,New York,1974
36085022801,New York,-666666666
36085022802,New York,-666666666
36085023100,New York,1988
36085023900,New York,1963
36085024401,New York,1989
36085024402,New York,1996
36085024700,New York,1952
36085024800,New York,1940
36085025100,New York,1970
36085027301,New York,1983
36085027302,New York,1974
36085027702,New York,1984
36085027704,New York,1980
36085027705,New York,1981
36085027706,New York,1981
36085027900,New York,1971
36085029102,New York,1991
36085029104,New York,1977
36085029105,New York,1975
36085029106,New York,1973
36085030301,New York,1981
36085030302,New York,1986
36085031901,New York,1957
36085031902,New York,1973
36085032300,New York,1988
36085990100,New York,-666666666
37119000101,Charlotte,2009
37119000102,Charlotte,2012
37119000103,Charlotte,2006
37119000104,Charlotte,2007
37119000301,Charlotte,-666666666
37119000302,Charlotte,2013
37119000401,Charlotte,2011
37119000402,Charlotte,2013
37119000501,Charlotte,2010
37119000502,Charlotte,2007
37119000503,Charlotte,1986
37119000600,Charlotte,2003
37119000700,Charlotte,2015
37119000800,Charlotte,1997
37119000900,Charlotte,1998
37119001000,Charlotte,2005
37119001100,Charlotte,2010
37119001200,Charlotte,1966
37119001300,Charlotte,1955
37119001400,Charlotte,2002
37119001504,Charlotte,1979
37119001505,Charlotte,1996
37119001507,Charlotte,1978
37119001508,Charlotte,1989
37119001509,Charlotte,1977
37119001510,Charlotte,1974
37119001603,Charlotte,1972
37119001605,Charlotte,1976
37119001606,Charlotte,1967
37119001607,Charlotte,1982
37119001608,Charlotte,1967
37119001609,Charlotte,1985
37119001701,Charlotte,1979
37119001702,Charlotte,1973
37119001801,Charlotte,1963
37119001802,Charlotte,1969
37119001910,Charlotte,1975
37119001911,Charlotte,1982
37119001914,Charlotte,1975
37119001916,Charlotte,1984
37119001917,Charlotte,1983
37119001918,Charlotte,1982
37119001919,Charlotte,1979
37119001920,Charlotte,1989
37119001921,Charlotte,1984
37119001922,Charlotte,1982
37119001923,Charlotte,1988
37119001924,Charlotte,1977
37119001925,Charlotte,1989
37119001926,Charlotte,1985
37119001927,Charlotte,1984
37119002004,Charlotte,1980
37119002005,Charlotte,1984
37119002006,Charlotte,1974
37119002007,Charlotte,1978
37119002008,Charlotte,1978
37119002100,Charlotte,1969
37119002201,Charlotte,1988
37119002202,Charlotte,1993
37119002300,Charlotte,1968
37119002400,Charlotte,1993
37119002500,Charlotte,2004
37119002600,Charlotte,2003
37119002701,Charlotte,1964
37119002702,Charlotte,1967
37119002800,Charlotte,1958
37119002903,Charlotte,1993
37119002905,Charlotte,2007
37119002907,Charlotte,1979
37119002908,Charlotte,1985
37119002909,Charlotte,2009
37119002910,Charlotte,1999
37119003006,Charlotte,1979
37119003008,Charlotte,1986
37119003012,Charlotte,1991
37119003013,Charlotte,1993
37119003015,Charlotte,1987
37119003016,Charlotte,1996
37119003017,Charlotte,1993
37119003018,Charlotte,1993
37119003019,Charlotte,1974
37119003020,Charlotte,1984
37119003021,Charlotte,1985
37119003022,Charlotte,1974
37119003102,Charlotte,1972
37119003105,Charlotte,1980
37119003106,Charlotte,2002
37119003108,Charlotte,1972
37119003109,Charlotte,1993
37119003110,Charlotte,1960
37119003111,Charlotte,2012
37119003201,Charlotte,1958
37119003203,Charlotte,1980
37119003204,Charlotte,1986
37119003301,Charlotte,2015
37119003302,Charlotte,1977
37119003401,Charlotte,2013
37119003402,Charlotte,1980
37119003500,Charlotte,2001
37119003600,Charlotte,1966
37119003701,Charlotte,2011
37119003702,Charlotte,2009
37119003802,Charlotte,2001
37119003805,Charlotte,2012
37119003807,Charlotte,1969
37119003808,Charlotte,1983
37119003809,Charlotte,1998
37119003810,Charlotte,2000
37119003811,Charlotte,2001
37119003902,Charlotte,1974
37119003903,Charlotte,1978
37119004000,Charlotte,1959
37119004101,Charlotte,2011
37119004102,Charlotte,1996
37119004200,Charlotte,1952
37119004302,Charlotte,1963
37119004303,Charlotte,1988
37119004304,Charlotte,1972
37119004306,Charlotte,1976
37119004307,Charlotte,1992
37119004400,Charlotte,1982
37119004500,Charlotte,1975
37119004600,Charlotte,1963
37119004700,Charlotte,1970
37119004800,Charlotte,1961
37119004900,Charlotte,1985
37119005000,Charlotte,2009
37119005100,Charlotte,1967
37119005200,Charlotte,1978
37119005301,Charlotte,1982
37119005305,Charlotte,1970
37119005306,Charlotte,1968
37119005307,Charlotte,1994
37119005308,Charlotte,1974
37119005403,Charlotte,1993
37119005404,Charlotte,1984
37119005405,Charlotte,1998
37119005406,Charlotte,1975
37119005508,Charlotte,1995
37119005510,Charlotte,2007
37119005511,Charlotte,1999
37119005512,Charlotte,2000
37119005513,Charlotte,1998
37119005515,Charlotte,2004
37119005516,Charlotte,2000
37119005517,Charlotte,2003
37119005519,Charlotte,2007
37119005520,Charlotte,2005
37119005522,Charlotte,2000
37119005525,Charlotte,2003
37119005526,Charlotte,2012
37119005527,Charlotte,1997
37119005528,Charlotte,1996
37119005529,Charlotte,2009
37119005530,Charlotte,1996
37119005531,Charlotte,2011
37119005532,Charlotte,2005
37119005533,Charlotte,2013
37119005534,Charlotte,1998
37119005535,Charlotte,2001
37119005536,Charlotte,2003
37119005604,Charlotte,2001
37119005609,Charlotte,2007
37119005610,Charlotte,1993
37119005611,Charlotte,2005
37119005612,Charlotte,1997
37119005613,Charlotte,2010
37119005615,Charlotte,2011
37119005616,Charlotte,2003
37119005617,Charlotte,1999
37119005618,Charlotte,2001
37119005619,Charlotte,2001
37119005621,Charlotte,2001
37119005622,Charlotte,1992
37119005623,Charlotte,2002
37119005624,Charlotte,2008
37119005625,Charlotte,2004
37119005626,Charlotte,2008
37119005627,Charlotte,2002
37119005709,Charlotte,2003
37119005710,Charlotte,1986
37119005712,Charlotte,1983
37119005713,Charlotte,1995
37119005714,Charlotte,1999
37119005715,Charlotte,1990
37119005716,Charlotte,1997
37119005718,Charlotte,1985
37119005719,Charlotte,1994
37119005720,Charlotte,1989
37119005721,Charlotte,2002
37119005722,Charlotte,1996
37119005723,Charlotte,2001
37119005811,Charlotte,1985
37119005815,Charlotte,1991
37119005816,Charlotte,1995
37119005817,Charlotte,1986
37119005824,Charlotte,2012
37119005826,Charlotte,1980
37119005827,Charlotte,1983
37119005828,Charlotte,1985
37119005829,Charlotte,1987
37119005830,Charlotte,1979
37119005832,Charlotte,1996
37119005833,Charlotte,1988
37119005834,Charlotte,1994
37119005835,Charlotte,1993
37119005836,Charlotte,1996
37119005839,Charlotte,2003
37119005840,Charlotte,1996
37119005843,Charlotte,2001
37119005845,Charlotte,2010
37119005846,Charlotte,1996
37119005847,Charlotte,1997
37119005848,Charlotte,1993
37119005849,Charlotte,2007
37119005850,Charlotte,2015
37119005851,Charlotte,1997
37119005852,Charlotte,1992
37119005853,Charlotte,1994
37119005854,Charlotte,1998
37119005855,Charlotte,2004
37119005856,Charlotte,2009
37119005857,Charlotte,2010
37119005858,Charlotte,2009
37119005859,Charlotte,1999
37119005860,Charlotte,1997
37119005861,Charlotte,2002
37119005862,Charlotte,2001
37119005863,Charlotte,2005
37119005864,Charlotte,2006
37119005865,Charlotte,1986
37119005866,Charlotte,1996
37119005867,Charlotte,2006
37119005868,Charlotte,1983
37119005908,Charlotte,1997
37119005910,Charlotte,2005
37119005913,Charlotte,1993
37119005915,Charlotte,2009
37119005916,Charlotte,1988
37119005918,Charlotte,2009
37119005919,Charlotte,2010
37119005920,Charlotte,1995
37119005921,Charlotte,2015
37119005922,Charlotte,2005
37119005923,Charlotte,2013
37119005924,Charlotte,2004
37119005925,Charlotte,2008
37119005926,Charlotte,2014
37119005927,Charlotte,2010
37119005928,Charlotte,2002
37119005929,Charlotte,2007
37119005930,Charlotte,1994
37119005931,Charlotte,1998
37119005932,Charlotte,2000
37119006005,Charlotte,2003
37119006008,Charlotte,1994
37119006009,Charlotte,1996
37119006011,Charlotte,1986
37119006012,Charlotte,1982
37119006013,Charlotte,2006
37119006014,Charlotte,2006
37119006015,Charlotte,1987
37119006016,Charlotte,1993
37119006103,Charlotte,2005
37119006105,Charlotte,2001
37119006108,Charlotte,2005
37119006109,Charlotte,1993
37119006110,Charlotte,2000
37119006111,Charlotte,2000
37119006112,Charlotte,2012
37119006113,Charlotte,2008
37119006114,Charlotte,2010
37119006115,Charlotte,2008
37119006208,Charlotte,2007
37119006209,Charlotte,2002
37119006210,Charlotte,2003
37119006211,Charlotte,2000
37119006212,Charlotte,2003
37119006214,Charlotte,1996
37119006216,Charlotte,1991
37119006217,Charlotte,1991
37119006218,Charlotte,1999
37119006219,Charlotte,1998
37119006220,Charlotte,1993
37119006221,Charlotte,2008
37119006222,Charlotte,2004
37119006223,Charlotte,2003
37119006224,Charlotte,2010
37119006305,Charlotte,2010
37119006306,Charlotte,2009
37119006307,Charlotte,2013
37119006308,Charlotte,2006
37119006309,Charlotte,1988
37119006310,Charlotte,2013
37119006311,Charlotte,1999
37119006403,Charlotte,1997
37119006404,Charlotte,2006
37119006407,Charlotte,2002
37119006408,Charlotte,2006
37119006409,Charlotte,-666666666
37119006410,Charlotte,-666666666
37119006411,Charlotte,1991
37119980100,Charlotte,-666666666
37119980200,Charlotte,-666666666
37119980300,Charlotte,-666666666
39061000200,Cincinnati,1965
39061000700,Cincinnati,1953
39061000900,Cincinnati,1938
39061001000,Cincinnati,1938
39061001100,Cincinnati,1938
39061001600,Cincinnati,1938
39061001700,Cincinnati,1938
39061001800,Cincinnati,1938
39061001900,Cincinnati,1948
39061002000,Cincinnati,1938
39061002200,Cincinnati,1938
39061002300,Cincinnati,2011
39061002500,Cincinnati,1975
39061002600,Cincinnati,1938
39061002700,Cincinnati,1938
39061002800,Cincinnati,1938
39061002901,Cincinnati,1952
39061002902,Cincinnati,1971
39061003000,Cincinnati,1961
39061003200,Cincinnati,1998
39061003300,Cincinnati,1985
39061003600,Cincinnati,1962
39061003700,Cincinnati,1938
39061003800,Cincinnati,1938
39061003900,Cincinnati,1938
39061004000,Cincinnati,1938
39061004100,Cincinnati,1938
39061004200,Cincinnati,1952
39061004602,Cincinnati,1965
39061004603,Cincinnati,1953
39061004604,Cincinnati,1976
39061004605,Cincinnati,1975
39061004703,Cincinnati,1942
39061004800,Cincinnati,1938
39061004900,Cincinnati,1948
39061005000,Cincinnati,1938
39061005100,Cincinnati,1938
39061005200,Cincinnati,1938
39061005301,Cincinnati,1960
39061005302,Cincinnati,1955
39061005500,Cincinnati,1979
39061005600,Cincinnati,1938
39061005701,Cincinnati,1938
39061005702,Cincinnati,1938
39061005800,Cincinnati,1944
39061005900,Cincinnati,1938
39061006000,Cincinnati,1949
39061006100,Cincinnati,1938
39061006300,Cincinnati,1942
39061006400,Cincinnati,1945
39061006501,Cincinnati,1938
39061006502,Cincinnati,1938
39061006600,Cincinnati,1938
39061006800,Cincinnati,1961
39061006900,Cincinnati,1941
39061007000,Cincinnati,1938
39061007100,Cincinnati,1938
39061007200,Cincinnati,1938
39061007300,Cincinnati,1938
39061007400,Cincinnati,1938
39061007500,Cincinnati,1957
39061007700,Cincinnati,1967
39061008000,Cincinnati,1955
39061008100,Cincinnati,1959
39061008201,Cincinnati,1945
39061008202,Cincinnati,1961
39061008300,Cincinnati,1964
39061008400,Cincinnati,1967
39061008501,Cincinnati,1964
39061008502,Cincinnati,1964
39061008601,Cincinnati,1944
39061008800,Cincinnati,1958
39061009200,Cincinnati,1967
39061009300,Cincinnati,1963
39061009400,Cincinnati,1938
39061009500,Cincinnati,1938
39061009600,Cincinnati,1938
39061009700,Cincinnati,1944
39061009800,Cincinnati,1964
39061009901,Cincinnati,1951
39061009902,Cincinnati,1951
39061010002,Cincinnati,1964
39061010003,Cincinnati,1968
39061010004,Cincinnati,1976
39061010005,Cincinnati,1954
39061010100,Cincinnati,1962
39061010201,Cincinnati,1956
39061010202,Cincinnati,1950
39061010300,Cincinnati,1938
39061010400,Cincinnati,1971
39061010500,Cincinnati,1946
39061010600,Cincinnati,1938
39061010700,Cincinnati,1938
39061010900,Cincinnati,1963
39061011000,Cincinnati,1961
39061011100,Cincinnati,1963
39061020401,Cincinnati,1972
39061020403,Cincinnati,1987
39061020404,Cincinnati,1992
39061020501,Cincinnati,1985
39061020502,Cincinnati,1991
39061020504,Cincinnati,1974
39061020505,Cincinnati,1970
39061020601,Cincinnati,1985
39061020603,Cincinnati,1998
39061020604,Cincinnati,1988
39061020701,Cincinnati,1972
39061020705,Cincinnati,1970
39061020707,Cincinnati,1985
39061020741,Cincinnati,1976
39061020742,Cincinnati,1967
39061020762,Cincinnati,1958
39061020763,Cincinnati,1970
39061020764,Cincinnati,1964
39061020802,Cincinnati,1968
39061020811,Cincinnati,1966
39061020812,Cincinnati,1978
39061020901,Cincinnati,1950
39061020902,Cincinnati,1943
39061021001,Cincinnati,1961
39061021002,Cincinnati,1959
39061021003,Cincinnati,1955
39061021101,Cincinnati,1983
39061021102,Cincinnati,1980
39061021201,Cincinnati,1974
39061021202,Cincinnati,1959
39061021302,Cincinnati,1977
39061021303,Cincinnati,1965
39061021304,Cincinnati,1966
39061021401,Cincinnati,1960
39061021421,Cincinnati,1972
39061021422,Cincinnati,1972
39061021501,Cincinnati,1973
39061021504,Cincinnati,1963
39061021505,Cincinnati,1966
39061021506,Cincinnati,1967
39061021508,Cincinnati,1977
39061021509,Cincinnati,1970
39061021571,Cincinnati,1976
39061021572,Cincinnati,1977
39061021602,Cincinnati,1965
39061021603,Cincinnati,1969
39061021604,Cincinnati,1959
39061021701,Cincinnati,1957
39061021702,Cincinnati,1955
39061021801,Cincinnati,1954
39061021802,Cincinnati,1946
39061021900,Cincinnati,1960
39061022000,Cincinnati,1956
39061022101,Cincinnati,1968
39061022102,Cincinnati,1957
39061022200,Cincinnati,1964
39061022301,Cincinnati,1969
39061022302,Cincinnati,1986
39061022400,Cincinnati,1938
39061022500,Cincinnati,1986
39061022601,Cincinnati,1957
39061022602,Cincinnati,1942
39061022700,Cincinnati,1973
39061023001,Cincinnati,1974
39061023002,Cincinnati,1964
39061023100,Cincinnati,1982
39061023201,Cincinnati,1938
39061023210,Cincinnati,1961
39061023222,Cincinnati,1959
39061023300,Cincinnati,1957
39061023400,Cincinnati,1954
39061023501,Cincinnati,1985
39061023521,Cincinnati,1980
39061023522,Cincinnati,1969
39061023600,Cincinnati,1955
39061023701,Cincinnati,1952
39061023702,Cincinnati,1944
39061023800,Cincinnati,1959
39061023901,Cincinnati,1976
39061023902,Cincinnati,1974
39061024001,Cincinnati,1964
39061024002,Cincinnati,1967
39061024100,Cincinnati,1958
39061024200,Cincinnati,1979
39061024301,Cincinnati,1986
39061024303,Cincinnati,1987
39061024322,Cincinnati,1983
39061024323,Cincinnati,1987
39061024324,Cincinnati,1984
39061024401,Cincinnati,1979
39061024402,Cincinnati,1977
39061024700,Cincinnati,1942
39061024800,Cincinnati,1946
39061024901,Cincinnati,1954
39061024903,Cincinnati,1977
39061024904,Cincinnati,1991
39061025001,Cincinnati,1972
39061025002,Cincinnati,1967
39061025101,Cincinnati,1987
39061025102,Cincinnati,1973
39061025103,Cincinnati,1982
39061025200,Cincinnati,1938
39061025300,Cincinnati,1938
39061025401,Cincinnati,1938
39061025402,Cincinnati,1938
39061025500,Cincinnati,1938
39061025600,Cincinnati,1938
39061025700,Cincinnati,1938
39061025800,Cincinnati,1955
39061026001,Cincinnati,1990
39061026002,Cincinnati,1991
39061026102,Cincinnati,1989
39061026103,Cincinnati,1961
39061026104,Cincinnati,1993
39061026200,Cincinnati,1993
39061026300,Cincinnati,1938
39061026400,Cincinnati,1991
39061026500,Cincinnati,1977
39061026600,Cincinnati,1938
39061026700,Cincinnati,1946
39061026800,Cincinnati,1938
39061026900,Cincinnati,1938
39061027000,Cincinnati,1940
39061027100,Cincinnati,1962
39061027200,Cincinnati,1938
39061027300,Cincinnati,1954
39061027400,Cincinnati,1938
39061027500,Cincinnati,1981
39061027600,Cincinnati,1981
39061027700,Cincinnati,1938
47037010103,Nashville,1985
47037010104,Nashville,1987
47037010105,Nashville,1976
47037010106,Nashville,1989
47037010201,Nashville,1984
47037010202,Nashville,1981
47037010301,Nashville,1995
47037010302,Nashville,1966
47037010303,Nashville,1989
47037010401,Nashville,1991
47037010403,Nashville,1977
47037010404,Nashville,1963
47037010501,Nashville,1972
47037010502,Nashville,1990
47037010601,Nashville,1983
47037010602,Nashville,1984
47037010701,Nashville,1964
47037010702,Nashville,1969
47037010801,Nashville,1982
47037010802,Nashville,1974
47037010901,Nashville,1969
47037010903,Nashville,1994
47037010904,Nashville,1968
47037011001,Nashville,1975
47037011002,Nashville,1966
47037011100,Nashville,1953
47037011200,Nashville,1954
47037011300,Nashville,1987
47037011400,Nashville,2005
47037011500,Nashville,1959
47037011600,Nashville,1963
47037011700,Nashville,1965
47037011800,Nashville,1974
47037011900,Nashville,2010
47037012100,Nashville,1938
47037012200,Nashville,1946
47037012600,Nashville,1960
47037012701,Nashville,1972
47037012702,Nashville,2002
47037012801,Nashville,1980
47037012802,Nashville,1971
47037013001,Nashville,2018
47037013002,Nashville,-666666666
47037013100,Nashville,1992
47037013201,Nashville,1967
47037013202,Nashville,2003
47037013300,Nashville,2012
47037013400,Nashville,1953
47037013500,Nashville,2004
47037013600,Nashville,1988
47037013701,Nashville,1979
47037013702,Nashville,2014
47037013800,Nashville,1980
47037013900,Nashville,1963
47037014200,Nashville,1986
47037014300,Nashville,1974
47037014400,Nashville,2014
47037014800,Nashville,1954
47037015100,Nashville,1959
47037015200,Nashville,1959
47037015300,Nashville,1987
47037015401,Nashville,1988
47037015402,Nashville,1971
47037015404,Nashville,1971
47037015405,Nashville,1982
47037015501,Nashville,1988
47037015502,Nashville,1962
47037015609,Nashville,2007
47037015613,Nashville,1976
47037015614,Nashville,1988
47037015615,Nashville,1979
47037015617,Nashville,1978
47037015618,Nashville,1979
47037015619,Nashville,1991
47037015620,Nashville,1990
47037015622,Nashville,1999
47037015623,Nashville,1991
47037015624,Nashville,1988
47037015625,Nashville,1993
47037015626,Nashville,1987
47037015627,Nashville,1995
47037015628,Nashville,1999
47037015629,Nashville,2000
47037015630,Nashville,2011
47037015632,Nashville,1988
47037015633,Nashville,2002
47037015634,Nashville,2009
47037015635,Nashville,2004
47037015636,Nashville,1989
47037015637,Nashville,1986
47037015700,Nashville,1965
47037015804,Nashville,1976
47037015805,Nashville,1965
47037015806,Nashville,1973
47037015900,Nashville,1973
47037016000,Nashville,1984
47037016100,Nashville,2014
47037016200,Nashville,1998
47037016300,Nashville,2003
47037016400,Nashville,1987
47037016500,Nashville,2013
47037016600,Nashville,2002
47037016700,Nashville,1976
47037016800,Nashville,1958
47037016900,Nashville,1943
47037017000,Nashville,1964
47037017100,Nashville,2012
47037017200,Nashville,2009
47037017300,Nashville,1959
47037017401,Nashville,1961
47037017402,Nashville,1974
47037017500,Nashville,1949
47037017701,Nashville,1958
47037017702,Nashville,1966
47037017800,Nashville,1976
47037017901,Nashville,1983
47037017902,Nashville,1985
47037018000,Nashville,1975
47037018101,Nashville,1985
47037018102,Nashville,1968
47037018201,Nashville,1959
47037018203,Nashville,1960
47037018204,Nashville,1986
47037018205,Nashville,1993
47037018302,Nashville,2001
47037018303,Nashville,2012
47037018304,Nashville,2002
47037018404,Nashville,1987
47037018405,Nashville,1984
47037018407,Nashville,1995
47037018408,Nashville,1995
47037018409,Nashville,1989
47037018410,Nashville,1985
47037018411,Nashville,1994
47037018412,Nashville,1983
47037018500,Nashville,1964
47037018601,Nashville,1980
47037018602,Nashville,1970
47037018700,Nashville,1969
47037018801,Nashville,1965
47037018803,Nashville,1998
47037018804,Nashville,1997
47037018901,Nashville,1966
47037018902,Nashville,1965
47037018904,Nashville,1968
47037018905,Nashville,1990
47037019003,Nashville,1971
47037019004,Nashville,1972
47037019007,Nashville,1970
47037019008,Nashville,1977
47037019105,Nashville,1978
47037019106,Nashville,1987
47037019108,Nashville,1975
47037019109,Nashville,1977
47037019110,Nashville,1975
47037019111,Nashville,1987
47037019112,Nashville,2004
47037019115,Nashville,2001
47037019116,Nashville,1997
47037019117,Nashville,2007
47037019118,Nashville,1987
47037019119,Nashville,2012
47037019120,Nashville,2006
47037019121,Nashville,2005
47037019200,Nashville,1969
47037019300,Nashville,2010
47037019401,Nashville,2012
47037019402,Nashville,2014
47037019501,Nashville,2014
47037019502,Nashville,2015
47037019503,Nashville,2003
47037019600,Nashville,1970
47037980100,Nashville,-666666666
47037980200,Nashville,-666666666
48085030101,Dallas,1994
48085030102,Dallas,2004
48085030201,Dallas,2015
48085030202,Dallas,2018
48085030204,Dallas,2008
48085030205,Dallas,2013
48085030206,Dallas,2014
48085030207,Dallas,2015
48085030301,Dallas,2014
48085030302,Dallas,2013
48085030303,Dallas,2012
48085030304,Dallas,2016
48085030306,Dallas,2014
48085030307,Dallas,2014
48085030403,Dallas,1998
48085030404,Dallas,1998
48085030405,Dallas,2000
48085030406,Dallas,2011
48085030407,Dallas,2003
48085030409,Dallas,1999
48085030410,Dallas,2011
48085030504,Dallas,2013
48085030505,Dallas,2012
48085030506,Dallas,2009
48085030507,Dallas,1997
48085030509,Dallas,2003
48085030510,Dallas,2002
48085030511,Dallas,2013
48085030512,Dallas,2005
48085030515,Dallas,2004
48085030516,Dallas,2006
48085030517,Dallas,2010
48085030518,Dallas,2014
48085030519,Dallas,2015
48085030520,Dallas,2006
48085030521,Dallas,2009
48085030524,Dallas,2014
48085030525,Dallas,2003
48085030529,Dallas,2005
48085030531,Dallas,2005
48085030532,Dallas,1996
48085030533,Dallas,1995
48085030534,Dallas,1995
48085030535,Dallas,1997
48085030536,Dallas,2008
48085030537,Dallas,-666666666
48085030538,Dallas,2008
48085030539,Dallas,2006
48085030540,Dallas,2014
48085030541,Dallas,2013
48085030542,Dallas,2015
48085030543,Dallas,2015
48085030544,Dallas,2005
48085030545,Dallas,1996
48085030546,Dallas,2009
48085030547,Dallas,2007
48085030548,Dallas,2005
48085030549,Dallas,1996
48085030550,Dallas,1996
48085030604,Dallas,2006
48085030605,Dallas,2002
48085030606,Dallas,2002
48085030607,Dallas,1996
48085030608,Dallas,1992
48085030609,Dallas,2005
48085030701,Dallas,1975
48085030702,Dallas,1962
48085030801,Dallas,2001
48085030802,Dallas,1999
48085030901,Dallas,2006
48085030902,Dallas,-666666666
48085030903,Dallas,2002
48085031003,Dallas,2013
48085031005,Dallas,1996
48085031006,Dallas,1995
48085031007,Dallas,2018
48085031008,Dallas,2009
48085031101,Dallas,1996
48085031102,Dallas,2005
48085031201,Dallas,2012
48085031202,Dallas,2009
48085031308,Dallas,2002
48085031314,Dallas,2013
48085031318,Dallas,-666666666
48085031319,Dallas,2003
48085031320,Dallas,1997
48085031321,Dallas,2013
48085031322,Dallas,2004
48085031323,Dallas,2007
48085031324,Dallas,2001
48085031325,Dallas,1984
48085031326,Dallas,2007
48085031327,Dallas,2004
48085031328,Dallas,2005
48085031329,Dallas,2007
48085031330,Dallas,2009
48085031331,Dallas,2003
48085031332,Dallas,2004
48085031333,Dallas,2005
48085031334,Dallas,1995
48085031335,Dallas,2001
48085031336,Dallas,2013
48085031408,Dallas,-666666666
48085031411,Dallas,2003
48085031412,Dallas,2008
48085031413,Dallas,2004
48085031414,Dallas,2005
48085031415,Dallas,1996
48085031416,Dallas,2009
48085031417,Dallas,2013
48085031418,Dallas,2014
48085031419,Dallas,2002
48085031420,Dallas,2006
48085031421,Dallas,2009
48085031422,Dallas,1991
48085031423,Dallas,1999
48085031424,Dallas,1997
48085031425,Dallas,1994
48085031504,Dallas,1991
48085031507,Dallas,2010
48085031508,Dallas,2001
48085031509,Dallas,1999
48085031510,Dallas,2010
48085031511,Dallas,1985
48085031512,Dallas,1984
48085031611,Dallas,1985
48085031613,Dallas,1979
48085031621,Dallas,1984
48085031622,Dallas,1983
48085031623,Dallas,1989
48085031624,Dallas,1986
48085031625,Dallas,1980
48085031626,Dallas,1977
48085031627,Dallas,1976
48085031628,Dallas,-666666666
48085031629,Dallas,1976
48085031630,Dallas,1989
48085031631,Dallas,1989
48085031632,Dallas,1996
48085031633,Dallas,1989
48085031634,Dallas,1980
48085031635,Dallas,1999
48085031636,Dallas,1987
48085031639,Dallas,2004
48085031641,Dallas,1997
48085031642,Dallas,1994
48085031643,Dallas,1986
48085031645,Dallas,1995
48085031646,Dallas,1997
48085031647,Dallas,1996
48085031649,Dallas,1995
48085031654,Dallas,1998
48085031655,Dallas,1988
48085031657,Dallas,2012
48085031659,Dallas,1999
48085031660,Dallas,2009
48085031661,Dallas,2007
48085031662,Dallas,1998
48085031663,Dallas,1997
48085031664,Dallas,1995
48085031665,Dallas,2002
48085031666,Dallas,1997
48085031667,Dallas,1993
48085031668,Dallas,1996
48085031669,Dallas,1996
48085031670,Dallas,2015
48085031671,Dallas,2005
48085031672,Dallas,1994
48085031673,Dallas,1997
48085031674,Dallas,1996
48085031675,Dallas,1992
48085031676,Dallas,1992
48085031677,Dallas,1995
48085031678,Dallas,1993
48085031679,Dallas,1996
48085031680,Dallas,1996
48085031681,Dallas,1977
48085031682,Dallas,1988
48085031704,Dallas,1986
48085031706,Dallas,1990
48085031708,Dallas,1986
48085031709,Dallas,1995
48085031711,Dallas,1991
48085031713,Dallas,1989
48085031715,Dallas,1989
48085031716,Dallas,1987
48085031717,Dallas,1989
48085031718,Dallas,1988
48085031719,Dallas,1991
48085031720,Dallas,1985
48085031721,Dallas,1989
48085031722,Dallas,1994
48085031723,Dallas,1994
48085031724,Dallas,1988
48085031806,Dallas,2012
48085031807,Dallas,1981
48085031808,Dallas,1969
48085031809,Dallas,2011
48085031810,Dallas,1996
48085031811,Dallas,2015
48085031812,Dallas,2013
48085031813,Dallas,2012
48085031814,Dallas,1974
48085031815,Dallas,1979
48085031816,Dallas,2000
48085031901,Dallas,2009
48085031902,Dallas,2011
48085031903,Dallas,2014
48085031904,Dallas,-666666666
48085032003,Dallas,1976
48085032008,Dallas,1983
48085032010,Dallas,2000
48085032012,Dallas,1985
48085032013,Dallas,2000
48085032014,Dallas,1973
48085032015,Dallas,1969
48085032016,Dallas,2006
48085032017,Dallas,1999
48085032018,Dallas,1991
48085032019,Dallas,2002
48113000100,Dallas,1975
48113000201,Dallas,1956
48113000202,Dallas,1950
48113000300,Dallas,1985
48113000401,Dallas,2004
48113000405,Dallas,2011
48113000407,Dallas,1977
48113000408,Dallas,1977
48113000409,Dallas,2011
48113000410,Dallas,1956
48113000501,Dallas,2007
48113000502,Dallas,2000
48113000503,Dallas,2011
48113000605,Dallas,1997
48113000606,Dallas,1973
48113000607,Dallas,1984
48113000608,Dallas,2000
48113000609,Dallas,2008
48113000610,Dallas,1980
48113000611,Dallas,1990
48113000703,Dallas,2002
48113000704,Dallas,2005
48113000705,Dallas,2002
48113000706,Dallas,2013
48113000801,Dallas,2002
48113000802,Dallas,2008
48113000901,Dallas,2007
48113000902,Dallas,2002
48113001001,Dallas,2011
48113001002,Dallas,1985
48113001101,Dallas,2002
48113001102,Dallas,1975
48113001202,Dallas,1991
48113001203,Dallas,1938
48113001204,Dallas,1946
48113001301,Dallas,1955
48113001302,Dallas,1962
48113001400,Dallas,1964
48113001502,Dallas,1960
48113001503,Dallas,2012
48113001504,Dallas,1946
48113001601,Dallas,2008
48113001602,Dallas,2000
48113001703,Dallas,2004
48113001705,Dallas,2004
48113001801,Dallas,2005
48113001802,Dallas,2009
48113001901,Dallas,2005
48113001902,Dallas,2012
48113002001,Dallas,2005
48113002002,Dallas,1966
48113002100,Dallas,1979
48113002200,Dallas,2004
48113002400,Dallas,1957
48113002500,Dallas,1959
48113002703,Dallas,1966
48113003102,Dallas,1966
48113003103,Dallas,1952
48113003700,Dallas,1948
48113004201,Dallas,1986
48113004202,Dallas,1956
48113004300,Dallas,2014
48113004400,Dallas,1943
48113004500,Dallas,1949
48113004600,Dallas,1953
48113004700,Dallas,2006
48113004800,Dallas,1977
48113005000,Dallas,1938
48113005100,Dallas,1938
48113005200,Dallas,1938
48113005300,Dallas,1941
48113005400,Dallas,1949
48113005500,Dallas,1947
48113005600,Dallas,1953
48113005700,Dallas,1971
48113005901,Dallas,1961
48113005902,Dallas,1972
48113006001,Dallas,1956
48113006002,Dallas,1982
48113006100,Dallas,1962
48113006200,Dallas,1957
48113006301,Dallas,1953
48113006302,Dallas,1944
48113006401,Dallas,1951
48113006402,Dallas,1955
48113006501,Dallas,1961
48113006502,Dallas,1953
48113006701,Dallas,1959
48113006702,Dallas,1950
48113006800,Dallas,1981
48113006900,Dallas,1971
48113007101,Dallas,1988
48113007102,Dallas,1970
48113007203,Dallas,1974
48113007204,Dallas,1990
48113007205,Dallas,1984
48113007206,Dallas,1983
48113007301,Dallas,1967
48113007302,Dallas,2004
48113007601,Dallas,1969
48113007604,Dallas,1998
48113007605,Dallas,1978
48113007701,Dallas,2003
48113007702,Dallas,1966
48113007801,Dallas,1983
48113007805,Dallas,1977
48113007809,Dallas,1977
48113007810,Dallas,1979
48113007812,Dallas,1978
48113007815,Dallas,1983
48113007819,Dallas,1978
48113007821,Dallas,1977
48113007822,Dallas,2007
48113007823,Dallas,2014
48113007824,Dallas,1974
48113007825,Dallas,1978
48113007826,Dallas,2013
48113007827,Dallas,1987
48113007828,Dallas,1996
48113007829,Dallas,1959
48113007830,Dallas,1979
48113007831,Dallas,1976
48113007832,Dallas,1977
48113007833,Dallas,1977
48113007834,Dallas,1979
48113007835,Dallas,1984
48113007902,Dallas,1961
48113007903,Dallas,1968
48113007906,Dallas,1996
48113007909,Dallas,1981
48113007910,Dallas,1982
48113007912,Dallas,1979
48113007913,Dallas,2001
48113007914,Dallas,2012
48113007915,Dallas,2000
48113007916,Dallas,2006
48113008000,Dallas,1967
48113008101,Dallas,1988
48113008102,Dallas,1950
48113008200,Dallas,1958
48113008401,Dallas,1954
48113008402,Dallas,1953
48113008500,Dallas,1956
48113008604,Dallas,1982
48113008701,Dallas,1972
48113008703,Dallas,1959
48113008704,Dallas,1967
48113008705,Dallas,1958
48113008801,Dallas,1956
48113008802,Dallas,1956
48113009001,Dallas,1978
48113009002,Dallas,1966
48113009101,Dallas,1958
48113009103,Dallas,1962
48113009104,Dallas,1956
48113009105,Dallas,1959
48113009202,Dallas,1959
48113009203,Dallas,1955
48113009204,Dallas,1958
48113009301,Dallas,1957
48113009303,Dallas,1958
48113009304,Dallas,1969
48113009401,Dallas,1958
48113009402,Dallas,1958
48113009500,Dallas,1963
48113009603,Dallas,1969
48113009604,Dallas,1978
48113009605,Dallas,1967
48113009607,Dallas,1964
48113009608,Dallas,1967
48113009609,Dallas,1965
48113009610,Dallas,1974
48113009611,Dallas,1971
48113009701,Dallas,1964
48113009702,Dallas,1959
48113009802,Dallas,1965
48113009803,Dallas,1963
48113009804,Dallas,1977
48113009900,Dallas,2013
48113010001,Dallas,1978
48113010002,Dallas,-666666666
48113010003,Dallas,2011
48113010101,Dallas,2001
48113010102,Dallas,1953
48113010500,Dallas,1976
48113010601,Dallas,1978
48113010602,Dallas,1979
48113010701,Dallas,2002
48113010704,Dallas,1969
48113010804,Dallas,1992
48113010805,Dallas,1996
48113010806,Dallas,1962
48113010807,Dallas,1969
48113010808,Dallas,1989
48113010809,Dallas,1966
48113010903,Dallas,1987
48113010904,Dallas,1986
48113010905,Dallas,1985
48113010906,Dallas,1983
48113011002,Dallas,1959
48113011003,Dallas,1965
48113011004,Dallas,1974
48113011101,Dallas,1975
48113011103,Dallas,1962
48113011104,Dallas,1960
48113011105,Dallas,1971
48113011201,Dallas,2003
48113011202,Dallas,1961
48113011300,Dallas,1969
48113011401,Dallas,1976
48113011500,Dallas,2005
48113011601,Dallas,1970
48113011603,Dallas,1973
48113011604,Dallas,1982
48113011701,Dallas,1966
48113011702,Dallas,1976
48113011801,Dallas,1978
48113011802,Dallas,1961
48113011901,Dallas,1971
48113011902,Dallas,1971
48113012000,Dallas,1983
48113012101,Dallas,1995
48113012102,Dallas,1985
48113012206,Dallas,1976
48113012207,Dallas,1983
48113012208,Dallas,1969
48113012209,Dallas,1966
48113012210,Dallas,1978
48113012211,Dallas,1980
48113012212,Dallas,1965
48113012213,Dallas,1964
48113012301,Dallas,1961
48113012302,Dallas,1980
48113012400,Dallas,1958
48113012501,Dallas,1956
48113012502,Dallas,1956
48113012601,Dallas,1978
48113012603,Dallas,1957
48113012604,Dallas,1978
48113012701,Dallas,1959
48113012702,Dallas,1956
48113012801,Dallas,1967
48113012802,Dallas,1958
48113012900,Dallas,1957
48113013005,Dallas,1962
48113013007,Dallas,1975
48113013008,Dallas,1974
48113013009,Dallas,1971
48113013010,Dallas,1982
48113013011,Dallas,1983
48113013012,Dallas,1959
48113013013,Dallas,1966
48113013101,Dallas,1963
48113013102,Dallas,1970
48113013104,Dallas,2002
48113013106,Dallas,1977
48113013107,Dallas,1979
48113013201,Dallas,1993
48113013202,Dallas,2001
48113013300,Dallas,1977
48113013400,Dallas,1963
48113013500,Dallas,1968
48113013605,Dallas,1973
48113013606,Dallas,1976
48113013607,Dallas,1969
48113013608,Dallas,1977
48113013609,Dallas,1968
48113013610,Dallas,1968
48113013611,Dallas,1987
48113013615,Dallas,1980
48113013617,Dallas,1978
48113013618,Dallas,1981
48113013619,Dallas,1978
48113013620,Dallas,1990
48113013621,Dallas,1983
48113013622,Dallas,1986
48113013624,Dallas,1989
48113013625,Dallas,1984
48113013626,Dallas,2000
48113013627,Dallas,1987
48113013628,Dallas,2004
48113013629,Dallas,1981
48113013630,Dallas,1988
48113013631,Dallas,1981
48113013715,Dallas,1978
48113013716,Dallas,1986
48113013717,Dallas,1980
48113013718,Dallas,1971
48113013719,Dallas,1991
48113013720,Dallas,1981
48113013721,Dallas,1987
48113013722,Dallas,1988
48113013725,Dallas,1982
48113013726,Dallas,1994
48113013727,Dallas,1993
48113013728,Dallas,1966
48113013729,Dallas,1969
48113013804,Dallas,1966
48113013805,Dallas,2010
48113013806,Dallas,2008
48113013807,Dallas,1965
48113013808,Dallas,1980
48113013901,Dallas,1956
48113013902,Dallas,1964
48113014001,Dallas,1977
48113014002,Dallas,2017
48113014119,Dallas,1985
48113014120,Dallas,1988
48113014121,Dallas,1998
48113014123,Dallas,1994
48113014124,Dallas,1997
48113014126,Dallas,1996
48113014128,Dallas,1987
48113014130,Dallas,1998
48113014132,Dallas,1993
48113014134,Dallas,1994
48113014135,Dallas,1989
48113014138,Dallas,2005
48113014139,Dallas,1984
48113014140,Dallas,1986
48113014141,Dallas,1989
48113014142,Dallas,1989
48113014143,Dallas,2013
48113014144,Dallas,2006
48113014145,Dallas,1986
48113014146,Dallas,1988
48113014147,Dallas,1987
48113014148,Dallas,1987
48113014149,Dallas,1997
48113014150,Dallas,2007
48113014151,Dallas,1997
48113014152,Dallas,1989
48113014153,Dallas,1969
48113014154,Dallas,1967
48113014155,Dallas,1996
48113014156,Dallas,2002
48113014157,Dallas,2015
48113014158,Dallas,1979
48113014159,Dallas,2015
48113014160,Dallas,1999
48113014161,Dallas,1986
48113014203,Dallas,1968
48113014204,Dallas,1978
48113014205,Dallas,1988
48113014207,Dallas,2013
48113014208,Dallas,2001
48113014209,Dallas,2013
48113014306,Dallas,1966
48113014308,Dallas,1974
48113014309,Dallas,1982
48113014310,Dallas,1986
48113014313,Dallas,2000
48113014314,Dallas,1991
48113014315,Dallas,1967
48113014316,Dallas,1960
48113014317,Dallas,1977
48113014318,Dallas,1971
48113014319,Dallas,1986
48113014320,Dallas,1989
48113014405,Dallas,1966
48113014406,Dallas,1966
48113014407,Dallas,1985
48113014408,Dallas,1988
48113014409,Dallas,1986
48113014410,Dallas,1988
48113014501,Dallas,1964
48113014502,Dallas,1974
48113014601,Dallas,1965
48113014602,Dallas,1986
48113014603,Dallas,1987
48113014701,Dallas,1970
48113014704,Dallas,1966
48113014903,Dallas,1974
48113015001,Dallas,1966
48113015002,Dallas,1981
48113015101,Dallas,1974
48113015102,Dallas,1964
48113015202,Dallas,1965
48113015205,Dallas,1961
48113015206,Dallas,1971
48113015207,Dallas,1976
48113015208,Dallas,1969
48113015303,Dallas,1995
48113015304,Dallas,1990
48113015305,Dallas,1983
48113015306,Dallas,1979
48113015403,Dallas,1970
48113015404,Dallas,1983
48113015405,Dallas,1983
48113015406,Dallas,1978
48113015500,Dallas,1959
48113015600,Dallas,1956
48113015700,Dallas,1957
48113015900,Dallas,1965
48113016001,Dallas,1958
48113016002,Dallas,1973
48113016100,Dallas,1991
48113016201,Dallas,1968
48113016203,Dallas,1988
48113016204,Dallas,1964
48113016301,Dallas,2002
48113016302,Dallas,1975
48113016406,Dallas,1975
48113016407,Dallas,1977
48113016409,Dallas,1998
48113016410,Dallas,1997
48113016412,Dallas,1999
48113016414,Dallas,1997
48113016415,Dallas,1996
48113016416,Dallas,2010
48113016417,Dallas,1983
48113016418,Dallas,2006
48113016419,Dallas,1989
48113016420,Dallas,1981
48113016421,Dallas,1976
48113016511,Dallas,1977
48113016513,Dallas,1984
48113016516,Dallas,1973
48113016517,Dallas,1975
48113016518,Dallas,1975
48113016519,Dallas,1977
48113016521,Dallas,2010
48113016522,Dallas,1992
48113016524,Dallas,1992
48113016525,Dallas,2006
48113016526,Dallas,1981
48113016527,Dallas,2000
48113016528,Dallas,2006
48113016529,Dallas,1992
48113016530,Dallas,1991
48113016531,Dallas,1980
48113016532,Dallas,1977
48113016533,Dallas,1993
48113016534,Dallas,1986
48113016535,Dallas,1976
48113016536,Dallas,1966
48113016607,Dallas,1980
48113016610,Dallas,1983
48113016615,Dallas,1987
48113016616,Dallas,1998
48113016617,Dallas,1992
48113016618,Dallas,1984
48113016619,Dallas,1979
48113016620,Dallas,1986
48113016621,Dallas,1996
48113016622,Dallas,1988
48113016623,Dallas,2009
48113016624,Dallas,1996
48113016626,Dallas,1986
48113016627,Dallas,1986
48113016628,Dallas,1998
48113016629,Dallas,1999
48113016630,Dallas,2004
48113016631,Dallas,2002
48113016632,Dallas,1991
48113016633,Dallas,2006
48113016634,Dallas,1998
48113016635,Dallas,1997
48113016636,Dallas,1986
48113016637,Dallas,1990
48113016638,Dallas,1989
48113016704,Dallas,1979
48113016706,Dallas,1977
48113016707,Dallas,1997
48113016708,Dallas,2007
48113016709,Dallas,1973
48113016710,Dallas,1972
48113016711,Dallas,1984
48113016802,Dallas,2004
48113016803,Dallas,1976
48113016805,Dallas,1993
48113016806,Dallas,2000
48113016902,Dallas,1998
48113016903,Dallas,1999
48113017005,Dallas,1997
48113017006,Dallas,1974
48113017007,Dallas,1986
48113017008,Dallas,2004
48113017009,Dallas,2000
48113017010,Dallas,2010
48113017101,Dallas,1991
48113017102,Dallas,1990
48113017201,Dallas,1987
48113017203,Dallas,1995
48113017204,Dallas,1989
48113017307,Dallas,1997
48113017308,Dallas,1995
48113017309,Dallas,1997
48113017310,Dallas,1995
48113017311,Dallas,1985
48113017312,Dallas,1987
48113017313,Dallas,2006
48113017314,Dallas,1998
48113017315,Dallas,1988
48113017400,Dallas,1976
48113017500,Dallas,1973
48113017602,Dallas,1968
48113017604,Dallas,1965
48113017605,Dallas,1985
48113017606,Dallas,1987
48113017703,Dallas,1963
48113017704,Dallas,1965
48113017705,Dallas,1987
48113017706,Dallas,1984
48113017805,Dallas,1983
48113017806,Dallas,1971
48113017808,Dallas,1987
48113017811,Dallas,1981
48113017812,Dallas,1986
48113017814,Dallas,1989
48113017815,Dallas,1992
48113017816,Dallas,1971
48113017817,Dallas,1985
48113017818,Dallas,1984
48113017819,Dallas,1984
48113017820,Dallas,1976
48113017900,Dallas,1960
48113018001,Dallas,1968
48113018002,Dallas,1969
48113018105,Dallas,1971
48113018110,Dallas,1982
48113018111,Dallas,1976
48113018120,Dallas,1988
48113018121,Dallas,1980
48113018126,Dallas,1976
48113018127,Dallas,1968
48113018128,Dallas,1977
48113018129,Dallas,1980
48113018130,Dallas,1984
48113018132,Dallas,1978
48113018133,Dallas,1991
48113018134,Dallas,1993
48113018135,Dallas,2008
48113018137,Dallas,1991
48113018138,Dallas,1995
48113018140,Dallas,1998
48113018141,Dallas,1984
48113018142,Dallas,1985
48113018143,Dallas,2009
48113018144,Dallas,2000
48113018145,Dallas,1995
48113018146,Dallas,1990
48113018147,Dallas,1989
48113018148,Dallas,1980
48113018149,Dallas,2001
48113018150,Dallas,2000
48113018151,Dallas,2002
48113018152,Dallas,1988
48113018153,Dallas,2005
48113018154,Dallas,2001
48113018155,Dallas,2013
48113018156,Dallas,1991
48113018157,Dallas,1997
48113018158,Dallas,1989
48113018159,Dallas,2008
48113018203,Dallas,1977
48113018204,Dallas,1964
48113018205,Dallas,1975
48113018206,Dallas,1961
48113018300,Dallas,1958
48113018401,Dallas,1970
48113018402,Dallas,1967
48113018403,Dallas,1978
48113018501,Dallas,1961
48113018505,Dallas,1984
48113018506,Dallas,1985
48113018507,Dallas,1981
48113018508,Dallas,1985
48113018600,Dallas,1956
48113018700,Dallas,1958
48113018801,Dallas,1960
48113018802,Dallas,2010
48113018900,Dallas,1972
48113019013,Dallas,1967
48113019016,Dallas,1977
48113019018,Dallas,1980
48113019019,Dallas,1982
48113019020,Dallas,1986
48113019023,Dallas,1978
48113019024,Dallas,1975
48113019025,Dallas,1984
48113019026,Dallas,1982
48113019027,Dallas,2002
48113019028,Dallas,1977
48113019029,Dallas,1978
48113019031,Dallas,1982
48113019032,Dallas,1970
48113019033,Dallas,1966
48113019034,Dallas,1981
48113019035,Dallas,1985
48113019036,Dallas,1980
48113019037,Dallas,1975
48113019039,Dallas,1974
48113019040,Dallas,1995
48113019041,Dallas,1976
48113019042,Dallas,2012
48113019044,Dallas,1974
48113019045,Dallas,1968
48113019046,Dallas,1965
48113019047,Dallas,1978
48113019048,Dallas,1975
48113019049,Dallas,1975
48113019050,Dallas,1993
48113019051,Dallas,1997
48113019052,Dallas,2013
48113019053,Dallas,2013
48113019101,Dallas,2011
48113019102,Dallas,1963
48113019202,Dallas,1964
48113019203,Dallas,1962
48113019205,Dallas,1984
48113019208,Dallas,1977
48113019210,Dallas,1969
48113019211,Dallas,1968
48113019212,Dallas,1991
48113019213,Dallas,1986
48113019214,Dallas,1976
48113019215,Dallas,1960
48113019216,Dallas,1967
48113019301,Dallas,1998
48113019302,Dallas,1987
48113019400,Dallas,1986
48113019501,Dallas,1992
48113019502,Dallas,1988
48113019600,Dallas,1986
48113019700,Dallas,1990
48113019800,Dallas,1951
48113019900,Dallas,1954
48113020000,Dallas,1997
48113020100,Dallas,1984
48113020200,Dallas,1967
48113020300,Dallas,1951
48113020401,Dallas,2011
48113020402,Dallas,2009
48113020500,Dallas,2004
48113020600,Dallas,1980
48113020700,Dallas,1977
48113020800,Dallas,1969
48113020900,Dallas,1954
48113021000,Dallas,1958
48113021100,Dallas,1953
48113021200,Dallas,1964
48113980000,Dallas,-666666666
48113980100,Dallas,-666666666
48113980200,Dallas,1987
48121020109,Dallas,2015
48121020110,Dallas,2005
48121020111,Dallas,2005
48121020112,Dallas,-666666666
48121020115,Dallas,2008
48121020116,Dallas,2012
48121020117,Dallas,1991
48121020118,Dallas,1996
48121020119,Dallas,2006
48121020120,Dallas,2005
48121020121,Dallas,2015
48121020122,Dallas,2006
48121020123,Dallas,2019
48121020124,Dallas,2020
48121020125,Dallas,2010
48121020126,Dallas,2006
48121020127,Dallas,2007
48121020128,Dallas,2015
48121020129,Dallas,2016
48121020130,Dallas,2019
48121020131,Dallas,2008
48121020132,Dallas,2013
48121020133,Dallas,2009
48121020134,Dallas,2016
48121020135,Dallas,2013
48121020136,Dallas,2015
48121020137,Dallas,2012
48121020203,Dallas,2000
48121020204,Dallas,2005
48121020205,Dallas,1994
48121020206,Dallas,2001
48121020207,Dallas,1997
48121020208,Dallas,1995
48121020305,Dallas,1989
48121020310,Dallas,2011
48121020311,Dallas,2003
48121020312,Dallas,2012
48121020313,Dallas,2005
48121020314,Dallas,2016
48121020315,Dallas,2002
48121020316,Dallas,2001
48121020317,Dallas,2015
48121020318,Dallas,2012
48121020319,Dallas,2009
48121020320,Dallas,2015
48121020321,Dallas,2012
48121020322,Dallas,2003
48121020402,Dallas,1988
48121020403,Dallas,1955
48121020404,Dallas,2006
48121020405,Dallas,2006
48121020504,Dallas,2007
48121020505,Dallas,1982
48121020506,Dallas,1992
48121020507,Dallas,1984
48121020508,Dallas,1975
48121020601,Dallas,1980
48121020603,Dallas,1990
48121020604,Dallas,1991
48121020605,Dallas,1980
48121020700,Dallas,1976
48121020800,Dallas,1995
48121020900,Dallas,1982
48121021000,Dallas,1980
48121021100,Dallas,1984
48121021202,Dallas,1990
48121021203,Dallas,1993
48121021204,Dallas,2001
48121021301,Dallas,1989
48121021304,Dallas,1990
48121021305,Dallas,1982
48121021306,Dallas,2006
48121021307,Dallas,2005
48121021410,Dallas,2009
48121021411,Dallas,2000
48121021412,Dallas,2004
48121021413,Dallas,1996
48121021414,Dallas,1997
48121021415,Dallas,2011
48121021416,Dallas,2005
48121021417,Dallas,2005
48121021418,Dallas,1994
48121021419,Dallas,1994
48121021420,Dallas,1997
48121021421,Dallas,1996
48121021422,Dallas,2007
48121021423,Dallas,2007
48121021502,Dallas,1986
48121021505,Dallas,1993
48121021512,Dallas,1999
48121021513,Dallas,1982
48121021514,Dallas,1987
48121021516,Dallas,1987
48121021517,Dallas,2009
48121021518,Dallas,1993
48121021520,Dallas,1976
48121021521,Dallas,1977
48121021522,Dallas,2014
48121021526,Dallas,2007
48121021528,Dallas,-666666666
48121021529,Dallas,2007
48121021530,Dallas,1995
48121021531,Dallas,2002
48121021532,Dallas,2004
48121021533,Dallas,1996
48121021534,Dallas,2014
48121021535,Dallas,2011
48121021536,Dallas,2015
48121021537,Dallas,2011
48121021538,Dallas,2015
48121021539,Dallas,2010
48121021540,Dallas,2014
48121021611,Dallas,1985
48121021612,Dallas,1986
48121021613,Dallas,1988
48121021614,Dallas,1977
48121021615,Dallas,1976
48121021616,Dallas,1985
48121021618,Dallas,1977
48121021619,Dallas,2001
48121021620,Dallas,2005
48121021621,Dallas,1988
48121021622,Dallas,1996
48121021626,Dallas,2006
48121021630,Dallas,1993
48121021631,Dallas,1998
48121021632,Dallas,1991
48121021633,Dallas,1983
48121021634,Dallas,1990
48121021635,Dallas,1991
48121021637,Dallas,1990
48121021638,Dallas,1989
48121021639,Dallas,1987
48121021640,Dallas,1994
48121021641,Dallas,1993
48121021642,Dallas,2003
48121021643,Dallas,2007
48121021644,Dallas,2002
48121021645,Dallas,2013
48121021646,Dallas,2002
48121021647,Dallas,2011
48121021648,Dallas,2001
48121021649,Dallas,2003
48121021650,Dallas,2009
48121021651,Dallas,2014
48121021652,Dallas,2010
48121021653,Dallas,2014
48121021654,Dallas,2016
48121021655,Dallas,2015
48121021715,Dallas,1996
48121021716,Dallas,1996
48121021717,Dallas,1980
48121021719,Dallas,2004
48121021720,Dallas,2001
48121021721,Dallas,-666666666
48121021722,Dallas,1990
48121021723,Dallas,1993
48121021724,Dallas,1995
48121021725,Dallas,-666666666
48121021726,Dallas,1994
48121021727,Dallas,2000
48121021728,Dallas,2014
48121021729,Dallas,1995
48121021730,Dallas,1991
48121021731,Dallas,1995
48121021732,Dallas,1996
48121021733,Dallas,1993
48121021734,Dallas,1992
48121021735,Dallas,1998
48121021736,Dallas,1996
48121021737,Dallas,2001
48121021738,Dallas,2007
48121021739,Dallas,1987
48121021740,Dallas,1992
48121021741,Dallas,1990
48121021742,Dallas,1989
48121021743,Dallas,1986
48121021744,Dallas,1978
48121021745,Dallas,1975
48121021746,Dallas,1997
48121021748,Dallas,1994
48121021749,Dallas,2001
48121021750,Dallas,2002
48121021751,Dallas,2004
48121021752,Dallas,1999
48121021754,Dallas,2007
48121021755,Dallas,2010
48121021756,Dallas,2012
48121021757,Dallas,1994
48121021758,Dallas,1996
48121021759,Dallas,2014
48121021800,Dallas,1999
48121021900,Dallas,2007
48209010100,Austin,1997
48209010200,Austin,1989
48209010302,Austin,1984
48209010305,Austin,1997
48209010306,Austin,2011
48209010307,Austin,1986
48209010308,Austin,1987
48209010309,Austin,2010
48209010401,Austin,1988
48209010402,Austin,2009
48209010500,Austin,2002
48209010601,Austin,1977
48209010602,Austin,1997
48209010603,Austin,2005
48209010702,Austin,1998
48209010703,Austin,1986
48209010704,Austin,1993
48209010806,Austin,2004
48209010807,Austin,2012
48209010809,Austin,2011
48209010810,Austin,2002
48209010811,Austin,2008
48209010812,Austin,1998
48209010813,Austin,2006
48209010814,Austin,1989
48209010815,Austin,1998
48209010816,Austin,2012
48209010817,Austin,1998
48209010818,Austin,1999
48209010905,Austin,2013
48209010909,Austin,2011
48209010911,Austin,1988
48209010912,Austin,2007
48209010913,Austin,2007
48209010914,Austin,1996
48209010915,Austin,2013
48209010916,Austin,2014
48209010917,Austin,2012
48209010918,Austin,2011
48209010919,Austin,2007
48209010920,Austin,2012
48209010921,Austin,2002
48209010922,Austin,2014
48209010923,Austin,2014
48209010924,Austin,2003
48209010925,Austin,2009
48257050204,Dallas,2013
48257050207,Dallas,2016
48257050208,Dallas,1996
48257050209,Dallas,2014
48257050210,Dallas,1994
48257050211,Dallas,2015
48257050212,Dallas,2004
48257050213,Dallas,2012
48257050214,Dallas,1994
48257050215,Dallas,2009
48257050300,Dallas,1979
48257050401,Dallas,1969
48257050402,Dallas,2000
48257050500,Dallas,1996
48257050601,Dallas,1992
48257050602,Dallas,1994
48257050701,Dallas,2003
48257050703,Dallas,1988
48257050704,Dallas,1993
48257050801,Dallas,2001
48257050802,Dallas,2005
48257051000,Dallas,1977
48257051100,Dallas,1975
48257051201,Dallas,1992
48257051202,Dallas,1997
48257051301,Dallas,1988
48257051302,Dallas,2001
48397040101,Dallas,1999
48397040103,Dallas,2003
48397040104,Dallas,2009
48397040201,Dallas,2004
48397040202,Dallas,2012
48397040203,Dallas,2016
48397040301,Dallas,1990
48397040303,Dallas,1987
48397040304,Dallas,2002
48397040305,Dallas,2010
48397040403,Dallas,1996
48397040404,Dallas,2007
48397040405,Dallas,2014
48397040406,Dallas,2009
48397040407,Dallas,2016
48397040408,Dallas,2016
48397040409,Dallas,2010
48397040410,Dallas,2007
48397040411,Dallas,2013
48397040412,Dallas,2015
48397040503,Dallas,2001
48397040507,Dallas,2001
48397040508,Dallas,2008
48397040509,Dallas,2016
48397040510,Dallas,1993
48397040511,Dallas,2004
48397040512,Dallas,-666666666
48397040513,Dallas,2005
48397040514,Dallas,2010
48453000101,Austin,1969
48453000102,Austin,1961
48453000203,Austin,2010
48453000204,Austin,1972
48453000205,Austin,1985
48453000206,Austin,1964
48453000302,Austin,1972
48453000304,Austin,1972
48453000305,Austin,1972
48453000307,Austin,1953
48453000308,Austin,2015
48453000309,Austin,2011
48453000401,Austin,1981
48453000402,Austin,1993
48453000500,Austin,1971
48453000601,Austin,2001
48453000605,Austin,1986
48453000606,Austin,2003
48453000607,Austin,1996
48453000608,Austin,2013
48453000700,Austin,1967
48453000801,Austin,2001
48453000802,Austin,1986
48453000803,Austin,2002
48453000804,Austin,1976
48453000901,Austin,2011
48453000902,Austin,2012
48453001000,Austin,1948
48453001101,Austin,1987
48453001102,Austin,2008
48453001103,Austin,2008
48453001200,Austin,2006
48453001304,Austin,1996
48453001307,Austin,1993
48453001308,Austin,1982
48453001309,Austin,2006
48453001310,Austin,2011
48453001311,Austin,1981
48453001312,Austin,1998
48453001401,Austin,1983
48453001402,Austin,1974
48453001403,Austin,1984
48453001501,Austin,1964
48453001503,Austin,2011
48453001504,Austin,2003
48453001505,Austin,1965
48453001602,Austin,1974
48453001603,Austin,1951
48453001604,Austin,1966
48453001605,Austin,1949
48453001606,Austin,2012
48453001910,Austin,1987
48453001911,Austin,1985
48453001912,Austin,1993
48453001913,Austin,1991
48453001914,Austin,1995
48453001915,Austin,2010
48453001916,Austin,1992
48453001917,Austin,1984
48453001918,Austin,1992
48453001919,Austin,1984
48453001920,Austin,2006
48453001921,Austin,2006
48453001922,Austin,1985
48453001923,Austin,1977
48453002002,Austin,1959
48453002003,Austin,1976
48453002004,Austin,2003
48453002006,Austin,1983
48453002007,Austin,2003
48453002104,Austin,1958
48453002105,Austin,1976
48453002106,Austin,1964
48453002107,Austin,1968
48453002108,Austin,1990
48453002109,Austin,1976
48453002110,Austin,1979
48453002111,Austin,2001
48453002112,Austin,1982
48453002113,Austin,1969
48453002201,Austin,1984
48453002211,Austin,2011
48453002213,Austin,2007
48453002214,Austin,1978
48453002215,Austin,2009
48453002216,Austin,2008
48453002217,Austin,2012
48453002218,Austin,2006
48453002219,Austin,2009
48453002220,Austin,2014
48453002221,Austin,2012
48453002222,Austin,1989
48453002304,Austin,2013
48453002307,Austin,1986
48453002310,Austin,1991
48453002313,Austin,1988
48453002314,Austin,2001
48453002315,Austin,1984
48453002316,Austin,1981
48453002319,Austin,-666666666
48453002320,Austin,2014
48453002321,Austin,2009
48453002322,Austin,1994
48453002323,Austin,1976
48453002324,Austin,1998
48453002325,Austin,1986
48453002326,Austin,2001
48453002327,Austin,2000
48453002403,Austin,1980
48453002407,Austin,2012
48453002409,Austin,1979
48453002410,Austin,1979
48453002411,Austin,1978
48453002412,Austin,1977
48453002413,Austin,1991
48453002419,Austin,1991
48453002422,Austin,1983
48453002423,Austin,1990
48453002424,Austin,1976
48453002430,Austin,1989
48453002432,Austin,2018
48453002434,Austin,1999
48453002436,Austin,2002
48453002437,Austin,2008
48453002438,Austin,2006
48453002439,Austin,2001
48453002440,Austin,2010
48453002441,Austin,2005
48453002442,Austin,1997
48453002443,Austin,2006
48453002444,Austin,1975
48453002445,Austin,2012
48453002446,Austin,2000
48453002447,Austin,1996
48453002448,Austin,2012
48453002449,Austin,2006
48453002450,Austin,2011
48453002451,Austin,2013
48453002452,Austin,2011
48453002453,Austin,2006
48453002500,Austin,1988
48453030000,Austin,1984
48453030100,Austin,1979
48453030200,Austin,1976
48453030300,Austin,1970
48453030400,Austin,1984
48453030500,Austin,1995
48453030600,Austin,1979
48453030700,Austin,1987
48453030800,Austin,1989
48453030900,Austin,1988
48453031000,Austin,1987
48453031100,Austin,1994
48453031200,Austin,1989
48453031300,Austin,2000
48453031400,Austin,1997
48453031500,Austin,2005
48453031600,Austin,1983
48453031700,Austin,1992
48453031800,Austin,1987
48453031900,Austin,2002
48453032000,Austin,1992
48453032100,Austin,1995
48453032200,Austin,1979
48453032300,Austin,1977
48453032400,Austin,2001
48453032500,Austin,1979
48453032600,Austin,1991
48453032700,Austin,1978
48453032800,Austin,1995
48453032900,Austin,1997
48453033000,Austin,1997
48453033100,Austin,1986
48453033200,Austin,2010
48453033300,Austin,2009
48453033400,Austin,1982
48453033500,Austin,1989
48453033600,Austin,1997
48453033700,Austin,1977
48453033800,Austin,1988
48453033900,Austin,1995
48453034000,Austin,2005
48453034100,Austin,2003
48453034200,Austin,1995
48453034300,Austin,1992
48453034400,Austin,2005
48453034500,Austin,2001
48453034600,Austin,2005
48453034700,Austin,1998
48453034800,Austin,2001
48453034900,Austin,2003
48453035000,Austin,2003
48453035100,Austin,2009
48453035200,Austin,2002
48453035300,Austin,2000
48453035400,Austin,2013
48453035500,Austin,-666666666
48453035600,Austin,1991
48453035700,Austin,2005
48453035800,Austin,2002
48453035900,Austin,1989
48453036000,Austin,2010
48453036100,Austin,-666666666
48453036200,Austin,2017
48453036300,Austin,1995
48453036400,Austin,2005
48453036500,Austin,2015
48453036600,Austin,2006
48453036700,Austin,2003
48453036800,Austin,1997
48453036900,Austin,2003
48453037000,Austin,2013
48453037100,Austin,1990
48453037200,Austin,2005
48453037300,Austin,1996
48453037400,Austin,2004
48453037500,Austin,2000
48453037600,Austin,2005
48453040000,Austin,1972
48453040100,Austin,1974
48453040200,Austin,1981
48453040300,Austin,1986
48453040400,Austin,1969
48453040500,Austin,1969
48453040600,Austin,1978
48453040700,Austin,1983
48453040800,Austin,1976
48453040900,Austin,1981
48453041000,Austin,1981
48453041100,Austin,1967
48453041200,Austin,2007
48453041300,Austin,1985
48453041400,Austin,1985
48453041500,Austin,1979
48453041600,Austin,1979
48453041700,Austin,1983
48453041800,Austin,1986
48453041900,Austin,1986
48453042000,Austin,1985
48453042100,Austin,1994
48453042200,Austin,1988
48453042300,Austin,1986
48453042400,Austin,2014
48453042500,Austin,2016
48453042600,Austin,1988
48453042700,Austin,1995
48453042800,Austin,2003
48453042900,Austin,1989
48453043000,Austin,1996
48453043100,Austin,1989
48453043200,Austin,1977
48453043300,Austin,1987
48453043400,Austin,1984
48453043500,Austin,2012
48453043600,Austin,1994
48453043700,Austin,2006
48453043800,Austin,1988
48453043900,Austin,2012
48453044000,Austin,2001
48453044100,Austin,2004
48453044200,Austin,2015
48453044300,Austin,2003
48453044400,Austin,2000
48453044500,Austin,2000
48453044600,Austin,2006
48453044700,Austin,1994
48453044800,Austin,2011
48453044900,Austin,2013
48453045000,Austin,2003
48453045100,Austin,2004
48453045200,Austin,1996
48453045300,Austin,2003
48453045400,Austin,2014
48453045500,Austin,1994
48453045600,Austin,1997
48453045700,Austin,2006
48453045800,Austin,2011
48453045900,Austin,2015
48453046000,Austin,2002
48453046100,Austin,2013
48453046200,Austin,2007
48453046300,Austin,1993
48453046400,Austin,2009
48453046500,Austin,2002
48453046600,Austin,2006
48453046700,Austin,2003
48453046800,Austin,2015
48453046900,Austin,2012
48453047000,Austin,2002
48453980000,Austin,-666666666
48491020106,Austin,2005
48491020108,Austin,1986
48491020109,Austin,2008
48491020111,Austin,1991
48491020113,Austin,1994
48491020114,Austin,1988
48491020115,Austin,2011
48491020116,Austin,2000
48491020117,Austin,2005
48491020118,Austin,2008
48491020119,Austin,2013
48491020120,Austin,2019
48491020121,Austin,2015
48491020122,Austin,2016
48491020123,Austin,1998
48491020124,Austin,2016
48491020201,Austin,1999
48491020203,Austin,2009
48491020205,Austin,2011
48491020206,Austin,2003
48491020207,Austin,2010
48491020208,Austin,2006
48491020310,Austin,2011
48491020311,Austin,2014
48491020319,Austin,2008
48491020321,Austin,1988
48491020323,Austin,2003
48491020325,Austin,2000
48491020326,Austin,1999
48491020327,Austin,2000
48491020329,Austin,2018
48491020330,Austin,2012
48491020331,Austin,2008
48491020332,Austin,2007
48491020333,Austin,1994
48491020334,Austin,2011
48491020335,Austin,1994
48491020336,Austin,1991
48491020337,Austin,2004
48491020338,Austin,2014
48491020339,Austin,2015
48491020340,Austin,2019
48491020341,Austin,2007
48491020342,Austin,2015
48491020343,Austin,2006
48491020344,Austin,2013
48491020345,Austin,2012
48491020346,Austin,2013
48491020347,Austin,2004
48491020348,Austin,2012
48491020349,Austin,2000
48491020350,Austin,2006
48491020351,Austin,1995
48491020352,Austin,2011
48491020353,Austin,1995
48491020354,Austin,2001
48491020355,Austin,2012
48491020356,Austin,2006
48491020403,Austin,1980
48491020404,Austin,1985
48491020405,Austin,1982
48491020406,Austin,1996
48491020408,Austin,1988
48491020409,Austin,2003
48491020410,Austin,1991
48491020411,Austin,1996
48491020503,Austin,1986
48491020505,Austin,1994
48491020507,Austin,2001
48491020508,Austin,2007
48491020509,Austin,2003
48491020511,Austin,1980
48491020512,Austin,2003
48491020513,Austin,2013
48491020514,Austin,1998
48491020515,Austin,1994
48491020516,Austin,2009
48491020517,Austin,1996
48491020602,Austin,1992
48491020604,Austin,2009
48491020606,Austin,2004
48491020607,Austin,2006
48491020608,Austin,2004
48491020609,Austin,2017
48491020701,Austin,1984
48491020704,Austin,1987
48491020706,Austin,2004
48491020707,Austin,2000
48491020709,Austin,2000
48491020710,Austin,2011
48491020711,Austin,2007
48491020712,Austin,2008
48491020713,Austin,1998
48491020808,Austin,2003
48491020810,Austin,2012
48491020811,Austin,2006
48491020812,Austin,2013
48491020813,Austin,2014
48491020814,Austin,2006
48491020815,Austin,1995
48491020816,Austin,2012
48491020817,Austin,2014
48491020818,Austin,-666666666
48491020819,Austin,2021
48491020820,Austin,2006
48491020821,Austin,2018
48491020822,Austin,2006
48491020900,Austin,1990
48491021000,Austin,1979
48491021100,Austin,1947
48491021201,Austin,1981
48491021202,Austin,1995
48491021203,Austin,1979
48491021300,Austin,1974
48491021402,Austin,1995
48491021404,Austin,2003
48491021405,Austin,2011
48491021406,Austin,2014
48491021407,Austin,2012
48491021502,Austin,1987
48491021503,Austin,1981
48491021506,Austin,2008
48491021509,Austin,2013
48491021510,Austin,2013
48491021511,Austin,2005
48491021512,Austin,2007
48491021513,Austin,2013
48491021514,Austin,2012
48491021515,Austin,1998
48491021516,Austin,2010
48491021517,Austin,1987
48491021518,Austin,2003
48491021601,Austin,2016
48491021602,Austin,1993
48491021603,Austin,2011
53033000101,Seattle,1993
53033000102,Seattle,1978
53033000201,Seattle,1970
53033000202,Seattle,1956
53033000300,Seattle,1961
53033000402,Seattle,1965
53033000403,Seattle,1973
53033000404,Seattle,2004
53033000500,Seattle,1956
53033000601,Seattle,1971
53033000602,Seattle,1969
53033000700,Seattle,1974
53033000800,Seattle,1958
53033000900,Seattle,1954
53033001000,Seattle,1958
53033001100,Seattle,1957
53033001201,Seattle,1977
53033001202,Seattle,1986
53033001300,Seattle,1978
53033001400,Seattle,1956
53033001500,Seattle,1952
53033001600,Seattle,1964
53033001701,Seattle,1986
53033001702,Seattle,1988
53033001800,Seattle,1993
53033001900,Seattle,1978
53033002000,Seattle,1959
53033002100,Seattle,1969
53033002200,Seattle,1963
53033002400,Seattle,1951
53033002500,Seattle,1955
53033002600,Seattle,1938
53033002700,Seattle,1938
53033002800,Seattle,1938
53033002900,Seattle,1938
53033003000,Seattle,1943
53033003100,Seattle,1944
53033003201,Seattle,2001
53033003202,Seattle,1958
53033003301,Seattle,1982
53033003302,Seattle,1970
53033003400,Seattle,1938
53033003500,Seattle,1938
53033003601,Seattle,1968
53033003602,Seattle,2012
53033003800,Seattle,1959
53033003900,Seattle,1955
53033004000,Seattle,1971
53033004101,Seattle,1938
53033004102,Seattle,1957
53033004201,Seattle,1954
53033004202,Seattle,1942
53033004301,Seattle,1948
53033004302,Seattle,1990
53033004401,Seattle,1938
53033004402,Seattle,1978
53033004500,Seattle,1938
53033004600,Seattle,1938
53033004701,Seattle,2007
53033004702,Seattle,2009
53033004703,Seattle,2001
53033004800,Seattle,1949
53033004901,Seattle,1981
53033004902,Seattle,1976
53033005000,Seattle,1976
53033005100,Seattle,1938
53033005201,Seattle,1974
53033005202,Seattle,2001
53033005303,Seattle,2013
53033005304,Seattle,1943
53033005305,Seattle,1976
53033005306,Seattle,2004
53033005307,Seattle,1995
53033005401,Seattle,1997
53033005402,Seattle,1980
53033005600,Seattle,1947
53033005700,Seattle,1958
53033005801,Seattle,1975
53033005803,Seattle,1972
53033005804,Seattle,1984
53033005901,Seattle,1976
53033005902,Seattle,1950
53033006000,Seattle,1968
53033006100,Seattle,1979
53033006200,Seattle,1938
53033006300,Seattle,1952
53033006400,Seattle,1938
53033006500,Seattle,1958
53033006600,Seattle,1974
53033006701,Seattle,2010
53033006702,Seattle,2000
53033006703,Seattle,1963
53033006800,Seattle,1938
53033006900,Seattle,1952
53033007001,Seattle,1957
53033007002,Seattle,1960
53033007101,Seattle,2009
53033007102,Seattle,1994
53033007201,Seattle,2006
53033007202,Seattle,2011
53033007203,Seattle,2012
53033007301,Seattle,2013
53033007302,Seattle,2012
53033007303,Seattle,2013
53033007403,Seattle,1967
53033007404,Seattle,1963
53033007405,Seattle,1963
53033007406,Seattle,1975
53033007501,Seattle,1982
53033007502,Seattle,1996
53033007503,Seattle,2012
53033007600,Seattle,1950
53033007700,Seattle,1984
53033007800,Seattle,1938
53033007901,Seattle,1970
53033007902,Seattle,2006
53033008002,Seattle,2004
53033008003,Seattle,1999
53033008004,Seattle,2003
53033008101,Seattle,1994
53033008102,Seattle,2010
53033008200,Seattle,1978
53033008300,Seattle,1974
53033008401,Seattle,2004
53033008402,Seattle,1991
53033008500,Seattle,1995
53033008600,Seattle,2006
53033008700,Seattle,1977
53033008800,Seattle,1938
53033008900,Seattle,1984
53033009000,Seattle,2001
53033009100,Seattle,1998
53033009200,Seattle,1980
53033009300,Seattle,1996
53033009400,Seattle,1985
53033009500,Seattle,1955
53033009600,Seattle,1971
53033009701,Seattle,1964
53033009702,Seattle,1953
53033009801,Seattle,1941
53033009802,Seattle,1981
53033009900,Seattle,1994
53033010001,Seattle,2001
53033010002,Seattle,1941
53033010101,Seattle,2002
53033010102,Seattle,1969
53033010200,Seattle,1954
53033010301,Seattle,1960
53033010302,Seattle,2005
53033010401,Seattle,1965
53033010402,Seattle,1957
53033010501,Seattle,2011
53033010502,Seattle,1993
53033010601,Seattle,1959
53033010602,Seattle,1963
53033010701,Seattle,1996
53033010702,Seattle,2004
53033010800,Seattle,1974
53033010900,Seattle,1943
53033011001,Seattle,2001
53033011002,Seattle,1973
53033011101,Seattle,1983
53033011102,Seattle,1959
53033011200,Seattle,1969
53033011300,Seattle,1972
53033011401,Seattle,1981
53033011402,Seattle,1962
53033011500,Seattle,1946
53033011601,Seattle,1957
53033011602,Seattle,1951
53033011700,Seattle,1975
53033011801,Seattle,1965
53033011802,Seattle,1966
53033011901,Seattle,1958
53033011902,Seattle,1954
53033012000,Seattle,1948
53033012100,Seattle,1958
53033020100,Seattle,1965
53033020200,Seattle,1968
53033020301,Seattle,1983
53033020302,Seattle,1966
53033020401,Seattle,1971
53033020402,Seattle,1975
53033020500,Seattle,1974
53033020600,Seattle,1964
53033020700,Seattle,1976
53033020800,Seattle,1960
53033020900,Seattle,1979
53033021000,Seattle,1964
53033021100,Seattle,1960
53033021300,Seattle,1972
53033021400,Seattle,1958
53033021500,Seattle,1964
53033021600,Seattle,1981
53033021701,Seattle,2001
53033021702,Seattle,1986
53033021802,Seattle,1995
53033021803,Seattle,1998
53033021804,Seattle,1996
53033021903,Seattle,1979
53033021904,Seattle,1985
53033021905,Seattle,1987
53033021906,Seattle,1986
53033022001,Seattle,1990
53033022003,Seattle,1977
53033022005,Seattle,1985
53033022006,Seattle,1979
53033022101,Seattle,1980
53033022102,Seattle,1991
53033022201,Seattle,1974
53033022203,Seattle,1988
53033022204,Seattle,1976
53033022205,Seattle,1989
53033022300,Seattle,1975
53033022401,Seattle,1985
53033022402,Seattle,1993
53033022501,Seattle,1985
53033022502,Seattle,1997
53033022603,Seattle,1990
53033022604,Seattle,1987
53033022605,Seattle,1985
53033022606,Seattle,1974
53033022701,Seattle,1990
53033022702,Seattle,1981
53033022703,Seattle,1977
53033022802,Seattle,1981
53033022803,Seattle,2010
53033022804,Seattle,1978
53033022805,Seattle,1982
53033022901,Seattle,1969
53033022902,Seattle,1975
53033023000,Seattle,1976
53033023100,Seattle,1966
53033023201,Seattle,1978
53033023202,Seattle,1977
53033023300,Seattle,1959
53033023401,Seattle,1975
53033023403,Seattle,1981
53033023404,Seattle,1976
53033023500,Seattle,1971
53033023601,Seattle,1972
53033023603,Seattle,1979
53033023604,Seattle,1983
53033023701,Seattle,1978
53033023702,Seattle,2015
53033023801,Seattle,1993
53033023805,Seattle,2008
53033023806,Seattle,2005
53033023807,Seattle,2006
53033023808,Seattle,2006
53033023901,Seattle,1975
53033023902,Seattle,1979
53033024001,Seattle,1981
53033024002,Seattle,1982
53033024100,Seattle,1974
53033024200,Seattle,1973
53033024301,Seattle,1989
53033024302,Seattle,1964
53033024400,Seattle,1964
53033024500,Seattle,1968
53033024601,Seattle,1970
53033024602,Seattle,1972
53033024701,Seattle,1969
53033024703,Seattle,1995
53033024704,Seattle,1984
53033024800,Seattle,1970
53033024901,Seattle,1972
53033024902,Seattle,1976
53033024904,Seattle,1985
53033024905,Seattle,1988
53033025001,Seattle,1980
53033025005,Seattle,2005
53033025006,Seattle,2005
53033025007,Seattle,1995
53033025008,Seattle,1987
53033025101,Seattle,1983
53033025103,Seattle,1998
53033025104,Seattle,2003
53033025201,Seattle,1994
53033025202,Seattle,1990
53033025302,Seattle,1996
53033025303,Seattle,2003
53033025304,Seattle,1990
53033025401,Seattle,1975
53033025402,Seattle,1980
53033025500,Seattle,1983
53033025601,Seattle,1986
53033025602,Seattle,1990
53033025702,Seattle,1976
53033025703,Seattle,1983
53033025704,Seattle,1971
53033025803,Seattle,1971
53033025804,Seattle,1965
53033025805,Seattle,1986
53033025806,Seattle,1983
53033026001,Seattle,1955
53033026003,Seattle,1985
53033026004,Seattle,1974
53033026101,Seattle,1978
53033026102,Seattle,1966
53033026200,Seattle,1985
53033026300,Seattle,1964
53033026400,Seattle,1973
53033026500,Seattle,1993
53033026600,Seattle,1955
53033026700,Seattle,1964
53033026801,Seattle,1984
53033026802,Seattle,1980
53033027000,Seattle,1952
53033027100,Seattle,1969
53033027200,Seattle,1967
53033027300,Seattle,1966
53033027400,Seattle,1959
53033027500,Seattle,1958
53033027600,Seattle,1965
53033027701,Seattle,1974
53033027702,Seattle,1978
53033027800,Seattle,1956
53033027901,Seattle,1958
53033027902,Seattle,1977
53033028000,Seattle,1982
53033028100,Seattle,1970
53033028200,Seattle,1984
53033028300,Seattle,2001
53033028402,Seattle,1966
53033028403,Seattle,1969
53033028500,Seattle,1975
53033028600,Seattle,1962
53033028700,Seattle,1959
53033028801,Seattle,1966
53033028802,Seattle,1976
53033028901,Seattle,1981
53033028902,Seattle,1978
53033029001,Seattle,1975
53033029003,Seattle,1981
53033029004,Seattle,1975
53033029101,Seattle,2003
53033029102,Seattle,1969
53033029203,Seattle,1994
53033029205,Seattle,1992
53033029206,Seattle,1985
53033029207,Seattle,1993
53033029208,Seattle,1988
53033029304,Seattle,1991
53033029305,Seattle,1988
53033029306,Seattle,1994
53033029307,Seattle,1981
53033029308,Seattle,1992
53033029309,Seattle,1999
53033029403,Seattle,1983
53033029405,Seattle,1984
53033029406,Seattle,1989
53033029407,Seattle,1971
53033029408,Seattle,1977
53033029504,Seattle,1986
53033029505,Seattle,1988
53033029506,Seattle,1986
53033029507,Seattle,1992
53033029508,Seattle,1987
53033029602,Seattle,2001
53033029603,Seattle,1995
53033029604,Seattle,1978
53033029701,Seattle,1974
53033029702,Seattle,1993
53033029803,Seattle,1987
53033029804,Seattle,1974
53033029805,Seattle,1967
53033029806,Seattle,1999
53033029901,Seattle,1978
53033029902,Seattle,1990
53033030003,Seattle,1982
53033030005,Seattle,1977
53033030006,Seattle,1988
53033030007,Seattle,1984
53033030008,Seattle,1987
53033030101,Seattle,1978
53033030102,Seattle,1973
53033030201,Seattle,1974
53033030203,Seattle,1996
53033030204,Seattle,1973
53033030304,Seattle,1994
53033030305,Seattle,1982
53033030306,Seattle,1977
53033030308,Seattle,1989
53033030309,Seattle,1986
53033030310,Seattle,1994
53033030311,Seattle,1971
53033030312,Seattle,1984
53033030313,Seattle,1986
53033030314,Seattle,1985
53033030403,Seattle,1990
53033030404,Seattle,1992
53033030405,Seattle,1983
53033030406,Seattle,1986
53033030407,Seattle,2004
53033030501,Seattle,1999
53033030503,Seattle,1992
53033030504,Seattle,1973
53033030600,Seattle,1960
53033030700,Seattle,1963
53033030801,Seattle,1985
53033030802,Seattle,1970
53033030901,Seattle,1992
53033030902,Seattle,1985
53033031000,Seattle,1998
53033031101,Seattle,1981
53033031102,Seattle,1979
53033031202,Seattle,1983
53033031204,Seattle,1982
53033031206,Seattle,1987
53033031207,Seattle,2005
53033031208,Seattle,1995
53033031301,Seattle,1965
53033031302,Seattle,1990
53033031400,Seattle,1971
53033031501,Seattle,1990
53033031502,Seattle,1987
53033031601,Seattle,1988
53033031603,Seattle,2006
53033031604,Seattle,2004
53033031605,Seattle,1993
53033031704,Seattle,1990
53033031705,Seattle,2002
53033031707,Seattle,1988
53033031708,Seattle,1973
53033031709,Seattle,2002
53033031710,Seattle,1997
53033031800,Seattle,1983
53033031904,Seattle,1981
53033031906,Seattle,1991
53033031908,Seattle,1977
53033031909,Seattle,1988
53033031910,Seattle,1987
53033031911,Seattle,1985
53033031912,Seattle,1968
53033031913,Seattle,1982
53033032002,Seattle,1983
53033032003,Seattle,1986
53033032005,Seattle,1982
53033032006,Seattle,1992
53033032007,Seattle,1995
53033032008,Seattle,1987
53033032010,Seattle,2001
53033032011,Seattle,2001
53033032102,Seattle,1979
53033032103,Seattle,1996
53033032104,Seattle,1984
53033032207,Seattle,1990
53033032211,Seattle,1989
53033032213,Seattle,1993
53033032215,Seattle,2006
53033032216,Seattle,1998
53033032217,Seattle,1987
53033032218,Seattle,1997
53033032219,Seattle,2002
53033032220,Seattle,2009
53033032221,Seattle,2004
53033032222,Seattle,-666666666
53033032223,Seattle,1990
53033032224,Seattle,2003
53033032225,Seattle,2003
53033032307,Seattle,1979
53033032311,Seattle,1991
53033032313,Seattle,1998
53033032315,Seattle,1991
53033032316,Seattle,1989
53033032317,Seattle,1985
53033032318,Seattle,1993
53033032319,Seattle,1998
53033032320,Seattle,1985
53033032321,Seattle,2006
53033032322,Seattle,-666666666
53033032323,Seattle,1990
53033032324,Seattle,1977
53033032325,Seattle,1988
53033032326,Seattle,1988
53033032327,Seattle,2004
53033032328,Seattle,1984
53033032330,Seattle,2008
53033032331,Seattle,2012
53033032332,Seattle,2004
53033032333,Seattle,2009
53033032401,Seattle,1993
53033032402,Seattle,1993
53033032500,Seattle,1991
53033032601,Seattle,1980
53033032603,Seattle,2003
53033032604,Seattle,2010
53033032605,Seattle,2003
53033032703,Seattle,1956
53033032704,Seattle,1988
53033032705,Seattle,1991
53033032706,Seattle,1981
53033032800,Seattle,1978
53033990100,Seattle,-666666666