tract_geoid,total_jobs,source_file
06073000100,346,06073_SD_SanDiego
06073000201,1199,06073_SD_SanDiego
06073000202,849,06073_SD_SanDiego
06073000301,346,06073_SD_SanDiego
06073000302,5050,06073_SD_SanDiego
06073000400,19188,06073_SD_SanDiego
06073000500,371,06073_SD_SanDiego
06073000600,4075,06073_SD_SanDiego
06073000700,703,06073_SD_SanDiego
06073000800,423,06073_SD_SanDiego
06073000901,487,06073_SD_SanDiego
06073000902,449,06073_SD_SanDiego
06073001000,1059,06073_SD_SanDiego
06073001100,1155,06073_SD_SanDiego
06073001201,452,06073_SD_SanDiego
06073001202,448,06073_SD_SanDiego
06073001301,1426,06073_SD_SanDiego
06073001302,444,06073_SD_SanDiego
06073001400,1552,06073_SD_SanDiego
06073001500,661,06073_SD_SanDiego
06073001600,716,06073_SD_SanDiego
06073001700,340,06073_SD_SanDiego
06073001801,388,06073_SD_SanDiego
06073001802,835,06073_SD_SanDiego
06073001900,487,06073_SD_SanDiego
06073002001,929,06073_SD_SanDiego
06073002002,104,06073_SD_SanDiego
06073002100,961,06073_SD_SanDiego
06073002201,485,06073_SD_SanDiego
06073002202,1630,06073_SD_SanDiego
06073002301,745,06073_SD_SanDiego
06073002302,889,06073_SD_SanDiego
06073002401,282,06073_SD_SanDiego
06073002402,518,06073_SD_SanDiego
06073002501,177,06073_SD_SanDiego
06073002502,567,06073_SD_SanDiego
06073002601,845,06073_SD_SanDiego
06073002602,352,06073_SD_SanDiego
06073002702,1463,06073_SD_SanDiego
06073002703,1705,06073_SD_SanDiego
06073002705,357,06073_SD_SanDiego
06073002707,370,06073_SD_SanDiego
06073002708,1141,06073_SD_SanDiego
06073002709,258,06073_SD_SanDiego
06073002710,168,06073_SD_SanDiego
06073002711,169,06073_SD_SanDiego
06073002712,1547,06073_SD_SanDiego
06073002801,6962,06073_SD_SanDiego
06073002803,492,06073_SD_SanDiego
06073002804,558,06073_SD_SanDiego
06073002902,1065,06073_SD_SanDiego
06073002903,527,06073_SD_SanDiego
06073002904,2250,06073_SD_SanDiego
06073002905,1292,06073_SD_SanDiego
06073003001,544,06073_SD_SanDiego
06073003003,1223,06073_SD_SanDiego
06073003004,189,06073_SD_SanDiego
06073003101,115,06073_SD_SanDiego
06073003103,279,06073_SD_SanDiego
06073003105,273,06073_SD_SanDiego
06073003107,402,06073_SD_SanDiego
06073003108,322,06073_SD_SanDiego
06073003109,122,06073_SD_SanDiego
06073003111,305,06073_SD_SanDiego
06073003112,659,06073_SD_SanDiego
06073003113,179,06073_SD_SanDiego
06073003114,357,06073_SD_SanDiego
06073003115,257,06073_SD_SanDiego
06073003201,181,06073_SD_SanDiego
06073003202,245,06073_SD_SanDiego
06073003204,2510,06073_SD_SanDiego
06073003207,993,06073_SD_SanDiego
06073003208,371,06073_SD_SanDiego
06073003209,643,06073_SD_SanDiego
06073003211,88,06073_SD_SanDiego
06073003212,294,06073_SD_SanDiego
06073003213,128,06073_SD_SanDiego
06073003214,180,06073_SD_SanDiego
06073003301,1287,06073_SD_SanDiego
06073003303,106,06073_SD_SanDiego
06073003304,810,06073_SD_SanDiego
06073003305,803,06073_SD_SanDiego
06073003401,1659,06073_SD_SanDiego
06073003403,2216,06073_SD_SanDiego
06073003404,852,06073_SD_SanDiego
06073003501,268,06073_SD_SanDiego
06073003502,429,06073_SD_SanDiego
06073003601,1091,06073_SD_SanDiego
06073003602,480,06073_SD_SanDiego
06073003603,189,06073_SD_SanDiego
06073003800,5055,06073_SD_SanDiego
06073003901,334,06073_SD_SanDiego
06073003902,1173,06073_SD_SanDiego
06073004000,667,06073_SD_SanDiego
06073004101,2329,06073_SD_SanDiego
06073004102,369,06073_SD_SanDiego
06073004200,856,06073_SD_SanDiego
06073004300,272,06073_SD_SanDiego
06073004400,1020,06073_SD_SanDiego
06073004501,409,06073_SD_SanDiego
06073004600,250,06073_SD_SanDiego
06073004700,449,06073_SD_SanDiego
06073004800,364,06073_SD_SanDiego
06073004900,379,06073_SD_SanDiego
06073005000,4674,06073_SD_SanDiego
06073005101,1062,06073_SD_SanDiego
06073005102,3827,06073_SD_SanDiego
06073005103,3028,06073_SD_SanDiego
06073005201,1832,06073_SD_SanDiego
06073005202,1488,06073_SD_SanDiego
06073005301,15684,06073_SD_SanDiego
06073005302,20124,06073_SD_SanDiego
06073005401,4846,06073_SD_SanDiego
06073005402,9384,06073_SD_SanDiego
06073005403,4665,06073_SD_SanDiego
06073005500,10,06073_SD_SanDiego
06073005601,1694,06073_SD_SanDiego
06073005602,4144,06073_SD_SanDiego
06073005700,2982,06073_SD_SanDiego
06073005801,3421,06073_SD_SanDiego
06073005802,4056,06073_SD_SanDiego
06073005900,1523,06073_SD_SanDiego
06073006000,2814,06073_SD_SanDiego
06073006100,1403,06073_SD_SanDiego
06073006200,5923,06073_SD_SanDiego
06073006300,243,06073_SD_SanDiego
06073006500,16553,06073_SD_SanDiego
06073006600,865,06073_SD_SanDiego
06073006801,473,06073_SD_SanDiego
06073006802,2195,06073_SD_SanDiego
06073006900,542,06073_SD_SanDiego
06073007002,208,06073_SD_SanDiego
06073007100,2327,06073_SD_SanDiego
06073007200,1915,06073_SD_SanDiego
06073007302,195,06073_SD_SanDiego
06073007303,95,06073_SD_SanDiego
06073007304,326,06073_SD_SanDiego
06073007401,247,06073_SD_SanDiego
06073007402,437,06073_SD_SanDiego
06073007501,732,06073_SD_SanDiego
06073007502,1723,06073_SD_SanDiego
06073007601,5267,06073_SD_SanDiego
06073007602,968,06073_SD_SanDiego
06073007701,343,06073_SD_SanDiego
06073007702,256,06073_SD_SanDiego
06073007800,1791,06073_SD_SanDiego
06073007905,1866,06073_SD_SanDiego
06073007907,634,06073_SD_SanDiego
06073007908,497,06073_SD_SanDiego
06073007910,2862,06073_SD_SanDiego
06073007911,1109,06073_SD_SanDiego
06073007912,429,06073_SD_SanDiego
06073008002,148,06073_SD_SanDiego
06073008003,481,06073_SD_SanDiego
06073008006,1132,06073_SD_SanDiego
06073008101,1363,06073_SD_SanDiego
06073008102,1074,06073_SD_SanDiego
06073008201,5522,06073_SD_SanDiego
06073008202,2438,06073_SD_SanDiego
06073008301,276,06073_SD_SanDiego
06073008303,1242,06073_SD_SanDiego
06073008305,33360,06073_SD_SanDiego
06073008306,252,06073_SD_SanDiego
06073008307,762,06073_SD_SanDiego
06073008310,775,06073_SD_SanDiego
06073008311,249,06073_SD_SanDiego
06073008312,8551,06073_SD_SanDiego
06073008313,476,06073_SD_SanDiego
06073008324,1385,06073_SD_SanDiego
06073008327,1237,06073_SD_SanDiego
06073008328,647,06073_SD_SanDiego
06073008330,411,06073_SD_SanDiego
06073008331,366,06073_SD_SanDiego
06073008336,46,06073_SD_SanDiego
06073008337,304,06073_SD_SanDiego
06073008339,44339,06073_SD_SanDiego
06073008343,168,06073_SD_SanDiego
06073008344,409,06073_SD_SanDiego
06073008345,3792,06073_SD_SanDiego
06073008346,37696,06073_SD_SanDiego
06073008347,244,06073_SD_SanDiego
06073008348,184,06073_SD_SanDiego
06073008349,966,06073_SD_SanDiego
06073008350,54339,06073_SD_SanDiego
06073008351,912,06073_SD_SanDiego
06073008352,202,06073_SD_SanDiego
06073008353,110,06073_SD_SanDiego
06073008355,958,06073_SD_SanDiego
06073008356,61,06073_SD_SanDiego
06073008357,908,06073_SD_SanDiego
06073008358,2121,06073_SD_SanDiego
06073008359,1523,06073_SD_SanDiego
06073008360,5239,06073_SD_SanDiego
06073008361,1089,06073_SD_SanDiego
06073008362,1134,06073_SD_SanDiego
06073008363,164,06073_SD_SanDiego
06073008364,737,06073_SD_SanDiego
06073008365,136,06073_SD_SanDiego
06073008366,3381,06073_SD_SanDiego
06073008367,604,06073_SD_SanDiego
06073008368,468,06073_SD_SanDiego
06073008369,14048,06073_SD_SanDiego
06073008370,3471,06073_SD_SanDiego
06073008371,1745,06073_SD_SanDiego
06073008372,704,06073_SD_SanDiego
06073008373,5268,06073_SD_SanDiego
06073008374,339,06073_SD_SanDiego
06073008375,176,06073_SD_SanDiego
06073008376,10361,06073_SD_SanDiego
06073008377,2054,06073_SD_SanDiego
06073008378,4543,06073_SD_SanDiego
06073008379,729,06073_SD_SanDiego
06073008380,258,06073_SD_SanDiego
06073008381,91,06073_SD_SanDiego
06073008501,3332,06073_SD_SanDiego
06073008502,1410,06073_SD_SanDiego
06073008503,2118,06073_SD_SanDiego
06073008504,1450,06073_SD_SanDiego
06073008505,790,06073_SD_SanDiego
06073008506,481,06073_SD_SanDiego
06073008507,2060,06073_SD_SanDiego
06073008509,1498,06073_SD_SanDiego
06073008510,1682,06073_SD_SanDiego
06073008511,110033,06073_SD_SanDiego
06073008512,296,06073_SD_SanDiego
06073008513,301,06073_SD_SanDiego
06073008600,627,06073_SD_SanDiego
06073008701,877,06073_SD_SanDiego
06073008702,19561,06073_SD_SanDiego
06073008800,666,06073_SD_SanDiego
06073008901,2873,06073_SD_SanDiego
06073008902,7996,06073_SD_SanDiego
06073009000,203,06073_SD_SanDiego
06073009101,900,06073_SD_SanDiego
06073009102,1598,06073_SD_SanDiego
06073009103,689,06073_SD_SanDiego
06073009104,490,06073_SD_SanDiego
06073009107,1304,06073_SD_SanDiego
06073009108,5439,06073_SD_SanDiego
06073009109,2212,06073_SD_SanDiego
06073009201,2175,06073_SD_SanDiego
06073009203,253,06073_SD_SanDiego
06073009204,1511,06073_SD_SanDiego
06073009301,1538,06073_SD_SanDiego
06073009305,709,06073_SD_SanDiego
06073009306,5442,06073_SD_SanDiego
06073009307,31002,06073_SD_SanDiego
06073009308,4341,06073_SD_SanDiego
06073009400,731,06073_SD_SanDiego
06073009502,1223,06073_SD_SanDiego
06073009504,688,06073_SD_SanDiego
06073009505,406,06073_SD_SanDiego
06073009506,106,06073_SD_SanDiego
06073009507,281,06073_SD_SanDiego
06073009509,1763,06073_SD_SanDiego
06073009510,208,06073_SD_SanDiego
06073009511,342,06073_SD_SanDiego
06073009602,1656,06073_SD_SanDiego
06073009603,4746,06073_SD_SanDiego
06073009604,4724,06073_SD_SanDiego
06073009703,463,06073_SD_SanDiego
06073009704,358,06073_SD_SanDiego
06073009705,238,06073_SD_SanDiego
06073009706,1013,06073_SD_SanDiego
06073009801,804,06073_SD_SanDiego
06073009802,909,06073_SD_SanDiego
06073009804,470,06073_SD_SanDiego
06073009805,273,06073_SD_SanDiego
06073009901,303,06073_SD_SanDiego
06073009902,22,06073_SD_SanDiego
06073010001,680,06073_SD_SanDiego
06073010003,194,06073_SD_SanDiego
06073010004,193,06073_SD_SanDiego
06073010005,1672,06073_SD_SanDiego
06073010009,3129,06073_SD_SanDiego
06073010010,359,06073_SD_SanDiego
06073010011,230,06073_SD_SanDiego
06073010012,357,06073_SD_SanDiego
06073010013,622,06073_SD_SanDiego
06073010015,14879,06073_SD_SanDiego
06073010016,3058,06073_SD_SanDiego
06073010017,1390,06073_SD_SanDiego
06073010018,1053,06073_SD_SanDiego
06073010019,698,06073_SD_SanDiego
06073010103,1534,06073_SD_SanDiego
06073010104,148,06073_SD_SanDiego
06073010106,1330,06073_SD_SanDiego
06073010107,595,06073_SD_SanDiego
06073010109,147,06073_SD_SanDiego
06073010110,721,06073_SD_SanDiego
06073010111,361,06073_SD_SanDiego
06073010112,313,06073_SD_SanDiego
06073010201,704,06073_SD_SanDiego
06073010202,639,06073_SD_SanDiego
06073010300,231,06073_SD_SanDiego
06073010401,157,06073_SD_SanDiego
06073010402,179,06073_SD_SanDiego
06073010501,364,06073_SD_SanDiego
06073010502,1050,06073_SD_SanDiego
06073010601,524,06073_SD_SanDiego
06073010800,682,06073_SD_SanDiego
06073010900,630,06073_SD_SanDiego
06073011000,1714,06073_SD_SanDiego
06073011100,452,06073_SD_SanDiego
06073011300,651,06073_SD_SanDiego
06073011601,530,06073_SD_SanDiego
06073011602,1160,06073_SD_SanDiego
06073011700,3764,06073_SD_SanDiego
06073011801,354,06073_SD_SanDiego
06073011802,333,06073_SD_SanDiego
06073011902,1524,06073_SD_SanDiego
06073012002,845,06073_SD_SanDiego
06073012003,737,06073_SD_SanDiego
06073012101,374,06073_SD_SanDiego
06073012102,346,06073_SD_SanDiego
06073012200,821,06073_SD_SanDiego
06073012302,1951,06073_SD_SanDiego
06073012303,953,06073_SD_SanDiego
06073012304,378,06073_SD_SanDiego
06073012401,1686,06073_SD_SanDiego
06073012402,2006,06073_SD_SanDiego
06073012501,492,06073_SD_SanDiego
06073012502,1295,06073_SD_SanDiego
06073012600,3213,06073_SD_SanDiego
06073012700,4146,06073_SD_SanDiego
06073012800,620,06073_SD_SanDiego
06073012900,1129,06073_SD_SanDiego
06073013000,1783,06073_SD_SanDiego
06073013102,1498,06073_SD_SanDiego
06073013103,3561,06073_SD_SanDiego
06073013104,2979,06073_SD_SanDiego
06073013203,1364,06073_SD_SanDiego
06073013204,499,06073_SD_SanDiego
06073013205,3525,06073_SD_SanDiego
06073013206,971,06073_SD_SanDiego
06073013301,301,06073_SD_SanDiego
06073013302,303,06073_SD_SanDiego
06073013303,551,06073_SD_SanDiego
06073013306,321,06073_SD_SanDiego
06073013307,928,06073_SD_SanDiego
06073013308,872,06073_SD_SanDiego
06073013309,441,06073_SD_SanDiego
06073013312,350,06073_SD_SanDiego
06073013315,567,06073_SD_SanDiego
06073013316,1783,06073_SD_SanDiego
06073013317,3707,06073_SD_SanDiego
06073013318,475,06073_SD_SanDiego
06073013319,2371,06073_SD_SanDiego
06073013320,179,06073_SD_SanDiego
06073013321,758,06073_SD_SanDiego
06073013322,201,06073_SD_SanDiego
06073013323,957,06073_SD_SanDiego
06073013324,98,06073_SD_SanDiego
06073013325,571,06073_SD_SanDiego
06073013326,421,06073_SD_SanDiego
06073013327,2797,06073_SD_SanDiego
06073013401,1970,06073_SD_SanDiego
06073013409,1626,06073_SD_SanDiego
06073013411,417,06073_SD_SanDiego
06073013412,1889,06073_SD_SanDiego
06073013414,544,06073_SD_SanDiego
06073013415,26,06073_SD_SanDiego
06073013416,709,06073_SD_SanDiego
06073013417,169,06073_SD_SanDiego
06073013418,1116,06073_SD_SanDiego
06073013420,2574,06073_SD_SanDiego
06073013421,801,06073_SD_SanDiego
06073013422,618,06073_SD_SanDiego
06073013423,192,06073_SD_SanDiego
06073013424,5274,06073_SD_SanDiego
06073013425,348,06073_SD_SanDiego
06073013503,945,06073_SD_SanDiego
06073013504,155,06073_SD_SanDiego
06073013505,984,06073_SD_SanDiego
06073013506,763,06073_SD_SanDiego
06073013601,607,06073_SD_SanDiego
06073013604,1255,06073_SD_SanDiego
06073013605,517,06073_SD_SanDiego
06073013607,1583,06073_SD_SanDiego
06073013608,1115,06073_SD_SanDiego
06073013701,580,06073_SD_SanDiego
06073013702,973,06073_SD_SanDiego
06073013801,1030,06073_SD_SanDiego
06073013802,419,06073_SD_SanDiego
06073013903,513,06073_SD_SanDiego
06073013905,460,06073_SD_SanDiego
06073013906,308,06073_SD_SanDiego
06073013907,693,06073_SD_SanDiego
06073013908,997,06073_SD_SanDiego
06073013909,179,06073_SD_SanDiego
06073014001,826,06073_SD_SanDiego
06073014002,581,06073_SD_SanDiego
06073014101,209,06073_SD_SanDiego
06073014102,224,06073_SD_SanDiego
06073014200,485,06073_SD_SanDiego
06073014300,169,06073_SD_SanDiego
06073014400,3921,06073_SD_SanDiego
06073014500,479,06073_SD_SanDiego
06073014601,3615,06073_SD_SanDiego
06073014602,379,06073_SD_SanDiego
06073014701,405,06073_SD_SanDiego
06073014702,601,06073_SD_SanDiego
06073014803,3368,06073_SD_SanDiego
06073014804,854,06073_SD_SanDiego
06073014805,1157,06073_SD_SanDiego
06073014806,2091,06073_SD_SanDiego
06073014901,643,06073_SD_SanDiego
06073014902,2466,06073_SD_SanDiego
06073015001,908,06073_SD_SanDiego
06073015002,7015,06073_SD_SanDiego
06073015100,863,06073_SD_SanDiego
06073015200,558,06073_SD_SanDiego
06073015301,445,06073_SD_SanDiego
06073015302,398,06073_SD_SanDiego
06073015403,412,06073_SD_SanDiego
06073015405,379,06073_SD_SanDiego
06073015406,185,06073_SD_SanDiego
06073015407,543,06073_SD_SanDiego
06073015408,671,06073_SD_SanDiego
06073015501,1487,06073_SD_SanDiego
06073015502,3031,06073_SD_SanDiego
06073015601,895,06073_SD_SanDiego
06073015602,1070,06073_SD_SanDiego
06073015701,1636,06073_SD_SanDiego
06073015704,838,06073_SD_SanDiego
06073015705,725,06073_SD_SanDiego
06073015706,405,06073_SD_SanDiego
06073015801,4312,06073_SD_SanDiego
06073015802,2569,06073_SD_SanDiego
06073015901,444,06073_SD_SanDiego
06073015902,591,06073_SD_SanDiego
06073016000,2462,06073_SD_SanDiego
06073016100,819,06073_SD_SanDiego
06073016201,2280,06073_SD_SanDiego
06073016202,17419,06073_SD_SanDiego
06073016301,725,06073_SD_SanDiego
06073016302,962,06073_SD_SanDiego
06073016401,1707,06073_SD_SanDiego
06073016403,590,06073_SD_SanDiego
06073016404,425,06073_SD_SanDiego
06073016502,1289,06073_SD_SanDiego
06073016503,98,06073_SD_SanDiego
06073016504,1431,06073_SD_SanDiego
06073016606,242,06073_SD_SanDiego
06073016607,2441,06073_SD_SanDiego
06073016608,298,06073_SD_SanDiego
06073016609,169,06073_SD_SanDiego
06073016610,335,06073_SD_SanDiego
06073016613,107,06073_SD_SanDiego
06073016614,3290,06073_SD_SanDiego
06073016615,2538,06073_SD_SanDiego
06073016616,2541,06073_SD_SanDiego
06073016617,2893,06073_SD_SanDiego
06073016618,204,06073_SD_SanDiego
06073016619,1280,06073_SD_SanDiego
06073016620,150,06073_SD_SanDiego
06073016621,435,06073_SD_SanDiego
06073016703,815,06073_SD_SanDiego
06073016704,410,06073_SD_SanDiego
06073016705,1985,06073_SD_SanDiego
06073016706,499,06073_SD_SanDiego
06073016804,2309,06073_SD_SanDiego
06073016806,322,06073_SD_SanDiego
06073016807,545,06073_SD_SanDiego
06073016809,1202,06073_SD_SanDiego
06073016810,154,06073_SD_SanDiego
06073016811,313,06073_SD_SanDiego
06073016812,920,06073_SD_SanDiego
06073016813,258,06073_SD_SanDiego
06073016901,2583,06073_SD_SanDiego
06073016902,1929,06073_SD_SanDiego
06073017006,184,06073_SD_SanDiego
06073017009,1003,06073_SD_SanDiego
06073017010,257,06073_SD_SanDiego
06073017014,3192,06073_SD_SanDiego
06073017018,694,06073_SD_SanDiego
06073017020,366,06073_SD_SanDiego
06073017021,276,06073_SD_SanDiego
06073017022,9488,06073_SD_SanDiego
06073017031,472,06073_SD_SanDiego
06073017033,603,06073_SD_SanDiego
06073017034,234,06073_SD_SanDiego
06073017035,323,06073_SD_SanDiego
06073017036,927,06073_SD_SanDiego
06073017037,539,06073_SD_SanDiego
06073017039,3267,06073_SD_SanDiego
06073017040,1205,06073_SD_SanDiego
06073017041,1557,06073_SD_SanDiego
06073017043,2746,06073_SD_SanDiego
06073017044,348,06073_SD_SanDiego
06073017045,99,06073_SD_SanDiego
06073017046,496,06073_SD_SanDiego
06073017047,251,06073_SD_SanDiego
06073017048,3393,06073_SD_SanDiego
06073017049,21117,06073_SD_SanDiego
06073017050,952,06073_SD_SanDiego
06073017051,897,06073_SD_SanDiego
06073017052,613,06073_SD_SanDiego
06073017053,330,06073_SD_SanDiego
06073017054,2156,06073_SD_SanDiego
06073017055,2638,06073_SD_SanDiego
06073017056,11106,06073_SD_SanDiego
06073017057,721,06073_SD_SanDiego
06073017058,590,06073_SD_SanDiego
06073017059,229,06073_SD_SanDiego
06073017060,290,06073_SD_SanDiego
06073017061,1311,06073_SD_SanDiego
06073017062,1244,06073_SD_SanDiego
06073017063,421,06073_SD_SanDiego
06073017064,399,06073_SD_SanDiego
06073017065,1156,06073_SD_SanDiego
06073017066,562,06073_SD_SanDiego
06073017067,702,06073_SD_SanDiego
06073017068,1814,06073_SD_SanDiego
06073017069,140,06073_SD_SanDiego
06073017070,1448,06073_SD_SanDiego
06073017071,20487,06073_SD_SanDiego
06073017104,1088,06073_SD_SanDiego
06073017106,2172,06073_SD_SanDiego
06073017107,1086,06073_SD_SanDiego
06073017108,1658,06073_SD_SanDiego
06073017109,1244,06073_SD_SanDiego
06073017111,1423,06073_SD_SanDiego
06073017112,278,06073_SD_SanDiego
06073017113,475,06073_SD_SanDiego
06073017201,1726,06073_SD_SanDiego
06073017202,1719,06073_SD_SanDiego
06073017303,2192,06073_SD_SanDiego
06073017305,196,06073_SD_SanDiego
06073017306,1688,06073_SD_SanDiego
06073017307,2411,06073_SD_SanDiego
06073017308,3150,06073_SD_SanDiego
06073017403,1057,06073_SD_SanDiego
06073017405,428,06073_SD_SanDiego
06073017406,1268,06073_SD_SanDiego
06073017407,1856,06073_SD_SanDiego
06073017408,301,06073_SD_SanDiego
06073017501,6246,06073_SD_SanDiego
06073017502,1971,06073_SD_SanDiego
06073017601,2950,06073_SD_SanDiego
06073017603,709,06073_SD_SanDiego
06073017605,1536,06073_SD_SanDiego
06073017606,2773,06073_SD_SanDiego
06073017701,888,06073_SD_SanDiego
06073017702,1132,06073_SD_SanDiego
06073017801,3737,06073_SD_SanDiego
06073017808,1261,06073_SD_SanDiego
06073017809,689,06073_SD_SanDiego
06073017810,775,06073_SD_SanDiego
06073017811,2306,06073_SD_SanDiego
06073017813,5991,06073_SD_SanDiego
06073017901,3409,06073_SD_SanDiego
06073017902,241,06073_SD_SanDiego
06073018000,2091,06073_SD_SanDiego
06073018101,489,06073_SD_SanDiego
06073018102,824,06073_SD_SanDiego
06073018201,641,06073_SD_SanDiego
06073018202,505,06073_SD_SanDiego
06073018301,419,06073_SD_SanDiego
06073018302,670,06073_SD_SanDiego
06073018400,3809,06073_SD_SanDiego
06073018504,4534,06073_SD_SanDiego
06073018509,2817,06073_SD_SanDiego
06073018510,986,06073_SD_SanDiego
06073018511,212,06073_SD_SanDiego
06073018512,475,06073_SD_SanDiego
06073018515,1002,06073_SD_SanDiego
06073018516,1005,06073_SD_SanDiego
06073018517,2263,06073_SD_SanDiego
06073018518,2623,06073_SD_SanDiego
06073018519,1158,06073_SD_SanDiego
06073018520,173,06073_SD_SanDiego
06073018521,824,06073_SD_SanDiego
06073018522,8225,06073_SD_SanDiego
06073018523,948,06073_SD_SanDiego
06073018524,1001,06073_SD_SanDiego
06073018525,458,06073_SD_SanDiego
06073018601,326,06073_SD_SanDiego
06073018608,84,06073_SD_SanDiego
06073018609,234,06073_SD_SanDiego
06073018612,1031,06073_SD_SanDiego
06073018613,405,06073_SD_SanDiego
06073018615,195,06073_SD_SanDiego
06073018616,2553,06073_SD_SanDiego
06073018617,168,06073_SD_SanDiego
06073018618,182,06073_SD_SanDiego
06073018619,903,06073_SD_SanDiego
06073018620,40,06073_SD_SanDiego
06073018621,466,06073_SD_SanDiego
06073018622,83,06073_SD_SanDiego
06073018700,2577,06073_SD_SanDiego
06073018801,1259,06073_SD_SanDiego
06073018803,1177,06073_SD_SanDiego
06073018804,1045,06073_SD_SanDiego
06073018805,412,06073_SD_SanDiego
06073018903,373,06073_SD_SanDiego
06073018904,2997,06073_SD_SanDiego
06073018905,1797,06073_SD_SanDiego
06073018906,472,06073_SD_SanDiego
06073019001,724,06073_SD_SanDiego
06073019002,1475,06073_SD_SanDiego
06073019103,1016,06073_SD_SanDiego
06073019105,663,06073_SD_SanDiego
06073019107,109,06073_SD_SanDiego
06073019108,2226,06073_SD_SanDiego
06073019109,622,06073_SD_SanDiego
06073019110,1968,06073_SD_SanDiego
06073019111,2292,06073_SD_SanDiego
06073019203,223,06073_SD_SanDiego
06073019205,618,06073_SD_SanDiego
06073019206,555,06073_SD_SanDiego
06073019208,3291,06073_SD_SanDiego
06073019209,425,06073_SD_SanDiego
06073019210,1564,06073_SD_SanDiego
06073019301,315,06073_SD_SanDiego
06073019303,1324,06073_SD_SanDiego
06073019304,245,06073_SD_SanDiego
06073019305,317,06073_SD_SanDiego
06073019403,2477,06073_SD_SanDiego
06073019404,687,06073_SD_SanDiego
06073019405,386,06073_SD_SanDiego
06073019406,487,06073_SD_SanDiego
06073019501,679,06073_SD_SanDiego
06073019502,566,06073_SD_SanDiego
06073019503,1861,06073_SD_SanDiego
06073019601,1952,06073_SD_SanDiego
06073019602,1251,06073_SD_SanDiego
06073019701,1648,06073_SD_SanDiego
06073019702,1544,06073_SD_SanDiego
06073019803,1895,06073_SD_SanDiego
06073019804,293,06073_SD_SanDiego
06073019805,1186,06073_SD_SanDiego
06073019808,136,06073_SD_SanDiego
06073019809,552,06073_SD_SanDiego
06073019810,784,06073_SD_SanDiego
06073019811,13583,06073_SD_SanDiego
06073019902,1580,06073_SD_SanDiego
06073019903,610,06073_SD_SanDiego
06073019904,1569,06073_SD_SanDiego
06073019905,3341,06073_SD_SanDiego
06073020015,338,06073_SD_SanDiego
06073020017,10846,06073_SD_SanDiego
06073020019,1828,06073_SD_SanDiego
06073020021,1911,06073_SD_SanDiego
06073020023,5462,06073_SD_SanDiego
06073020024,382,06073_SD_SanDiego
06073020025,2176,06073_SD_SanDiego
06073020026,3010,06073_SD_SanDiego
06073020028,1540,06073_SD_SanDiego
06073020029,11710,06073_SD_SanDiego
06073020030,3394,06073_SD_SanDiego
06073020031,1227,06073_SD_SanDiego
06073020032,1167,06073_SD_SanDiego
06073020033,281,06073_SD_SanDiego
06073020034,216,06073_SD_SanDiego
06073020035,587,06073_SD_SanDiego
06073020036,997,06073_SD_SanDiego
06073020037,319,06073_SD_SanDiego
06073020038,845,06073_SD_SanDiego
06073020039,93,06073_SD_SanDiego
06073020040,985,06073_SD_SanDiego
06073020041,195,06073_SD_SanDiego
06073020042,3164,06073_SD_SanDiego
06073020043,520,06073_SD_SanDiego
06073020044,686,06073_SD_SanDiego
06073020105,791,06073_SD_SanDiego
06073020106,267,06073_SD_SanDiego
06073020107,271,06073_SD_SanDiego
06073020108,437,06073_SD_SanDiego
06073020109,170,06073_SD_SanDiego
06073020110,869,06073_SD_SanDiego
06073020111,374,06073_SD_SanDiego
06073020202,1564,06073_SD_SanDiego
06073020206,146,06073_SD_SanDiego
06073020207,741,06073_SD_SanDiego
06073020208,124,06073_SD_SanDiego
06073020209,874,06073_SD_SanDiego
06073020210,209,06073_SD_SanDiego
06073020211,1468,06073_SD_SanDiego
06073020213,297,06073_SD_SanDiego
06073020214,5678,06073_SD_SanDiego
06073020304,877,06073_SD_SanDiego
06073020305,1229,06073_SD_SanDiego
06073020308,300,06073_SD_SanDiego
06073020309,1156,06073_SD_SanDiego
06073020310,4118,06073_SD_SanDiego
06073020311,3986,06073_SD_SanDiego
06073020312,579,06073_SD_SanDiego
06073020313,18569,06073_SD_SanDiego
06073020401,889,06073_SD_SanDiego
06073020403,1562,06073_SD_SanDiego
06073020404,713,06073_SD_SanDiego
06073020405,464,06073_SD_SanDiego
06073020500,6893,06073_SD_SanDiego
06073020601,1449,06073_SD_SanDiego
06073020602,1087,06073_SD_SanDiego
06073020705,322,06073_SD_SanDiego
06073020706,1934,06073_SD_SanDiego
06073020707,1182,06073_SD_SanDiego
06073020708,1562,06073_SD_SanDiego
06073020710,567,06073_SD_SanDiego
06073020711,382,06073_SD_SanDiego
06073020712,582,06073_SD_SanDiego
06073020801,712,06073_SD_SanDiego
06073020805,538,06073_SD_SanDiego
06073020806,1785,06073_SD_SanDiego
06073020807,402,06073_SD_SanDiego
06073020810,320,06073_SD_SanDiego
06073020811,379,06073_SD_SanDiego
06073020812,579,06073_SD_SanDiego
06073020813,1126,06073_SD_SanDiego
06073020902,250,06073_SD_SanDiego
06073020903,648,06073_SD_SanDiego
06073020904,746,06073_SD_SanDiego
06073021001,425,06073_SD_SanDiego
06073021002,551,06073_SD_SanDiego
06073021101,790,06073_SD_SanDiego
06073021102,391,06073_SD_SanDiego
06073021202,2215,06073_SD_SanDiego
06073021204,628,06073_SD_SanDiego
06073021205,1879,06073_SD_SanDiego
06073021206,492,06073_SD_SanDiego
06073021302,407,06073_SD_SanDiego
06073021304,1753,06073_SD_SanDiego
06073021305,1569,06073_SD_SanDiego
06073021306,401,06073_SD_SanDiego
06073021401,5111,06073_SD_SanDiego
06073021402,2771,06073_SD_SanDiego
06073021501,477,06073_SD_SanDiego
06073021502,1541,06073_SD_SanDiego
06073021600,1401,06073_SD_SanDiego
06073021800,3237,06073_SD_SanDiego
06073021900,9445,06073_SD_SanDiego
06073022000,677,06073_SD_SanDiego
06073022101,23387,06073_SD_SanDiego
06073022102,11473,06073_SD_SanDiego
17043840000,11979,17043_Chicago_DuPage
17043840101,15415,17043_Chicago_DuPage
17043840102,795,17043_Chicago_DuPage
17043840103,803,17043_Chicago_DuPage
17043840104,1666,17043_Chicago_DuPage
17043840201,15060,17043_Chicago_DuPage
17043840202,752,17043_Chicago_DuPage
17043840303,1845,17043_Chicago_DuPage
17043840304,799,17043_Chicago_DuPage
17043840600,1016,17043_Chicago_DuPage
17043840703,518,17043_Chicago_DuPage
17043840704,4755,17043_Chicago_DuPage
17043840705,13719,17043_Chicago_DuPage
17043840706,2204,17043_Chicago_DuPage
17043840801,1561,17043_Chicago_DuPage
17043840802,2802,17043_Chicago_DuPage
17043840901,4296,17043_Chicago_DuPage
17043840904,4547,17043_Chicago_DuPage
17043840906,1289,17043_Chicago_DuPage
17043840907,2821,17043_Chicago_DuPage
17043840908,1756,17043_Chicago_DuPage
17043840910,1501,17043_Chicago_DuPage
17043840911,1585,17043_Chicago_DuPage
17043841002,599,17043_Chicago_DuPage
17043841003,764,17043_Chicago_DuPage
17043841004,1322,17043_Chicago_DuPage
17043841102,2947,17043_Chicago_DuPage
17043841103,833,17043_Chicago_DuPage
17043841104,3296,17043_Chicago_DuPage
17043841108,556,17043_Chicago_DuPage
17043841109,257,17043_Chicago_DuPage
17043841110,816,17043_Chicago_DuPage
17043841111,2266,17043_Chicago_DuPage
17043841112,696,17043_Chicago_DuPage
17043841113,1126,17043_Chicago_DuPage
17043841114,6525,17043_Chicago_DuPage
17043841204,3109,17043_Chicago_DuPage
17043841205,296,17043_Chicago_DuPage
17043841206,1883,17043_Chicago_DuPage
17043841207,172,17043_Chicago_DuPage
17043841208,5533,17043_Chicago_DuPage
17043841209,3633,17043_Chicago_DuPage
17043841210,5302,17043_Chicago_DuPage
17043841307,365,17043_Chicago_DuPage
17043841308,3912,17043_Chicago_DuPage
17043841310,354,17043_Chicago_DuPage
17043841312,5084,17043_Chicago_DuPage
17043841313,944,17043_Chicago_DuPage
17043841314,266,17043_Chicago_DuPage
17043841315,221,17043_Chicago_DuPage
17043841316,868,17043_Chicago_DuPage
17043841318,260,17043_Chicago_DuPage
17043841320,38,17043_Chicago_DuPage
17043841321,106,17043_Chicago_DuPage
17043841322,1098,17043_Chicago_DuPage
17043841323,120,17043_Chicago_DuPage
17043841324,58,17043_Chicago_DuPage
17043841325,787,17043_Chicago_DuPage
17043841326,1675,17043_Chicago_DuPage
17043841327,247,17043_Chicago_DuPage
17043841401,414,17043_Chicago_DuPage
17043841403,7330,17043_Chicago_DuPage
17043841404,363,17043_Chicago_DuPage
17043841501,7189,17043_Chicago_DuPage
17043841503,906,17043_Chicago_DuPage
17043841504,2073,17043_Chicago_DuPage
17043841603,727,17043_Chicago_DuPage
17043841604,2762,17043_Chicago_DuPage
17043841605,1000,17043_Chicago_DuPage
17043841606,329,17043_Chicago_DuPage
17043841607,495,17043_Chicago_DuPage
17043841704,4925,17043_Chicago_DuPage
17043841705,1625,17043_Chicago_DuPage
17043841706,2737,17043_Chicago_DuPage
17043841707,1124,17043_Chicago_DuPage
17043841708,3300,17043_Chicago_DuPage
17043841801,1072,17043_Chicago_DuPage
17043841802,520,17043_Chicago_DuPage
17043841901,734,17043_Chicago_DuPage
17043841902,1902,17043_Chicago_DuPage
17043842000,1439,17043_Chicago_DuPage
17043842100,2497,17043_Chicago_DuPage
17043842200,1752,17043_Chicago_DuPage
17043842300,628,17043_Chicago_DuPage
17043842400,1198,17043_Chicago_DuPage
17043842500,6837,17043_Chicago_DuPage
17043842601,1631,17043_Chicago_DuPage
17043842602,685,17043_Chicago_DuPage
17043842603,3501,17043_Chicago_DuPage
17043842604,2204,17043_Chicago_DuPage
17043842605,572,17043_Chicago_DuPage
17043842702,1606,17043_Chicago_DuPage
17043842703,727,17043_Chicago_DuPage
17043842704,192,17043_Chicago_DuPage
17043842706,3581,17043_Chicago_DuPage
17043842708,293,17043_Chicago_DuPage
17043842709,1575,17043_Chicago_DuPage
17043842710,4634,17043_Chicago_DuPage
17043842711,83,17043_Chicago_DuPage
17043842800,930,17043_Chicago_DuPage
17043842900,5782,17043_Chicago_DuPage
17043843000,2589,17043_Chicago_DuPage
17043843100,923,17043_Chicago_DuPage
17043843200,1609,17043_Chicago_DuPage
17043843301,835,17043_Chicago_DuPage
17043843302,223,17043_Chicago_DuPage
17043843400,141,17043_Chicago_DuPage
17043843500,2130,17043_Chicago_DuPage
17043843601,331,17043_Chicago_DuPage
17043843602,105,17043_Chicago_DuPage
17043843700,1805,17043_Chicago_DuPage
17043843800,990,17043_Chicago_DuPage
17043843900,540,17043_Chicago_DuPage
17043844001,964,17043_Chicago_DuPage
17043844002,454,17043_Chicago_DuPage
17043844100,141,17043_Chicago_DuPage
17043844201,2325,17043_Chicago_DuPage
17043844202,330,17043_Chicago_DuPage
17043844304,3970,17043_Chicago_DuPage
17043844305,3782,17043_Chicago_DuPage
17043844306,8232,17043_Chicago_DuPage
17043844307,1995,17043_Chicago_DuPage
17043844308,4464,17043_Chicago_DuPage
17043844309,1922,17043_Chicago_DuPage
17043844310,10863,17043_Chicago_DuPage
17043844401,21061,17043_Chicago_DuPage
17043844402,14458,17043_Chicago_DuPage
17043844501,6517,17043_Chicago_DuPage
17043844502,3976,17043_Chicago_DuPage
17043844601,33898,17043_Chicago_DuPage
17043844602,12076,17043_Chicago_DuPage
17043844701,1571,17043_Chicago_DuPage
17043844702,8125,17043_Chicago_DuPage
17043844801,1058,17043_Chicago_DuPage
17043844802,3119,17043_Chicago_DuPage
17043844901,2049,17043_Chicago_DuPage
17043844902,728,17043_Chicago_DuPage
17043845000,1044,17043_Chicago_DuPage
17043845100,923,17043_Chicago_DuPage
17043845200,516,17043_Chicago_DuPage
17043845300,4614,17043_Chicago_DuPage
17043845401,428,17043_Chicago_DuPage
17043845402,456,17043_Chicago_DuPage
17043845502,1435,17043_Chicago_DuPage
17043845505,404,17043_Chicago_DuPage
17043845506,785,17043_Chicago_DuPage
17043845507,505,17043_Chicago_DuPage
17043845508,803,17043_Chicago_DuPage
17043845509,432,17043_Chicago_DuPage
17043845510,1089,17043_Chicago_DuPage
17043845601,524,17043_Chicago_DuPage
17043845602,500,17043_Chicago_DuPage
17043845701,1545,17043_Chicago_DuPage
17043845702,289,17043_Chicago_DuPage
17043845703,558,17043_Chicago_DuPage
17043845704,1261,17043_Chicago_DuPage
17043845802,4787,17043_Chicago_DuPage
17043845803,9694,17043_Chicago_DuPage
17043845805,991,17043_Chicago_DuPage
17043845807,871,17043_Chicago_DuPage
17043845808,1831,17043_Chicago_DuPage
17043845809,590,17043_Chicago_DuPage
17043845810,575,17043_Chicago_DuPage
17043845811,1895,17043_Chicago_DuPage
17043845901,810,17043_Chicago_DuPage
17043845902,14349,17043_Chicago_DuPage
17043846002,9236,17043_Chicago_DuPage
17043846003,5073,17043_Chicago_DuPage
17043846004,5057,17043_Chicago_DuPage
17043846102,9526,17043_Chicago_DuPage
17043846103,966,17043_Chicago_DuPage
17043846104,2364,17043_Chicago_DuPage
17043846105,2554,17043_Chicago_DuPage
17043846106,13765,17043_Chicago_DuPage
17043846201,443,17043_Chicago_DuPage
17043846202,1156,17043_Chicago_DuPage
17043846203,1341,17043_Chicago_DuPage
17043846205,417,17043_Chicago_DuPage
17043846206,565,17043_Chicago_DuPage
17043846207,284,17043_Chicago_DuPage
17043846208,198,17043_Chicago_DuPage
17043846209,1486,17043_Chicago_DuPage
17043846304,412,17043_Chicago_DuPage
17043846305,550,17043_Chicago_DuPage
17043846307,2452,17043_Chicago_DuPage
17043846308,826,17043_Chicago_DuPage
17043846310,479,17043_Chicago_DuPage
17043846311,65,17043_Chicago_DuPage
17043846312,310,17043_Chicago_DuPage
17043846313,1638,17043_Chicago_DuPage
17043846314,147,17043_Chicago_DuPage
17043846315,485,17043_Chicago_DuPage
17043846404,1250,17043_Chicago_DuPage
17043846405,14039,17043_Chicago_DuPage
17043846408,1269,17043_Chicago_DuPage
17043846409,3274,17043_Chicago_DuPage
17043846410,1478,17043_Chicago_DuPage
17043846411,5865,17043_Chicago_DuPage
17043846412,2365,17043_Chicago_DuPage
17043846413,9850,17043_Chicago_DuPage
17043846504,16773,17043_Chicago_DuPage
17043846507,4234,17043_Chicago_DuPage
17043846509,6344,17043_Chicago_DuPage
17043846510,698,17043_Chicago_DuPage
17043846511,913,17043_Chicago_DuPage
17043846513,234,17043_Chicago_DuPage
17043846514,2449,17043_Chicago_DuPage
17043846515,848,17043_Chicago_DuPage
17043846517,1460,17043_Chicago_DuPage
17043846518,3088,17043_Chicago_DuPage
17043846519,9089,17043_Chicago_DuPage
17043846521,642,17043_Chicago_DuPage
17043846522,1802,17043_Chicago_DuPage
17043846523,378,17043_Chicago_DuPage
17043846524,2194,17043_Chicago_DuPage
17043846603,1200,17043_Chicago_DuPage
17043846604,7188,17043_Chicago_DuPage
17043846701,2330,17043_Chicago_DuPage
17043846702,13772,17043_Chicago_DuPage
48257050204,1525,48257_Dallas_Kaufman
48257050207,99,48257_Dallas_Kaufman
48257050208,619,48257_Dallas_Kaufman
48257050209,1572,48257_Dallas_Kaufman
48257050210,270,48257_Dallas_Kaufman
48257050211,287,48257_Dallas_Kaufman
48257050212,500,48257_Dallas_Kaufman
48257050213,3459,48257_Dallas_Kaufman
48257050214,2373,48257_Dallas_Kaufman
48257050215,246,48257_Dallas_Kaufman
48257050300,1869,48257_Dallas_Kaufman
48257050401,2967,48257_Dallas_Kaufman
48257050402,104,48257_Dallas_Kaufman
48257050500,6141,48257_Dallas_Kaufman
48257050601,511,48257_Dallas_Kaufman
48257050602,1009,48257_Dallas_Kaufman
48257050701,1389,48257_Dallas_Kaufman
48257050703,166,48257_Dallas_Kaufman
48257050704,762,48257_Dallas_Kaufman
48257050801,160,48257_Dallas_Kaufman
48257050802,605,48257_Dallas_Kaufman
48257051000,515,48257_Dallas_Kaufman
48257051100,2553,48257_Dallas_Kaufman
48257051201,804,48257_Dallas_Kaufman
48257051202,1412,48257_Dallas_Kaufman
48257051301,2692,48257_Dallas_Kaufman
48257051302,90,48257_Dallas_Kaufman
06075010101,6186,06075_SF_SanFrancisco
06075010102,575,06075_SF_SanFrancisco
06075010201,368,06075_SF_SanFrancisco
06075010202,2360,06075_SF_SanFrancisco
06075010300,516,06075_SF_SanFrancisco
06075010401,1174,06075_SF_SanFrancisco
06075010402,787,06075_SF_SanFrancisco
06075010500,25556,06075_SF_SanFrancisco
06075010600,3428,06075_SF_SanFrancisco
06075010701,1882,06075_SF_SanFrancisco
06075010702,404,06075_SF_SanFrancisco
06075010800,656,06075_SF_SanFrancisco
06075010901,348,06075_SF_SanFrancisco
06075010902,942,06075_SF_SanFrancisco
06075011001,738,06075_SF_SanFrancisco
06075011002,948,06075_SF_SanFrancisco
06075011101,718,06075_SF_SanFrancisco
06075011102,1868,06075_SF_SanFrancisco
06075011200,986,06075_SF_SanFrancisco
06075011300,1598,06075_SF_SanFrancisco
06075011700,96903,06075_SF_SanFrancisco
06075011800,5480,06075_SF_SanFrancisco
06075011901,341,06075_SF_SanFrancisco
06075011902,1360,06075_SF_SanFrancisco
06075012001,1154,06075_SF_SanFrancisco
06075012002,1280,06075_SF_SanFrancisco
06075012100,3786,06075_SF_SanFrancisco
06075012202,690,06075_SF_SanFrancisco
06075012203,348,06075_SF_SanFrancisco
06075012204,273,06075_SF_SanFrancisco
06075012301,4735,06075_SF_SanFrancisco
06075012302,2070,06075_SF_SanFrancisco
06075012403,394,06075_SF_SanFrancisco
06075012404,784,06075_SF_SanFrancisco
06075012405,5165,06075_SF_SanFrancisco
06075012406,941,06075_SF_SanFrancisco
06075012502,1239,06075_SF_SanFrancisco
06075012503,2691,06075_SF_SanFrancisco
06075012504,558,06075_SF_SanFrancisco
06075012601,766,06075_SF_SanFrancisco
06075012602,1018,06075_SF_SanFrancisco
06075012700,606,06075_SF_SanFrancisco
06075012801,741,06075_SF_SanFrancisco
06075012802,1637,06075_SF_SanFrancisco
06075012901,356,06075_SF_SanFrancisco
06075012902,1083,06075_SF_SanFrancisco
06075013001,1236,06075_SF_SanFrancisco
06075013002,2244,06075_SF_SanFrancisco
06075013101,688,06075_SF_SanFrancisco
06075013102,1319,06075_SF_SanFrancisco
06075013200,1049,06075_SF_SanFrancisco
06075013300,2497,06075_SF_SanFrancisco
06075013401,271,06075_SF_SanFrancisco
06075013402,765,06075_SF_SanFrancisco
06075013500,3072,06075_SF_SanFrancisco
06075015100,4597,06075_SF_SanFrancisco
06075015201,466,06075_SF_SanFrancisco
06075015202,1195,06075_SF_SanFrancisco
06075015300,1308,06075_SF_SanFrancisco
06075015401,1321,06075_SF_SanFrancisco
06075015402,981,06075_SF_SanFrancisco
06075015500,3424,06075_SF_SanFrancisco
06075015600,911,06075_SF_SanFrancisco
06075015701,2820,06075_SF_SanFrancisco
06075015702,5781,06075_SF_SanFrancisco
06075015801,636,06075_SF_SanFrancisco
06075015802,454,06075_SF_SanFrancisco
06075015900,2159,06075_SF_SanFrancisco
06075016000,3099,06075_SF_SanFrancisco
06075016101,739,06075_SF_SanFrancisco
06075016102,480,06075_SF_SanFrancisco
06075016200,9902,06075_SF_SanFrancisco
06075016300,647,06075_SF_SanFrancisco
06075016400,1444,06075_SF_SanFrancisco
06075016500,1629,06075_SF_SanFrancisco
06075016601,923,06075_SF_SanFrancisco
06075016602,750,06075_SF_SanFrancisco
06075016700,1557,06075_SF_SanFrancisco
06075016801,15864,06075_SF_SanFrancisco
06075016802,1115,06075_SF_SanFrancisco
06075016900,1491,06075_SF_SanFrancisco
06075017000,910,06075_SF_SanFrancisco
06075017101,364,06075_SF_SanFrancisco
06075017102,783,06075_SF_SanFrancisco
06075017602,10107,06075_SF_SanFrancisco
06075017603,27335,06075_SF_SanFrancisco
06075017604,4194,06075_SF_SanFrancisco
06075017700,33277,06075_SF_SanFrancisco
06075017801,11675,06075_SF_SanFrancisco
06075017803,3671,06075_SF_SanFrancisco
06075017804,5640,06075_SF_SanFrancisco
06075017903,743,06075_SF_SanFrancisco
06075018000,24013,06075_SF_SanFrancisco
06075020101,2898,06075_SF_SanFrancisco
06075020102,1362,06075_SF_SanFrancisco
06075020201,1063,06075_SF_SanFrancisco
06075020202,738,06075_SF_SanFrancisco
06075020300,2176,06075_SF_SanFrancisco
06075020401,224,06075_SF_SanFrancisco
06075020402,324,06075_SF_SanFrancisco
06075020500,1036,06075_SF_SanFrancisco
06075020601,1034,06075_SF_SanFrancisco
06075020602,199,06075_SF_SanFrancisco
06075020701,974,06075_SF_SanFrancisco
06075020702,948,06075_SF_SanFrancisco
06075020801,2337,06075_SF_SanFrancisco
06075020802,1441,06075_SF_SanFrancisco
06075020900,2392,06075_SF_SanFrancisco
06075021000,886,06075_SF_SanFrancisco
06075021100,953,06075_SF_SanFrancisco
06075021200,692,06075_SF_SanFrancisco
06075021300,315,06075_SF_SanFrancisco
06075021400,840,06075_SF_SanFrancisco
06075021500,627,06075_SF_SanFrancisco
06075021600,302,06075_SF_SanFrancisco
06075021700,927,06075_SF_SanFrancisco
06075021800,700,06075_SF_SanFrancisco
06075022600,8448,06075_SF_SanFrancisco
06075022702,945,06075_SF_SanFrancisco
06075022704,1499,06075_SF_SanFrancisco
06075022801,6178,06075_SF_SanFrancisco
06075022802,679,06075_SF_SanFrancisco
06075022803,1153,06075_SF_SanFrancisco
06075022901,731,06075_SF_SanFrancisco
06075022902,443,06075_SF_SanFrancisco
06075022903,728,06075_SF_SanFrancisco
06075023001,1099,06075_SF_SanFrancisco
06075023003,293,06075_SF_SanFrancisco
06075023102,657,06075_SF_SanFrancisco
06075023103,974,06075_SF_SanFrancisco
06075023200,1790,06075_SF_SanFrancisco
06075023300,2330,06075_SF_SanFrancisco
06075023400,2234,06075_SF_SanFrancisco
06075025100,554,06075_SF_SanFrancisco
06075025200,1316,06075_SF_SanFrancisco
06075025300,2050,06075_SF_SanFrancisco
06075025401,379,06075_SF_SanFrancisco
06075025402,254,06075_SF_SanFrancisco
06075025403,288,06075_SF_SanFrancisco
06075025501,349,06075_SF_SanFrancisco
06075025502,591,06075_SF_SanFrancisco
06075025600,440,06075_SF_SanFrancisco
06075025701,1528,06075_SF_SanFrancisco
06075025702,1187,06075_SF_SanFrancisco
06075025800,147,06075_SF_SanFrancisco
06075025900,900,06075_SF_SanFrancisco
06075026001,644,06075_SF_SanFrancisco
06075026002,848,06075_SF_SanFrancisco
06075026003,307,06075_SF_SanFrancisco
06075026004,433,06075_SF_SanFrancisco
06075026100,1201,06075_SF_SanFrancisco
06075026201,354,06075_SF_SanFrancisco
06075026202,4771,06075_SF_SanFrancisco
06075026301,578,06075_SF_SanFrancisco
06075026302,332,06075_SF_SanFrancisco
06075026303,449,06075_SF_SanFrancisco
06075026401,403,06075_SF_SanFrancisco
06075026402,279,06075_SF_SanFrancisco
06075026403,708,06075_SF_SanFrancisco
06075026404,194,06075_SF_SanFrancisco
06075030101,18821,06075_SF_SanFrancisco
06075030102,444,06075_SF_SanFrancisco
06075030201,517,06075_SF_SanFrancisco
06075030202,1556,06075_SF_SanFrancisco
06075030301,423,06075_SF_SanFrancisco
06075030302,302,06075_SF_SanFrancisco
06075030400,637,06075_SF_SanFrancisco
06075030500,210,06075_SF_SanFrancisco
06075030600,508,06075_SF_SanFrancisco
06075030700,444,06075_SF_SanFrancisco
06075030800,2138,06075_SF_SanFrancisco
06075030900,1122,06075_SF_SanFrancisco
06075031000,670,06075_SF_SanFrancisco
06075031100,2277,06075_SF_SanFrancisco
06075031201,771,06075_SF_SanFrancisco
06075031202,314,06075_SF_SanFrancisco
06075031301,262,06075_SF_SanFrancisco
06075031302,600,06075_SF_SanFrancisco
06075031401,241,06075_SF_SanFrancisco
06075031402,301,06075_SF_SanFrancisco
06075032601,1031,06075_SF_SanFrancisco
06075032602,522,06075_SF_SanFrancisco
06075032700,603,06075_SF_SanFrancisco
06075032801,1034,06075_SF_SanFrancisco
06075032802,918,06075_SF_SanFrancisco
06075032901,404,06075_SF_SanFrancisco
06075032902,605,06075_SF_SanFrancisco
06075033001,426,06075_SF_SanFrancisco
06075033002,1082,06075_SF_SanFrancisco
06075033100,1073,06075_SF_SanFrancisco
06075033201,6590,06075_SF_SanFrancisco
06075033203,546,06075_SF_SanFrancisco
06075033204,254,06075_SF_SanFrancisco
06075035101,221,06075_SF_SanFrancisco
06075035102,398,06075_SF_SanFrancisco
06075035201,803,06075_SF_SanFrancisco
06075035202,556,06075_SF_SanFrancisco
06075035300,1511,06075_SF_SanFrancisco
06075035400,548,06075_SF_SanFrancisco
06075040100,1689,06075_SF_SanFrancisco
06075040200,1668,06075_SF_SanFrancisco
06075042601,813,06075_SF_SanFrancisco
06075042602,672,06075_SF_SanFrancisco
06075042700,915,06075_SF_SanFrancisco
06075042800,302,06075_SF_SanFrancisco
06075045100,875,06075_SF_SanFrancisco
06075045201,350,06075_SF_SanFrancisco
06075045202,385,06075_SF_SanFrancisco
06075047600,794,06075_SF_SanFrancisco
06075047701,825,06075_SF_SanFrancisco
06075047702,603,06075_SF_SanFrancisco
06075047801,629,06075_SF_SanFrancisco
06075047802,467,06075_SF_SanFrancisco
06075047902,293,06075_SF_SanFrancisco
06075047903,349,06075_SF_SanFrancisco
06075047904,495,06075_SF_SanFrancisco
06075060100,6823,06075_SF_SanFrancisco
06075060400,768,06075_SF_SanFrancisco
06075060502,304,06075_SF_SanFrancisco
06075060701,10949,06075_SF_SanFrancisco
06075060702,5546,06075_SF_SanFrancisco
06075060703,4367,06075_SF_SanFrancisco
06075061000,1101,06075_SF_SanFrancisco
06075061101,19726,06075_SF_SanFrancisco
06075061102,979,06075_SF_SanFrancisco
06075061200,1325,06075_SF_SanFrancisco
06075061401,401,06075_SF_SanFrancisco
06075061402,774,06075_SF_SanFrancisco
06075061501,67808,06075_SF_SanFrancisco
06075061502,11022,06075_SF_SanFrancisco
06075061503,22725,06075_SF_SanFrancisco
06075061504,1707,06075_SF_SanFrancisco
06075061505,230,06075_SF_SanFrancisco
06075061506,1525,06075_SF_SanFrancisco
06075061507,40423,06075_SF_SanFrancisco
06075061508,3655,06075_SF_SanFrancisco
06075980200,3319,06075_SF_SanFrancisco
06075980300,1205,06075_SF_SanFrancisco
06075980401,47,06075_SF_SanFrancisco
06075980501,261,06075_SF_SanFrancisco
06075980600,77,06075_SF_SanFrancisco
06075980900,10281,06075_SF_SanFrancisco
25025000101,388,25025_Boston_Suffolk
25025000102,6696,25025_Boston_Suffolk
25025000201,558,25025_Boston_Suffolk
25025000202,401,25025_Boston_Suffolk
25025000301,336,25025_Boston_Suffolk
25025000302,603,25025_Boston_Suffolk
25025000401,373,25025_Boston_Suffolk
25025000402,348,25025_Boston_Suffolk
25025000502,892,25025_Boston_Suffolk
25025000503,169,25025_Boston_Suffolk
25025000505,428,25025_Boston_Suffolk
25025000506,192,25025_Boston_Suffolk
25025000601,1041,25025_Boston_Suffolk
25025000603,4323,25025_Boston_Suffolk
25025000604,961,25025_Boston_Suffolk
25025000701,161,25025_Boston_Suffolk
25025000703,1111,25025_Boston_Suffolk
25025000704,461,25025_Boston_Suffolk
25025000804,1419,25025_Boston_Suffolk
25025000805,1799,25025_Boston_Suffolk
25025000806,1428,25025_Boston_Suffolk
25025000807,19021,25025_Boston_Suffolk
25025010103,851,25025_Boston_Suffolk
25025010104,1375,25025_Boston_Suffolk
25025010204,4139,25025_Boston_Suffolk
25025010205,3084,25025_Boston_Suffolk
25025010206,1795,25025_Boston_Suffolk
25025010300,18819,25025_Boston_Suffolk
25025010403,816,25025_Boston_Suffolk
25025010404,1514,25025_Boston_Suffolk
25025010405,7654,25025_Boston_Suffolk
25025010408,21,25025_Boston_Suffolk
25025010500,2318,25025_Boston_Suffolk
25025010600,36761,25025_Boston_Suffolk
25025010701,5361,25025_Boston_Suffolk
25025010702,18409,25025_Boston_Suffolk
25025010801,657,25025_Boston_Suffolk
25025010802,497,25025_Boston_Suffolk
25025020101,1835,25025_Boston_Suffolk
25025020200,582,25025_Boston_Suffolk
25025020301,29315,25025_Boston_Suffolk
25025020302,2061,25025_Boston_Suffolk
25025020304,7869,25025_Boston_Suffolk
25025020305,7429,25025_Boston_Suffolk
25025030100,186,25025_Boston_Suffolk
25025030200,746,25025_Boston_Suffolk
25025030301,4734,25025_Boston_Suffolk
25025030302,62917,25025_Boston_Suffolk
25025030400,2370,25025_Boston_Suffolk
25025030500,544,25025_Boston_Suffolk
25025040100,2007,25025_Boston_Suffolk
25025040200,162,25025_Boston_Suffolk
25025040300,338,25025_Boston_Suffolk
25025040401,918,25025_Boston_Suffolk
25025040600,6786,25025_Boston_Suffolk
25025040801,2702,25025_Boston_Suffolk
25025050101,413,25025_Boston_Suffolk
25025050200,401,25025_Boston_Suffolk
25025050300,979,25025_Boston_Suffolk
25025050400,307,25025_Boston_Suffolk
25025050500,265,25025_Boston_Suffolk
25025050600,1561,25025_Boston_Suffolk
25025050700,303,25025_Boston_Suffolk
25025050901,813,25025_Boston_Suffolk
25025051000,3000,25025_Boston_Suffolk
25025051101,1174,25025_Boston_Suffolk
25025051200,510,25025_Boston_Suffolk
25025060101,183,25025_Boston_Suffolk
25025060200,53,25025_Boston_Suffolk
25025060301,824,25025_Boston_Suffolk
25025060400,733,25025_Boston_Suffolk
25025060501,1284,25025_Boston_Suffolk
25025060601,670,25025_Boston_Suffolk
25025060602,3458,25025_Boston_Suffolk
25025060603,10017,25025_Boston_Suffolk
25025060604,22597,25025_Boston_Suffolk
25025060700,205,25025_Boston_Suffolk
25025060800,1375,25025_Boston_Suffolk
25025061000,137,25025_Boston_Suffolk
25025061101,44,25025_Boston_Suffolk
25025061201,2001,25025_Boston_Suffolk
25025061202,250,25025_Boston_Suffolk
25025061203,1226,25025_Boston_Suffolk
25025061204,9714,25025_Boston_Suffolk
25025070102,10119,25025_Boston_Suffolk
25025070103,37,25025_Boston_Suffolk
25025070104,92558,25025_Boston_Suffolk
25025070201,3858,25025_Boston_Suffolk
25025070202,12636,25025_Boston_Suffolk
25025070301,1617,25025_Boston_Suffolk
25025070302,17444,25025_Boston_Suffolk
25025070402,2246,25025_Boston_Suffolk
25025070501,857,25025_Boston_Suffolk
25025070502,709,25025_Boston_Suffolk
25025070600,513,25025_Boston_Suffolk
25025070700,2976,25025_Boston_Suffolk
25025070801,143,25025_Boston_Suffolk
25025070802,586,25025_Boston_Suffolk
25025070901,139,25025_Boston_Suffolk
25025070902,277,25025_Boston_Suffolk
25025071101,3324,25025_Boston_Suffolk
25025071201,5408,25025_Boston_Suffolk
25025080100,17113,25025_Boston_Suffolk
25025080300,376,25025_Boston_Suffolk
25025080401,1643,25025_Boston_Suffolk
25025080500,210,25025_Boston_Suffolk
25025080601,13646,25025_Boston_Suffolk
25025080801,1735,25025_Boston_Suffolk
25025080900,578,25025_Boston_Suffolk
25025081001,45532,25025_Boston_Suffolk
25025081101,554,25025_Boston_Suffolk
25025081102,2093,25025_Boston_Suffolk
25025081200,690,25025_Boston_Suffolk
25025081301,710,25025_Boston_Suffolk
25025081302,474,25025_Boston_Suffolk
25025081400,925,25025_Boston_Suffolk
25025081500,83,25025_Boston_Suffolk
25025081700,753,25025_Boston_Suffolk
25025081800,279,25025_Boston_Suffolk
25025081900,324,25025_Boston_Suffolk
25025082000,445,25025_Boston_Suffolk
25025082100,241,25025_Boston_Suffolk
25025090100,332,25025_Boston_Suffolk
25025090200,583,25025_Boston_Suffolk
25025090300,163,25025_Boston_Suffolk
25025090400,362,25025_Boston_Suffolk
25025090600,786,25025_Boston_Suffolk
25025090700,3994,25025_Boston_Suffolk
25025090901,6850,25025_Boston_Suffolk
25025091001,2095,25025_Boston_Suffolk
25025091100,395,25025_Boston_Suffolk
25025091200,375,25025_Boston_Suffolk
25025091300,556,25025_Boston_Suffolk
25025091400,1812,25025_Boston_Suffolk
25025091500,155,25025_Boston_Suffolk
25025091600,724,25025_Boston_Suffolk
25025091700,121,25025_Boston_Suffolk
25025091800,621,25025_Boston_Suffolk
25025091900,121,25025_Boston_Suffolk
25025092000,724,25025_Boston_Suffolk
25025092101,5740,25025_Boston_Suffolk
25025092200,713,25025_Boston_Suffolk
25025092300,299,25025_Boston_Suffolk
25025092400,421,25025_Boston_Suffolk
25025100100,862,25025_Boston_Suffolk
25025100200,82,25025_Boston_Suffolk
25025100300,128,25025_Boston_Suffolk
25025100400,489,25025_Boston_Suffolk
25025100500,749,25025_Boston_Suffolk
25025100601,1491,25025_Boston_Suffolk
25025100603,2113,25025_Boston_Suffolk
25025100700,1115,25025_Boston_Suffolk
25025100800,1721,25025_Boston_Suffolk
25025100900,1033,25025_Boston_Suffolk
25025101001,722,25025_Boston_Suffolk
25025101002,391,25025_Boston_Suffolk
25025101101,205,25025_Boston_Suffolk
25025101102,368,25025_Boston_Suffolk
25025110104,517,25025_Boston_Suffolk
25025110105,264,25025_Boston_Suffolk
25025110106,851,25025_Boston_Suffolk
25025110201,144,25025_Boston_Suffolk
25025110301,425,25025_Boston_Suffolk
25025110401,348,25025_Boston_Suffolk
25025110403,118,25025_Boston_Suffolk
25025110501,122,25025_Boston_Suffolk
25025110502,1168,25025_Boston_Suffolk
25025110601,350,25025_Boston_Suffolk
25025110607,2491,25025_Boston_Suffolk
25025120103,650,25025_Boston_Suffolk
25025120104,717,25025_Boston_Suffolk
25025120105,2287,25025_Boston_Suffolk
25025120201,1260,25025_Boston_Suffolk
25025120301,1643,25025_Boston_Suffolk
25025120400,1705,25025_Boston_Suffolk
25025120500,170,25025_Boston_Suffolk
25025120600,379,25025_Boston_Suffolk
25025120700,4055,25025_Boston_Suffolk
25025130101,950,25025_Boston_Suffolk
25025130200,1485,25025_Boston_Suffolk
25025130300,620,25025_Boston_Suffolk
25025130402,1886,25025_Boston_Suffolk
25025130404,463,25025_Boston_Suffolk
25025130406,433,25025_Boston_Suffolk
25025140102,1483,25025_Boston_Suffolk
25025140105,320,25025_Boston_Suffolk
25025140106,239,25025_Boston_Suffolk
25025140107,131,25025_Boston_Suffolk
25025140201,1737,25025_Boston_Suffolk
25025140202,250,25025_Boston_Suffolk
25025140300,1755,25025_Boston_Suffolk
25025140400,896,25025_Boston_Suffolk
25025160102,206,25025_Boston_Suffolk
25025160103,461,25025_Boston_Suffolk
25025160200,1033,25025_Boston_Suffolk
25025160300,940,25025_Boston_Suffolk
25025160400,8610,25025_Boston_Suffolk
25025160501,167,25025_Boston_Suffolk
25025160502,1925,25025_Boston_Suffolk
25025160601,1681,25025_Boston_Suffolk
25025160602,864,25025_Boston_Suffolk
25025170101,346,25025_Boston_Suffolk
25025170102,507,25025_Boston_Suffolk
25025170200,441,25025_Boston_Suffolk
25025170301,1082,25025_Boston_Suffolk
25025170302,1465,25025_Boston_Suffolk
25025170400,1199,25025_Boston_Suffolk
25025170502,346,25025_Boston_Suffolk
25025170503,93,25025_Boston_Suffolk
25025170504,332,25025_Boston_Suffolk
25025170601,2349,25025_Boston_Suffolk
25025170701,471,25025_Boston_Suffolk
25025170702,602,25025_Boston_Suffolk
25025170800,163,25025_Boston_Suffolk
25025180101,451,25025_Boston_Suffolk
25025180200,1213,25025_Boston_Suffolk
25025180301,325,25025_Boston_Suffolk
25025180400,170,25025_Boston_Suffolk
25025180500,298,25025_Boston_Suffolk
25025980300,274,25025_Boston_Suffolk
25025980700,5,25025_Boston_Suffolk
25025980900,16,25025_Boston_Suffolk
25025981000,3,25025_Boston_Suffolk
25025981100,246,25025_Boston_Suffolk
25025981201,43,25025_Boston_Suffolk
25025981202,10492,25025_Boston_Suffolk
25025981300,13619,25025_Boston_Suffolk
25025981501,112,25025_Boston_Suffolk
25025981502,906,25025_Boston_Suffolk
25025981600,115,25025_Boston_Suffolk
25025981700,20,25025_Boston_Suffolk
25025981800,1639,25025_Boston_Suffolk
25025981900,360,25025_Boston_Suffolk
47037010103,103,47037_Nashville_Davidson
47037010104,561,47037_Nashville_Davidson
47037010105,117,47037_Nashville_Davidson
47037010106,4114,47037_Nashville_Davidson
47037010201,1739,47037_Nashville_Davidson
47037010202,587,47037_Nashville_Davidson
47037010301,963,47037_Nashville_Davidson
47037010302,4646,47037_Nashville_Davidson
47037010303,5489,47037_Nashville_Davidson
47037010401,6761,47037_Nashville_Davidson
47037010403,661,47037_Nashville_Davidson
47037010404,801,47037_Nashville_Davidson
47037010501,2024,47037_Nashville_Davidson
47037010502,625,47037_Nashville_Davidson
47037010601,112,47037_Nashville_Davidson
47037010602,191,47037_Nashville_Davidson
47037010701,1444,47037_Nashville_Davidson
47037010702,943,47037_Nashville_Davidson
47037010801,385,47037_Nashville_Davidson
47037010802,852,47037_Nashville_Davidson
47037010901,390,47037_Nashville_Davidson
47037010903,2754,47037_Nashville_Davidson
47037010904,538,47037_Nashville_Davidson
47037011001,2461,47037_Nashville_Davidson
47037011002,224,47037_Nashville_Davidson
47037011100,849,47037_Nashville_Davidson
47037011200,972,47037_Nashville_Davidson
47037011300,2039,47037_Nashville_Davidson
47037011400,955,47037_Nashville_Davidson
47037011500,194,47037_Nashville_Davidson
47037011600,324,47037_Nashville_Davidson
47037011700,1562,47037_Nashville_Davidson
47037011800,291,47037_Nashville_Davidson
47037011900,852,47037_Nashville_Davidson
47037012100,1059,47037_Nashville_Davidson
47037012200,262,47037_Nashville_Davidson
47037012600,1269,47037_Nashville_Davidson
47037012701,3994,47037_Nashville_Davidson
47037012702,417,47037_Nashville_Davidson
47037012801,600,47037_Nashville_Davidson
47037012802,1674,47037_Nashville_Davidson
47037013001,9228,47037_Nashville_Davidson
47037013002,653,47037_Nashville_Davidson
47037013100,258,47037_Nashville_Davidson
47037013201,120,47037_Nashville_Davidson
47037013202,298,47037_Nashville_Davidson
47037013300,2204,47037_Nashville_Davidson
47037013400,3009,47037_Nashville_Davidson
47037013500,946,47037_Nashville_Davidson
47037013600,2456,47037_Nashville_Davidson
47037013701,264,47037_Nashville_Davidson
47037013702,17778,47037_Nashville_Davidson
47037013800,71,47037_Nashville_Davidson
47037013900,164,47037_Nashville_Davidson
47037014200,3678,47037_Nashville_Davidson
47037014300,512,47037_Nashville_Davidson
47037014400,12419,47037_Nashville_Davidson
47037014800,35,47037_Nashville_Davidson
47037015100,18060,47037_Nashville_Davidson
47037015200,2027,47037_Nashville_Davidson
47037015300,8779,47037_Nashville_Davidson
47037015401,2431,47037_Nashville_Davidson
47037015402,511,47037_Nashville_Davidson
47037015404,2408,47037_Nashville_Davidson
47037015405,499,47037_Nashville_Davidson
47037015501,2337,47037_Nashville_Davidson
47037015502,3985,47037_Nashville_Davidson
47037015609,1389,47037_Nashville_Davidson
47037015613,14031,47037_Nashville_Davidson
47037015614,497,47037_Nashville_Davidson
47037015615,706,47037_Nashville_Davidson
47037015617,156,47037_Nashville_Davidson
47037015618,119,47037_Nashville_Davidson
47037015619,248,47037_Nashville_Davidson
47037015620,171,47037_Nashville_Davidson
47037015622,59,47037_Nashville_Davidson
47037015623,2468,47037_Nashville_Davidson
47037015624,691,47037_Nashville_Davidson
47037015625,637,47037_Nashville_Davidson
47037015626,2027,47037_Nashville_Davidson
47037015627,276,47037_Nashville_Davidson
47037015628,1097,47037_Nashville_Davidson
47037015629,4127,47037_Nashville_Davidson
47037015630,7388,47037_Nashville_Davidson
47037015632,1851,47037_Nashville_Davidson
47037015633,196,47037_Nashville_Davidson
47037015634,558,47037_Nashville_Davidson
47037015635,39,47037_Nashville_Davidson
47037015636,439,47037_Nashville_Davidson
47037015637,1117,47037_Nashville_Davidson
47037015700,2616,47037_Nashville_Davidson
47037015804,318,47037_Nashville_Davidson
47037015805,2615,47037_Nashville_Davidson
47037015806,2281,47037_Nashville_Davidson
47037015900,9594,47037_Nashville_Davidson
47037016000,1556,47037_Nashville_Davidson
47037016100,3703,47037_Nashville_Davidson
47037016200,2169,47037_Nashville_Davidson
47037016300,3596,47037_Nashville_Davidson
47037016400,6038,47037_Nashville_Davidson
47037016500,53494,47037_Nashville_Davidson
47037016600,21952,47037_Nashville_Davidson
47037016700,1752,47037_Nashville_Davidson
47037016800,2156,47037_Nashville_Davidson
47037016900,2831,47037_Nashville_Davidson
47037017000,1320,47037_Nashville_Davidson
47037017100,2147,47037_Nashville_Davidson
47037017200,31004,47037_Nashville_Davidson
47037017300,1789,47037_Nashville_Davidson
47037017401,662,47037_Nashville_Davidson
47037017402,271,47037_Nashville_Davidson
47037017500,3161,47037_Nashville_Davidson
47037017701,405,47037_Nashville_Davidson
47037017702,2788,47037_Nashville_Davidson
47037017800,1125,47037_Nashville_Davidson
47037017901,8137,47037_Nashville_Davidson
47037017902,4567,47037_Nashville_Davidson
47037018000,8512,47037_Nashville_Davidson
47037018101,4252,47037_Nashville_Davidson
47037018102,3234,47037_Nashville_Davidson
47037018201,2644,47037_Nashville_Davidson
47037018203,96,47037_Nashville_Davidson
47037018204,322,47037_Nashville_Davidson
47037018205,139,47037_Nashville_Davidson
47037018302,439,47037_Nashville_Davidson
47037018303,2538,47037_Nashville_Davidson
47037018304,759,47037_Nashville_Davidson
47037018404,1176,47037_Nashville_Davidson
47037018405,1791,47037_Nashville_Davidson
47037018407,118,47037_Nashville_Davidson
47037018408,519,47037_Nashville_Davidson
47037018409,650,47037_Nashville_Davidson
47037018410,119,47037_Nashville_Davidson
47037018411,764,47037_Nashville_Davidson
47037018412,1250,47037_Nashville_Davidson
47037018500,2224,47037_Nashville_Davidson
47037018601,229,47037_Nashville_Davidson
47037018602,781,47037_Nashville_Davidson
47037018700,1428,47037_Nashville_Davidson
47037018801,2086,47037_Nashville_Davidson
47037018803,4807,47037_Nashville_Davidson
47037018804,620,47037_Nashville_Davidson
47037018901,9766,47037_Nashville_Davidson
47037018902,410,47037_Nashville_Davidson
47037018904,600,47037_Nashville_Davidson
47037018905,67,47037_Nashville_Davidson
47037019003,693,47037_Nashville_Davidson
47037019004,923,47037_Nashville_Davidson
47037019007,1695,47037_Nashville_Davidson
47037019008,64,47037_Nashville_Davidson
47037019105,894,47037_Nashville_Davidson
47037019106,532,47037_Nashville_Davidson
47037019108,1441,47037_Nashville_Davidson
47037019109,48,47037_Nashville_Davidson
47037019110,645,47037_Nashville_Davidson
47037019111,722,47037_Nashville_Davidson
47037019112,1641,47037_Nashville_Davidson
47037019115,491,47037_Nashville_Davidson
47037019116,765,47037_Nashville_Davidson
47037019117,267,47037_Nashville_Davidson
47037019118,134,47037_Nashville_Davidson
47037019119,1102,47037_Nashville_Davidson
47037019120,470,47037_Nashville_Davidson
47037019121,242,47037_Nashville_Davidson
47037019200,3965,47037_Nashville_Davidson
47037019300,4706,47037_Nashville_Davidson
47037019401,3030,47037_Nashville_Davidson
47037019402,3832,47037_Nashville_Davidson
47037019501,12653,47037_Nashville_Davidson
47037019502,11985,47037_Nashville_Davidson
47037019503,58594,47037_Nashville_Davidson
47037019600,17645,47037_Nashville_Davidson
47037980100,13209,47037_Nashville_Davidson
47037980200,8632,47037_Nashville_Davidson
18097310104,17046,18097_Indianapolis_Marion
18097310105,12425,18097_Indianapolis_Marion
18097310106,3040,18097_Indianapolis_Marion
18097310108,232,18097_Indianapolis_Marion
18097310110,391,18097_Indianapolis_Marion
18097310111,1636,18097_Indianapolis_Marion
18097310112,2273,18097_Indianapolis_Marion
18097310113,175,18097_Indianapolis_Marion
18097310201,20438,18097_Indianapolis_Marion
18097310203,3648,18097_Indianapolis_Marion
18097310204,4565,18097_Indianapolis_Marion
18097310305,471,18097_Indianapolis_Marion
18097310306,5599,18097_Indianapolis_Marion
18097310308,2594,18097_Indianapolis_Marion
18097310309,330,18097_Indianapolis_Marion
18097310310,272,18097_Indianapolis_Marion
18097310311,1633,18097_Indianapolis_Marion
18097310312,1506,18097_Indianapolis_Marion
18097320105,731,18097_Indianapolis_Marion
18097320106,458,18097_Indianapolis_Marion
18097320107,6941,18097_Indianapolis_Marion
18097320108,11257,18097_Indianapolis_Marion
18097320109,745,18097_Indianapolis_Marion
18097320202,13259,18097_Indianapolis_Marion
18097320203,610,18097_Indianapolis_Marion
18097320205,16187,18097_Indianapolis_Marion
18097320206,1409,18097_Indianapolis_Marion
18097320301,3663,18097_Indianapolis_Marion
18097320303,3177,18097_Indianapolis_Marion
18097320305,2120,18097_Indianapolis_Marion
18097320306,6733,18097_Indianapolis_Marion
18097320400,3524,18097_Indianapolis_Marion
18097320500,989,18097_Indianapolis_Marion
18097320600,688,18097_Indianapolis_Marion
18097320700,2730,18097_Indianapolis_Marion
18097320800,650,18097_Indianapolis_Marion
18097320901,496,18097_Indianapolis_Marion
18097320902,120,18097_Indianapolis_Marion
18097320903,152,18097_Indianapolis_Marion
18097321001,245,18097_Indianapolis_Marion
18097321002,499,18097_Indianapolis_Marion
18097321100,3235,18097_Indianapolis_Marion
18097321200,2638,18097_Indianapolis_Marion
18097321300,1383,18097_Indianapolis_Marion
18097321400,1918,18097_Indianapolis_Marion
18097321600,2067,18097_Indianapolis_Marion
18097321700,3135,18097_Indianapolis_Marion
18097321800,1221,18097_Indianapolis_Marion
18097321900,657,18097_Indianapolis_Marion
18097322000,784,18097_Indianapolis_Marion
18097322100,322,18097_Indianapolis_Marion
18097322200,132,18097_Indianapolis_Marion
18097322300,380,18097_Indianapolis_Marion
18097322400,426,18097_Indianapolis_Marion
18097322500,1441,18097_Indianapolis_Marion
18097322601,1521,18097_Indianapolis_Marion
18097322602,597,18097_Indianapolis_Marion
18097322700,76,18097_Indianapolis_Marion
18097330103,5417,18097_Indianapolis_Marion
18097330105,20105,18097_Indianapolis_Marion
18097330106,7021,18097_Indianapolis_Marion
18097330107,1012,18097_Indianapolis_Marion
18097330108,281,18097_Indianapolis_Marion
18097330109,5375,18097_Indianapolis_Marion
18097330203,386,18097_Indianapolis_Marion
18097330204,3051,18097_Indianapolis_Marion
18097330206,206,18097_Indianapolis_Marion
18097330208,546,18097_Indianapolis_Marion
18097330210,158,18097_Indianapolis_Marion
18097330211,462,18097_Indianapolis_Marion
18097330212,1220,18097_Indianapolis_Marion
18097330213,1227,18097_Indianapolis_Marion
18097330401,2959,18097_Indianapolis_Marion
18097330500,287,18097_Indianapolis_Marion
18097330600,1010,18097_Indianapolis_Marion
18097330701,597,18097_Indianapolis_Marion
18097330702,994,18097_Indianapolis_Marion
18097330803,69,18097_Indianapolis_Marion
18097330804,82,18097_Indianapolis_Marion
18097330805,3303,18097_Indianapolis_Marion
18097330806,195,18097_Indianapolis_Marion
18097330900,271,18097_Indianapolis_Marion
18097331000,196,18097_Indianapolis_Marion
18097340101,3910,18097_Indianapolis_Marion
18097340102,3093,18097_Indianapolis_Marion
18097340108,402,18097_Indianapolis_Marion
18097340111,1642,18097_Indianapolis_Marion
18097340112,1675,18097_Indianapolis_Marion
18097340113,1508,18097_Indianapolis_Marion
18097340114,1356,18097_Indianapolis_Marion
18097340115,789,18097_Indianapolis_Marion
18097340201,470,18097_Indianapolis_Marion
18097340202,1985,18097_Indianapolis_Marion
18097340301,150,18097_Indianapolis_Marion
18097340302,851,18097_Indianapolis_Marion
18097340400,794,18097_Indianapolis_Marion
18097340500,1990,18097_Indianapolis_Marion
18097340600,523,18097_Indianapolis_Marion
18097340700,1121,18097_Indianapolis_Marion
18097340800,146,18097_Indianapolis_Marion
18097340901,409,18097_Indianapolis_Marion
18097340903,22,18097_Indianapolis_Marion
18097340904,1041,18097_Indianapolis_Marion
18097341000,4789,18097_Indianapolis_Marion
18097341100,411,18097_Indianapolis_Marion
18097341200,62,18097_Indianapolis_Marion
18097341600,434,18097_Indianapolis_Marion
18097341701,153,18097_Indianapolis_Marion
18097341702,1209,18097_Indianapolis_Marion
18097341902,1036,18097_Indianapolis_Marion
18097341903,801,18097_Indianapolis_Marion
18097341904,838,18097_Indianapolis_Marion
18097342000,7993,18097_Indianapolis_Marion
18097342101,2951,18097_Indianapolis_Marion
18097342200,10517,18097_Indianapolis_Marion
18097342300,2371,18097_Indianapolis_Marion
18097342400,8171,18097_Indianapolis_Marion
18097342500,1089,18097_Indianapolis_Marion
18097342600,1176,18097_Indianapolis_Marion
18097350100,72,18097_Indianapolis_Marion
18097350300,861,18097_Indianapolis_Marion
18097350400,448,18097_Indianapolis_Marion
18097350500,274,18097_Indianapolis_Marion
18097350600,45,18097_Indianapolis_Marion
18097350700,125,18097_Indianapolis_Marion
18097350800,85,18097_Indianapolis_Marion
18097350900,34,18097_Indianapolis_Marion
18097351000,1179,18097_Indianapolis_Marion
18097351200,218,18097_Indianapolis_Marion
18097351500,2884,18097_Indianapolis_Marion
18097351600,1475,18097_Indianapolis_Marion
18097351700,747,18097_Indianapolis_Marion
18097351900,255,18097_Indianapolis_Marion
18097352100,228,18097_Indianapolis_Marion
18097352300,1984,18097_Indianapolis_Marion
18097352400,341,18097_Indianapolis_Marion
18097352500,282,18097_Indianapolis_Marion
18097352600,731,18097_Indianapolis_Marion
18097352700,1819,18097_Indianapolis_Marion
18097352800,1296,18097_Indianapolis_Marion
18097353300,13358,18097_Indianapolis_Marion
18097353500,2872,18097_Indianapolis_Marion
18097353600,2733,18097_Indianapolis_Marion
18097354201,13514,18097_Indianapolis_Marion
18097354202,2683,18097_Indianapolis_Marion
18097354400,1827,18097_Indianapolis_Marion
18097354500,169,18097_Indianapolis_Marion
18097354700,211,18097_Indianapolis_Marion
18097354800,62,18097_Indianapolis_Marion
18097354900,391,18097_Indianapolis_Marion
18097355000,213,18097_Indianapolis_Marion
18097355100,288,18097_Indianapolis_Marion
18097355300,414,18097_Indianapolis_Marion
18097355400,107,18097_Indianapolis_Marion
18097355500,1342,18097_Indianapolis_Marion
18097355600,624,18097_Indianapolis_Marion
18097355700,2381,18097_Indianapolis_Marion
18097355900,1053,18097_Indianapolis_Marion
18097356200,21856,18097_Indianapolis_Marion
18097356400,3538,18097_Indianapolis_Marion
18097356900,315,18097_Indianapolis_Marion
18097357000,254,18097_Indianapolis_Marion
18097357100,1112,18097_Indianapolis_Marion
18097357200,250,18097_Indianapolis_Marion
18097357300,658,18097_Indianapolis_Marion
18097357400,1047,18097_Indianapolis_Marion
18097357500,2454,18097_Indianapolis_Marion
18097357601,169,18097_Indianapolis_Marion
18097357602,173,18097_Indianapolis_Marion
18097357800,550,18097_Indianapolis_Marion
18097357900,945,18097_Indianapolis_Marion
18097358000,2704,18097_Indianapolis_Marion
18097358100,2963,18097_Indianapolis_Marion
18097360101,1263,18097_Indianapolis_Marion
18097360102,514,18097_Indianapolis_Marion
18097360201,2940,18097_Indianapolis_Marion
18097360202,2599,18097_Indianapolis_Marion
18097360301,2996,18097_Indianapolis_Marion
18097360302,5213,18097_Indianapolis_Marion
18097360401,519,18097_Indianapolis_Marion
18097360402,4539,18097_Indianapolis_Marion
18097360405,348,18097_Indianapolis_Marion
18097360406,123,18097_Indianapolis_Marion
18097360407,164,18097_Indianapolis_Marion
18097360501,883,18097_Indianapolis_Marion
18097360502,3911,18097_Indianapolis_Marion
18097360601,904,18097_Indianapolis_Marion
18097360602,2297,18097_Indianapolis_Marion
18097360700,930,18097_Indianapolis_Marion
18097360800,2277,18097_Indianapolis_Marion
18097360900,7159,18097_Indianapolis_Marion
18097361000,59,18097_Indianapolis_Marion
18097361100,524,18097_Indianapolis_Marion
18097361200,465,18097_Indianapolis_Marion
18097361300,1964,18097_Indianapolis_Marion
18097361401,2057,18097_Indianapolis_Marion
18097361402,4078,18097_Indianapolis_Marion
18097361601,3011,18097_Indianapolis_Marion
18097361602,165,18097_Indianapolis_Marion
18097370201,2001,18097_Indianapolis_Marion
18097370203,121,18097_Indianapolis_Marion
18097370204,595,18097_Indianapolis_Marion
18097370303,2212,18097_Indianapolis_Marion
18097370304,976,18097_Indianapolis_Marion
18097370305,23,18097_Indianapolis_Marion
18097370306,49,18097_Indianapolis_Marion
18097380101,438,18097_Indianapolis_Marion
18097380102,3286,18097_Indianapolis_Marion
18097380103,3807,18097_Indianapolis_Marion
18097380200,3246,18097_Indianapolis_Marion
18097380301,95,18097_Indianapolis_Marion
18097380302,2979,18097_Indianapolis_Marion
18097380402,1519,18097_Indianapolis_Marion
18097380403,878,18097_Indianapolis_Marion
18097380404,480,18097_Indianapolis_Marion
18097380501,85,18097_Indianapolis_Marion
18097380502,97,18097_Indianapolis_Marion
18097380600,1850,18097_Indianapolis_Marion
18097380700,1323,18097_Indianapolis_Marion
18097380800,1443,18097_Indianapolis_Marion
18097380901,723,18097_Indianapolis_Marion
18097380902,2535,18097_Indianapolis_Marion
18097381002,611,18097_Indianapolis_Marion
18097381003,491,18097_Indianapolis_Marion
18097381004,877,18097_Indianapolis_Marion
18097381101,1268,18097_Indianapolis_Marion
18097381102,1592,18097_Indianapolis_Marion
18097381203,2081,18097_Indianapolis_Marion
18097381204,3934,18097_Indianapolis_Marion
18097381205,1291,18097_Indianapolis_Marion
18097381206,300,18097_Indianapolis_Marion
18097381207,749,18097_Indianapolis_Marion
18097390102,5403,18097_Indianapolis_Marion
18097390103,271,18097_Indianapolis_Marion
18097390104,274,18097_Indianapolis_Marion
18097390200,731,18097_Indianapolis_Marion
18097390300,1909,18097_Indianapolis_Marion
18097390405,9175,18097_Indianapolis_Marion
18097390406,947,18097_Indianapolis_Marion
18097390407,142,18097_Indianapolis_Marion
18097390408,172,18097_Indianapolis_Marion
18097390409,314,18097_Indianapolis_Marion
18097390410,572,18097_Indianapolis_Marion
18097390411,869,18097_Indianapolis_Marion
18097390500,329,18097_Indianapolis_Marion
18097390601,85,18097_Indianapolis_Marion
18097390602,4529,18097_Indianapolis_Marion
18097390700,329,18097_Indianapolis_Marion
18097390801,4436,18097_Indianapolis_Marion
18097390802,10854,18097_Indianapolis_Marion
18097390900,359,18097_Indianapolis_Marion
18097391001,47815,18097_Indianapolis_Marion
18097391002,61550,18097_Indianapolis_Marion
24510010100,750,24510_Baltimore_City
24510010200,215,24510_Baltimore_City
24510010300,173,24510_Baltimore_City
24510010400,1486,24510_Baltimore_City
24510010500,132,24510_Baltimore_City
24510020100,334,24510_Baltimore_City
24510020200,208,24510_Baltimore_City
24510020300,8565,24510_Baltimore_City
24510030100,712,24510_Baltimore_City
24510030200,6150,24510_Baltimore_City
24510040100,50490,24510_Baltimore_City
24510040200,21188,24510_Baltimore_City
24510060100,40,24510_Baltimore_City
24510060200,386,24510_Baltimore_City
24510060300,54,24510_Baltimore_City
24510060400,14007,24510_Baltimore_City
24510070100,40,24510_Baltimore_City
24510070200,143,24510_Baltimore_City
24510070300,208,24510_Baltimore_City
24510070400,10579,24510_Baltimore_City
24510080101,790,24510_Baltimore_City
24510080102,268,24510_Baltimore_City
24510080200,362,24510_Baltimore_City
24510080301,32,24510_Baltimore_City
24510080302,236,24510_Baltimore_City
24510080400,182,24510_Baltimore_City
24510080500,255,24510_Baltimore_City
24510080600,23,24510_Baltimore_City
24510080700,49,24510_Baltimore_City
24510080800,131,24510_Baltimore_City
24510090100,417,24510_Baltimore_City
24510090200,522,24510_Baltimore_City
24510090300,655,24510_Baltimore_City
24510090400,320,24510_Baltimore_City
24510090500,1360,24510_Baltimore_City
24510090600,8,24510_Baltimore_City
24510090700,28,24510_Baltimore_City
24510090800,997,24510_Baltimore_City
24510090900,149,24510_Baltimore_City
24510100100,348,24510_Baltimore_City
24510100200,40,24510_Baltimore_City
24510100300,1713,24510_Baltimore_City
24510110100,1357,24510_Baltimore_City
24510110200,9199,24510_Baltimore_City
24510120100,591,24510_Baltimore_City
24510120201,267,24510_Baltimore_City
24510120202,9034,24510_Baltimore_City
24510120300,533,24510_Baltimore_City
24510120400,187,24510_Baltimore_City
24510120500,981,24510_Baltimore_City
24510120600,2999,24510_Baltimore_City
24510120700,2067,24510_Baltimore_City
24510130100,69,24510_Baltimore_City
24510130200,84,24510_Baltimore_City
24510130300,197,24510_Baltimore_City
24510130400,398,24510_Baltimore_City
24510130600,2034,24510_Baltimore_City
24510130700,3571,24510_Baltimore_City
24510130803,247,24510_Baltimore_City
24510130804,1283,24510_Baltimore_City
24510130805,344,24510_Baltimore_City
24510130806,2053,24510_Baltimore_City
24510140100,1109,24510_Baltimore_City
24510140200,347,24510_Baltimore_City
24510140300,153,24510_Baltimore_City
24510150100,231,24510_Baltimore_City
24510150200,76,24510_Baltimore_City
24510150300,206,24510_Baltimore_City
24510150400,1025,24510_Baltimore_City
24510150500,2641,24510_Baltimore_City
24510150600,365,24510_Baltimore_City
24510150701,257,24510_Baltimore_City
24510150702,66,24510_Baltimore_City
24510150800,226,24510_Baltimore_City
24510150900,68,24510_Baltimore_City
24510151000,748,24510_Baltimore_City
24510151100,453,24510_Baltimore_City
24510151200,179,24510_Baltimore_City
24510151300,473,24510_Baltimore_City
24510160100,17,24510_Baltimore_City
24510160200,54,24510_Baltimore_City
24510160300,161,24510_Baltimore_City
24510160400,58,24510_Baltimore_City
24510160500,429,24510_Baltimore_City
24510160600,292,24510_Baltimore_City
24510160700,148,24510_Baltimore_City
24510160801,63,24510_Baltimore_City
24510160802,11,24510_Baltimore_City
24510170100,2136,24510_Baltimore_City
24510170200,5700,24510_Baltimore_City
24510170300,98,24510_Baltimore_City
24510180300,1109,24510_Baltimore_City
24510190100,191,24510_Baltimore_City
24510190200,55,24510_Baltimore_City
24510190300,114,24510_Baltimore_City
24510200100,336,24510_Baltimore_City
24510200200,284,24510_Baltimore_City
24510200300,84,24510_Baltimore_City
24510200400,77,24510_Baltimore_City
24510200500,771,24510_Baltimore_City
24510200600,824,24510_Baltimore_City
24510200701,207,24510_Baltimore_City
24510200702,44,24510_Baltimore_City
24510200800,573,24510_Baltimore_City
24510210100,4359,24510_Baltimore_City
24510210200,4116,24510_Baltimore_City
24510220100,6862,24510_Baltimore_City
24510230100,1431,24510_Baltimore_City
24510230200,895,24510_Baltimore_City
24510230300,1427,24510_Baltimore_City
24510240100,4819,24510_Baltimore_City
24510240200,1943,24510_Baltimore_City
24510240300,334,24510_Baltimore_City
24510240400,1249,24510_Baltimore_City
24510250101,216,24510_Baltimore_City
24510250102,227,24510_Baltimore_City
24510250103,6081,24510_Baltimore_City
24510250203,843,24510_Baltimore_City
24510250204,185,24510_Baltimore_City
24510250205,2162,24510_Baltimore_City
24510250206,3427,24510_Baltimore_City
24510250207,766,24510_Baltimore_City
24510250301,344,24510_Baltimore_City
24510250303,726,24510_Baltimore_City
24510250401,261,24510_Baltimore_City
24510250402,30,24510_Baltimore_City
24510250500,3613,24510_Baltimore_City
24510250600,3469,24510_Baltimore_City
24510260101,438,24510_Baltimore_City
24510260102,195,24510_Baltimore_City
24510260201,822,24510_Baltimore_City
24510260202,112,24510_Baltimore_City
24510260203,287,24510_Baltimore_City
24510260301,172,24510_Baltimore_City
24510260302,186,24510_Baltimore_City
24510260303,719,24510_Baltimore_City
24510260401,267,24510_Baltimore_City
24510260402,398,24510_Baltimore_City
24510260403,378,24510_Baltimore_City
24510260404,5530,24510_Baltimore_City
24510260501,7900,24510_Baltimore_City
24510260604,59,24510_Baltimore_City
24510260605,15855,24510_Baltimore_City
24510260700,634,24510_Baltimore_City
24510260800,424,24510_Baltimore_City
24510260900,1976,24510_Baltimore_City
24510261000,169,24510_Baltimore_City
24510261100,326,24510_Baltimore_City
24510270101,52,24510_Baltimore_City
24510270102,127,24510_Baltimore_City
24510270200,821,24510_Baltimore_City
24510270301,418,24510_Baltimore_City
24510270302,81,24510_Baltimore_City
24510270401,409,24510_Baltimore_City
24510270402,307,24510_Baltimore_City
24510270501,818,24510_Baltimore_City
24510270502,415,24510_Baltimore_City
24510270600,553,24510_Baltimore_City
24510270701,265,24510_Baltimore_City
24510270702,397,24510_Baltimore_City
24510270703,210,24510_Baltimore_City
24510270801,174,24510_Baltimore_City
24510270802,255,24510_Baltimore_City
24510270803,2783,24510_Baltimore_City
24510270804,59,24510_Baltimore_City
24510270805,549,24510_Baltimore_City
24510270901,26,24510_Baltimore_City
24510270902,2091,24510_Baltimore_City
24510270903,280,24510_Baltimore_City
24510271001,76,24510_Baltimore_City
24510271002,168,24510_Baltimore_City
24510271101,718,24510_Baltimore_City
24510271102,1696,24510_Baltimore_City
24510271200,1456,24510_Baltimore_City
24510271300,1614,24510_Baltimore_City
24510271400,982,24510_Baltimore_City
24510271501,3397,24510_Baltimore_City
24510271503,695,24510_Baltimore_City
24510271600,388,24510_Baltimore_City
24510271700,6226,24510_Baltimore_City
24510271801,200,24510_Baltimore_City
24510271802,501,24510_Baltimore_City
24510271900,838,24510_Baltimore_City
24510272003,343,24510_Baltimore_City
24510272004,1089,24510_Baltimore_City
24510272005,183,24510_Baltimore_City
24510272006,434,24510_Baltimore_City
24510272007,882,24510_Baltimore_City
24510280101,3191,24510_Baltimore_City
24510280102,4916,24510_Baltimore_City
24510280200,250,24510_Baltimore_City
24510280301,295,24510_Baltimore_City
24510280302,71,24510_Baltimore_City
24510280401,281,24510_Baltimore_City
24510280402,80,24510_Baltimore_City
24510280403,642,24510_Baltimore_City
24510280404,83,24510_Baltimore_City
24510280500,2386,24510_Baltimore_City
24510280600,572,24510_Baltimore_City
37119000101,30459,37119_Charlotte_Mecklenburg
37119000102,27734,37119_Charlotte_Mecklenburg
37119000103,655,37119_Charlotte_Mecklenburg
37119000104,23706,37119_Charlotte_Mecklenburg
37119000301,3927,37119_Charlotte_Mecklenburg
37119000302,2770,37119_Charlotte_Mecklenburg
37119000401,6219,37119_Charlotte_Mecklenburg
37119000402,5996,37119_Charlotte_Mecklenburg
37119000501,5245,37119_Charlotte_Mecklenburg
37119000502,7271,37119_Charlotte_Mecklenburg
37119000503,626,37119_Charlotte_Mecklenburg
37119000600,4588,37119_Charlotte_Mecklenburg
37119000700,1790,37119_Charlotte_Mecklenburg
37119000800,666,37119_Charlotte_Mecklenburg
37119000900,511,37119_Charlotte_Mecklenburg
37119001000,1439,37119_Charlotte_Mecklenburg
37119001100,1398,37119_Charlotte_Mecklenburg
37119001200,1181,37119_Charlotte_Mecklenburg
37119001300,844,37119_Charlotte_Mecklenburg
37119001400,1109,37119_Charlotte_Mecklenburg
37119001504,751,37119_Charlotte_Mecklenburg
37119001505,1172,37119_Charlotte_Mecklenburg
37119001507,633,37119_Charlotte_Mecklenburg
37119001508,914,37119_Charlotte_Mecklenburg
37119001509,2034,37119_Charlotte_Mecklenburg
37119001510,367,37119_Charlotte_Mecklenburg
37119001603,884,37119_Charlotte_Mecklenburg
37119001605,163,37119_Charlotte_Mecklenburg
37119001606,470,37119_Charlotte_Mecklenburg
37119001607,291,37119_Charlotte_Mecklenburg
37119001608,328,37119_Charlotte_Mecklenburg
37119001609,254,37119_Charlotte_Mecklenburg
37119001701,600,37119_Charlotte_Mecklenburg
37119001702,2133,37119_Charlotte_Mecklenburg
37119001801,2570,37119_Charlotte_Mecklenburg
37119001802,2047,37119_Charlotte_Mecklenburg
37119001910,1306,37119_Charlotte_Mecklenburg
37119001911,153,37119_Charlotte_Mecklenburg
37119001914,2126,37119_Charlotte_Mecklenburg
37119001916,902,37119_Charlotte_Mecklenburg
37119001917,592,37119_Charlotte_Mecklenburg
37119001918,2301,37119_Charlotte_Mecklenburg
37119001919,1089,37119_Charlotte_Mecklenburg
37119001920,1056,37119_Charlotte_Mecklenburg
37119001921,1161,37119_Charlotte_Mecklenburg
37119001922,1686,37119_Charlotte_Mecklenburg
37119001923,1467,37119_Charlotte_Mecklenburg
37119001924,225,37119_Charlotte_Mecklenburg
37119001925,718,37119_Charlotte_Mecklenburg
37119001926,1095,37119_Charlotte_Mecklenburg
37119001927,1096,37119_Charlotte_Mecklenburg
37119002004,1164,37119_Charlotte_Mecklenburg
37119002005,2122,37119_Charlotte_Mecklenburg
37119002006,551,37119_Charlotte_Mecklenburg
37119002007,867,37119_Charlotte_Mecklenburg
37119002008,644,37119_Charlotte_Mecklenburg
37119002100,355,37119_Charlotte_Mecklenburg
37119002201,2812,37119_Charlotte_Mecklenburg
37119002202,1278,37119_Charlotte_Mecklenburg
37119002300,3080,37119_Charlotte_Mecklenburg
37119002400,5334,37119_Charlotte_Mecklenburg
37119002500,13570,37119_Charlotte_Mecklenburg
37119002600,4800,37119_Charlotte_Mecklenburg
37119002701,2889,37119_Charlotte_Mecklenburg
37119002702,2095,37119_Charlotte_Mecklenburg
37119002800,1375,37119_Charlotte_Mecklenburg
37119002903,5189,37119_Charlotte_Mecklenburg
37119002905,766,37119_Charlotte_Mecklenburg
37119002907,894,37119_Charlotte_Mecklenburg
37119002908,605,37119_Charlotte_Mecklenburg
37119002909,8846,37119_Charlotte_Mecklenburg
37119002910,7248,37119_Charlotte_Mecklenburg
37119003006,423,37119_Charlotte_Mecklenburg
37119003008,3234,37119_Charlotte_Mecklenburg
37119003012,1160,37119_Charlotte_Mecklenburg
37119003013,938,37119_Charlotte_Mecklenburg
37119003015,501,37119_Charlotte_Mecklenburg
37119003016,616,37119_Charlotte_Mecklenburg
37119003017,333,37119_Charlotte_Mecklenburg
37119003018,970,37119_Charlotte_Mecklenburg
37119003019,251,37119_Charlotte_Mecklenburg
37119003020,1099,37119_Charlotte_Mecklenburg
37119003021,513,37119_Charlotte_Mecklenburg
37119003022,8465,37119_Charlotte_Mecklenburg
37119003102,1565,37119_Charlotte_Mecklenburg
37119003105,697,37119_Charlotte_Mecklenburg
37119003106,537,37119_Charlotte_Mecklenburg
37119003108,465,37119_Charlotte_Mecklenburg
37119003109,347,37119_Charlotte_Mecklenburg
37119003110,1920,37119_Charlotte_Mecklenburg
37119003111,4082,37119_Charlotte_Mecklenburg
37119003201,1739,37119_Charlotte_Mecklenburg
37119003203,119,37119_Charlotte_Mecklenburg
37119003204,2470,37119_Charlotte_Mecklenburg
37119003301,367,37119_Charlotte_Mecklenburg
37119003302,401,37119_Charlotte_Mecklenburg
37119003401,2696,37119_Charlotte_Mecklenburg
37119003402,3208,37119_Charlotte_Mecklenburg
37119003500,17572,37119_Charlotte_Mecklenburg
37119003600,3298,37119_Charlotte_Mecklenburg
37119003701,1588,37119_Charlotte_Mecklenburg
37119003702,3619,37119_Charlotte_Mecklenburg
37119003802,14199,37119_Charlotte_Mecklenburg
37119003805,20287,37119_Charlotte_Mecklenburg
37119003807,7267,37119_Charlotte_Mecklenburg
37119003808,114,37119_Charlotte_Mecklenburg
37119003809,2317,37119_Charlotte_Mecklenburg
37119003810,2746,37119_Charlotte_Mecklenburg
37119003811,859,37119_Charlotte_Mecklenburg
37119003902,985,37119_Charlotte_Mecklenburg
37119003903,6174,37119_Charlotte_Mecklenburg
37119004000,9071,37119_Charlotte_Mecklenburg
37119004101,3857,37119_Charlotte_Mecklenburg
37119004102,1459,37119_Charlotte_Mecklenburg
37119004200,1231,37119_Charlotte_Mecklenburg
37119004302,469,37119_Charlotte_Mecklenburg
37119004303,422,37119_Charlotte_Mecklenburg
37119004304,3887,37119_Charlotte_Mecklenburg
37119004306,1640,37119_Charlotte_Mecklenburg
37119004307,429,37119_Charlotte_Mecklenburg
37119004400,5468,37119_Charlotte_Mecklenburg
37119004500,1096,37119_Charlotte_Mecklenburg
37119004600,586,37119_Charlotte_Mecklenburg
37119004700,418,37119_Charlotte_Mecklenburg
37119004800,576,37119_Charlotte_Mecklenburg
37119004900,934,37119_Charlotte_Mecklenburg
37119005000,57,37119_Charlotte_Mecklenburg
37119005100,6323,37119_Charlotte_Mecklenburg
37119005200,3422,37119_Charlotte_Mecklenburg
37119005301,5255,37119_Charlotte_Mecklenburg
37119005305,256,37119_Charlotte_Mecklenburg
37119005306,2050,37119_Charlotte_Mecklenburg
37119005307,231,37119_Charlotte_Mecklenburg
37119005308,165,37119_Charlotte_Mecklenburg
37119005403,618,37119_Charlotte_Mecklenburg
37119005404,1784,37119_Charlotte_Mecklenburg
37119005405,2148,37119_Charlotte_Mecklenburg
37119005406,1207,37119_Charlotte_Mecklenburg
37119005508,9143,37119_Charlotte_Mecklenburg
37119005510,4636,37119_Charlotte_Mecklenburg
37119005511,1273,37119_Charlotte_Mecklenburg
37119005512,184,37119_Charlotte_Mecklenburg
37119005513,291,37119_Charlotte_Mecklenburg
37119005515,299,37119_Charlotte_Mecklenburg
37119005516,67,37119_Charlotte_Mecklenburg
37119005517,839,37119_Charlotte_Mecklenburg
37119005519,370,37119_Charlotte_Mecklenburg
37119005520,3119,37119_Charlotte_Mecklenburg
37119005522,3872,37119_Charlotte_Mecklenburg
37119005525,654,37119_Charlotte_Mecklenburg
37119005526,336,37119_Charlotte_Mecklenburg
37119005527,275,37119_Charlotte_Mecklenburg
37119005528,442,37119_Charlotte_Mecklenburg
37119005529,381,37119_Charlotte_Mecklenburg
37119005530,887,37119_Charlotte_Mecklenburg
37119005531,649,37119_Charlotte_Mecklenburg
37119005532,192,37119_Charlotte_Mecklenburg
37119005533,14999,37119_Charlotte_Mecklenburg
37119005534,5080,37119_Charlotte_Mecklenburg
37119005535,875,37119_Charlotte_Mecklenburg
37119005536,24398,37119_Charlotte_Mecklenburg
37119005604,7788,37119_Charlotte_Mecklenburg
37119005609,613,37119_Charlotte_Mecklenburg
37119005610,353,37119_Charlotte_Mecklenburg
37119005611,506,37119_Charlotte_Mecklenburg
37119005612,286,37119_Charlotte_Mecklenburg
37119005613,1445,37119_Charlotte_Mecklenburg
37119005615,119,37119_Charlotte_Mecklenburg
37119005616,269,37119_Charlotte_Mecklenburg
37119005617,66,37119_Charlotte_Mecklenburg
37119005618,337,37119_Charlotte_Mecklenburg
37119005619,319,37119_Charlotte_Mecklenburg
37119005621,947,37119_Charlotte_Mecklenburg
37119005622,233,37119_Charlotte_Mecklenburg
37119005623,1075,37119_Charlotte_Mecklenburg
37119005624,86,37119_Charlotte_Mecklenburg
37119005625,192,37119_Charlotte_Mecklenburg
37119005626,137,37119_Charlotte_Mecklenburg
37119005627,910,37119_Charlotte_Mecklenburg
37119005709,3305,37119_Charlotte_Mecklenburg
37119005710,386,37119_Charlotte_Mecklenburg
37119005712,1088,37119_Charlotte_Mecklenburg
37119005713,1190,37119_Charlotte_Mecklenburg
37119005714,1626,37119_Charlotte_Mecklenburg
37119005715,123,37119_Charlotte_Mecklenburg
37119005716,235,37119_Charlotte_Mecklenburg
37119005718,186,37119_Charlotte_Mecklenburg
37119005719,1616,37119_Charlotte_Mecklenburg
37119005720,633,37119_Charlotte_Mecklenburg
37119005721,1522,37119_Charlotte_Mecklenburg
37119005722,82,37119_Charlotte_Mecklenburg
37119005723,705,37119_Charlotte_Mecklenburg
37119005811,863,37119_Charlotte_Mecklenburg
37119005815,2329,37119_Charlotte_Mecklenburg
37119005816,2676,37119_Charlotte_Mecklenburg
37119005817,1329,37119_Charlotte_Mecklenburg
37119005824,11708,37119_Charlotte_Mecklenburg
37119005826,4715,37119_Charlotte_Mecklenburg
37119005827,2105,37119_Charlotte_Mecklenburg
37119005828,952,37119_Charlotte_Mecklenburg
37119005829,4738,37119_Charlotte_Mecklenburg
37119005830,632,37119_Charlotte_Mecklenburg
37119005832,422,37119_Charlotte_Mecklenburg
37119005833,1105,37119_Charlotte_Mecklenburg
37119005834,2874,37119_Charlotte_Mecklenburg
37119005835,378,37119_Charlotte_Mecklenburg
37119005836,137,37119_Charlotte_Mecklenburg
37119005839,3275,37119_Charlotte_Mecklenburg
37119005840,7535,37119_Charlotte_Mecklenburg
37119005843,2645,37119_Charlotte_Mecklenburg
37119005845,2097,37119_Charlotte_Mecklenburg
37119005846,1489,37119_Charlotte_Mecklenburg
37119005847,1460,37119_Charlotte_Mecklenburg
37119005848,1147,37119_Charlotte_Mecklenburg
37119005849,1088,37119_Charlotte_Mecklenburg
37119005850,1784,37119_Charlotte_Mecklenburg
37119005851,1146,37119_Charlotte_Mecklenburg
37119005852,350,37119_Charlotte_Mecklenburg
37119005853,3352,37119_Charlotte_Mecklenburg
37119005854,8413,37119_Charlotte_Mecklenburg
37119005855,2201,37119_Charlotte_Mecklenburg
37119005856,244,37119_Charlotte_Mecklenburg
37119005857,318,37119_Charlotte_Mecklenburg
37119005858,1359,37119_Charlotte_Mecklenburg
37119005859,644,37119_Charlotte_Mecklenburg
37119005860,1143,37119_Charlotte_Mecklenburg
37119005861,486,37119_Charlotte_Mecklenburg
37119005862,258,37119_Charlotte_Mecklenburg
37119005863,775,37119_Charlotte_Mecklenburg
37119005864,1320,37119_Charlotte_Mecklenburg
37119005865,435,37119_Charlotte_Mecklenburg
37119005866,13308,37119_Charlotte_Mecklenburg
37119005867,301,37119_Charlotte_Mecklenburg
37119005868,432,37119_Charlotte_Mecklenburg
37119005908,500,37119_Charlotte_Mecklenburg
37119005910,809,37119_Charlotte_Mecklenburg
37119005913,10931,37119_Charlotte_Mecklenburg
37119005915,3988,37119_Charlotte_Mecklenburg
37119005916,9265,37119_Charlotte_Mecklenburg
37119005918,1657,37119_Charlotte_Mecklenburg
37119005919,13043,37119_Charlotte_Mecklenburg
37119005920,1186,37119_Charlotte_Mecklenburg
37119005921,1524,37119_Charlotte_Mecklenburg
37119005922,185,37119_Charlotte_Mecklenburg
37119005923,868,37119_Charlotte_Mecklenburg
37119005924,3455,37119_Charlotte_Mecklenburg
37119005925,624,37119_Charlotte_Mecklenburg
37119005926,580,37119_Charlotte_Mecklenburg
37119005927,3804,37119_Charlotte_Mecklenburg
37119005928,5122,37119_Charlotte_Mecklenburg
37119005929,798,37119_Charlotte_Mecklenburg
37119005930,4085,37119_Charlotte_Mecklenburg
37119005931,211,37119_Charlotte_Mecklenburg
37119005932,4100,37119_Charlotte_Mecklenburg
37119006005,5439,37119_Charlotte_Mecklenburg
37119006008,154,37119_Charlotte_Mecklenburg
37119006009,282,37119_Charlotte_Mecklenburg
37119006011,349,37119_Charlotte_Mecklenburg
37119006012,855,37119_Charlotte_Mecklenburg
37119006013,288,37119_Charlotte_Mecklenburg
37119006014,229,37119_Charlotte_Mecklenburg
37119006015,395,37119_Charlotte_Mecklenburg
37119006016,2347,37119_Charlotte_Mecklenburg
37119006103,1911,37119_Charlotte_Mecklenburg
37119006105,332,37119_Charlotte_Mecklenburg
37119006108,347,37119_Charlotte_Mecklenburg
37119006109,4472,37119_Charlotte_Mecklenburg
37119006110,939,37119_Charlotte_Mecklenburg
37119006111,462,37119_Charlotte_Mecklenburg
37119006112,3362,37119_Charlotte_Mecklenburg
37119006113,325,37119_Charlotte_Mecklenburg
37119006114,322,37119_Charlotte_Mecklenburg
37119006115,4848,37119_Charlotte_Mecklenburg
37119006208,3364,37119_Charlotte_Mecklenburg
37119006209,5532,37119_Charlotte_Mecklenburg
37119006210,916,37119_Charlotte_Mecklenburg
37119006211,2209,37119_Charlotte_Mecklenburg
37119006212,2413,37119_Charlotte_Mecklenburg
37119006214,239,37119_Charlotte_Mecklenburg
37119006216,572,37119_Charlotte_Mecklenburg
37119006217,1026,37119_Charlotte_Mecklenburg
37119006218,944,37119_Charlotte_Mecklenburg
37119006219,1380,37119_Charlotte_Mecklenburg
37119006220,2233,37119_Charlotte_Mecklenburg
37119006221,160,37119_Charlotte_Mecklenburg
37119006222,429,37119_Charlotte_Mecklenburg
37119006223,400,37119_Charlotte_Mecklenburg
37119006224,7480,37119_Charlotte_Mecklenburg
37119006305,1909,37119_Charlotte_Mecklenburg
37119006306,1793,37119_Charlotte_Mecklenburg
37119006307,1790,37119_Charlotte_Mecklenburg
37119006308,801,37119_Charlotte_Mecklenburg
37119006309,639,37119_Charlotte_Mecklenburg
37119006310,628,37119_Charlotte_Mecklenburg
37119006311,1067,37119_Charlotte_Mecklenburg
37119006403,6414,37119_Charlotte_Mecklenburg
37119006404,1300,37119_Charlotte_Mecklenburg
37119006407,5428,37119_Charlotte_Mecklenburg
37119006408,1117,37119_Charlotte_Mecklenburg
37119006409,976,37119_Charlotte_Mecklenburg
37119006410,490,37119_Charlotte_Mecklenburg
37119006411,636,37119_Charlotte_Mecklenburg
37119980100,18111,37119_Charlotte_Mecklenburg
37119980200,13521,37119_Charlotte_Mecklenburg
37119980300,15182,37119_Charlotte_Mecklenburg
48085030101,423,48085_Dallas_Collin
48085030102,331,48085_Dallas_Collin
48085030201,1271,48085_Dallas_Collin
48085030202,633,48085_Dallas_Collin
48085030204,778,48085_Dallas_Collin
48085030205,419,48085_Dallas_Collin
48085030206,770,48085_Dallas_Collin
48085030207,1400,48085_Dallas_Collin
48085030301,1050,48085_Dallas_Collin
48085030302,945,48085_Dallas_Collin
48085030303,2946,48085_Dallas_Collin
48085030304,6039,48085_Dallas_Collin
48085030306,2191,48085_Dallas_Collin
48085030307,1671,48085_Dallas_Collin
48085030403,1239,48085_Dallas_Collin
48085030404,788,48085_Dallas_Collin
48085030405,11074,48085_Dallas_Collin
48085030406,1753,48085_Dallas_Collin
48085030407,1679,48085_Dallas_Collin
48085030409,933,48085_Dallas_Collin
48085030410,11865,48085_Dallas_Collin
48085030504,18723,48085_Dallas_Collin
48085030505,15180,48085_Dallas_Collin
48085030506,4194,48085_Dallas_Collin
48085030507,1091,48085_Dallas_Collin
48085030509,197,48085_Dallas_Collin
48085030510,226,48085_Dallas_Collin
48085030511,1106,48085_Dallas_Collin
48085030512,1138,48085_Dallas_Collin
48085030515,194,48085_Dallas_Collin
48085030516,839,48085_Dallas_Collin
48085030517,3734,48085_Dallas_Collin
48085030518,1147,48085_Dallas_Collin
48085030519,2016,48085_Dallas_Collin
48085030520,337,48085_Dallas_Collin
48085030521,194,48085_Dallas_Collin
48085030524,1727,48085_Dallas_Collin
48085030525,533,48085_Dallas_Collin
48085030529,493,48085_Dallas_Collin
48085030531,1441,48085_Dallas_Collin
48085030532,390,48085_Dallas_Collin
48085030533,131,48085_Dallas_Collin
48085030534,1052,48085_Dallas_Collin
48085030535,351,48085_Dallas_Collin
48085030536,273,48085_Dallas_Collin
48085030537,229,48085_Dallas_Collin
48085030538,931,48085_Dallas_Collin
48085030539,572,48085_Dallas_Collin
48085030540,78,48085_Dallas_Collin
48085030541,1138,48085_Dallas_Collin
48085030542,4925,48085_Dallas_Collin
48085030543,883,48085_Dallas_Collin
48085030544,1109,48085_Dallas_Collin
48085030545,474,48085_Dallas_Collin
48085030546,761,48085_Dallas_Collin
48085030547,875,48085_Dallas_Collin
48085030548,832,48085_Dallas_Collin
48085030549,294,48085_Dallas_Collin
48085030550,558,48085_Dallas_Collin
48085030604,2668,48085_Dallas_Collin
48085030605,1736,48085_Dallas_Collin
48085030606,1276,48085_Dallas_Collin
48085030607,1911,48085_Dallas_Collin
48085030608,943,48085_Dallas_Collin
48085030609,2536,48085_Dallas_Collin
48085030701,7102,48085_Dallas_Collin
48085030702,7761,48085_Dallas_Collin
48085030801,4312,48085_Dallas_Collin
48085030802,3263,48085_Dallas_Collin
48085030901,3526,48085_Dallas_Collin
48085030902,644,48085_Dallas_Collin
48085030903,5939,48085_Dallas_Collin
48085031003,824,48085_Dallas_Collin
48085031005,1210,48085_Dallas_Collin
48085031006,303,48085_Dallas_Collin
48085031007,1020,48085_Dallas_Collin
48085031008,257,48085_Dallas_Collin
48085031101,1421,48085_Dallas_Collin
48085031102,533,48085_Dallas_Collin
48085031201,1347,48085_Dallas_Collin
48085031202,961,48085_Dallas_Collin
48085031308,2387,48085_Dallas_Collin
48085031314,660,48085_Dallas_Collin
48085031318,448,48085_Dallas_Collin
48085031319,3210,48085_Dallas_Collin
48085031320,777,48085_Dallas_Collin
48085031321,414,48085_Dallas_Collin
48085031322,1586,48085_Dallas_Collin
48085031323,2646,48085_Dallas_Collin
48085031324,526,48085_Dallas_Collin
48085031325,176,48085_Dallas_Collin
48085031326,954,48085_Dallas_Collin
48085031327,2153,48085_Dallas_Collin
48085031328,172,48085_Dallas_Collin
48085031329,332,48085_Dallas_Collin
48085031330,616,48085_Dallas_Collin
48085031331,217,48085_Dallas_Collin
48085031332,151,48085_Dallas_Collin
48085031333,636,48085_Dallas_Collin
48085031334,153,48085_Dallas_Collin
48085031335,579,48085_Dallas_Collin
48085031336,3072,48085_Dallas_Collin
48085031408,723,48085_Dallas_Collin
48085031411,619,48085_Dallas_Collin
48085031412,1397,48085_Dallas_Collin
48085031413,703,48085_Dallas_Collin
48085031414,398,48085_Dallas_Collin
48085031415,614,48085_Dallas_Collin
48085031416,744,48085_Dallas_Collin
48085031417,656,48085_Dallas_Collin
48085031418,4006,48085_Dallas_Collin
48085031419,1006,48085_Dallas_Collin
48085031420,261,48085_Dallas_Collin
48085031421,140,48085_Dallas_Collin
48085031422,3821,48085_Dallas_Collin
48085031423,132,48085_Dallas_Collin
48085031424,537,48085_Dallas_Collin
48085031425,251,48085_Dallas_Collin
48085031504,563,48085_Dallas_Collin
48085031507,4245,48085_Dallas_Collin
48085031508,6039,48085_Dallas_Collin
48085031509,544,48085_Dallas_Collin
48085031510,5020,48085_Dallas_Collin
48085031511,9584,48085_Dallas_Collin
48085031512,499,48085_Dallas_Collin
48085031611,4039,48085_Dallas_Collin
48085031613,1675,48085_Dallas_Collin
48085031621,11618,48085_Dallas_Collin
48085031622,1586,48085_Dallas_Collin
48085031623,4858,48085_Dallas_Collin
48085031624,4731,48085_Dallas_Collin
48085031625,628,48085_Dallas_Collin
48085031626,1043,48085_Dallas_Collin
48085031627,1214,48085_Dallas_Collin
48085031628,286,48085_Dallas_Collin
48085031629,539,48085_Dallas_Collin
48085031630,323,48085_Dallas_Collin
48085031631,802,48085_Dallas_Collin
48085031632,990,48085_Dallas_Collin
48085031633,30,48085_Dallas_Collin
48085031634,122,48085_Dallas_Collin
48085031635,3500,48085_Dallas_Collin
48085031636,1118,48085_Dallas_Collin
48085031639,919,48085_Dallas_Collin
48085031641,870,48085_Dallas_Collin
48085031642,788,48085_Dallas_Collin
48085031643,603,48085_Dallas_Collin
48085031645,1918,48085_Dallas_Collin
48085031646,1692,48085_Dallas_Collin
48085031647,8570,48085_Dallas_Collin
48085031649,17101,48085_Dallas_Collin
48085031654,403,48085_Dallas_Collin
48085031655,2059,48085_Dallas_Collin
48085031657,30467,48085_Dallas_Collin
48085031659,1315,48085_Dallas_Collin
48085031660,960,48085_Dallas_Collin
48085031661,1801,48085_Dallas_Collin
48085031662,407,48085_Dallas_Collin
48085031663,356,48085_Dallas_Collin
48085031664,256,48085_Dallas_Collin
48085031665,590,48085_Dallas_Collin
48085031666,413,48085_Dallas_Collin
48085031667,1882,48085_Dallas_Collin
48085031668,5704,48085_Dallas_Collin
48085031669,1797,48085_Dallas_Collin
48085031670,42105,48085_Dallas_Collin
48085031671,11530,48085_Dallas_Collin
48085031672,15883,48085_Dallas_Collin
48085031673,918,48085_Dallas_Collin
48085031674,1380,48085_Dallas_Collin
48085031675,672,48085_Dallas_Collin
48085031676,1377,48085_Dallas_Collin
48085031677,243,48085_Dallas_Collin
48085031678,549,48085_Dallas_Collin
48085031679,194,48085_Dallas_Collin
48085031680,528,48085_Dallas_Collin
48085031681,753,48085_Dallas_Collin
48085031682,1554,48085_Dallas_Collin
48085031704,1160,48085_Dallas_Collin
48085031706,1278,48085_Dallas_Collin
48085031708,5066,48085_Dallas_Collin
48085031709,2883,48085_Dallas_Collin
48085031711,1153,48085_Dallas_Collin
48085031713,481,48085_Dallas_Collin
48085031715,116,48085_Dallas_Collin
48085031716,1568,48085_Dallas_Collin
48085031717,261,48085_Dallas_Collin
48085031718,1033,48085_Dallas_Collin
48085031719,220,48085_Dallas_Collin
48085031720,311,48085_Dallas_Collin
48085031721,41,48085_Dallas_Collin
48085031722,483,48085_Dallas_Collin
48085031723,97,48085_Dallas_Collin
48085031724,154,48085_Dallas_Collin
48085031806,291,48085_Dallas_Collin
48085031807,17539,48085_Dallas_Collin
48085031808,1871,48085_Dallas_Collin
48085031809,313,48085_Dallas_Collin
48085031810,3885,48085_Dallas_Collin
48085031811,1162,48085_Dallas_Collin
48085031812,1236,48085_Dallas_Collin
48085031813,8864,48085_Dallas_Collin
48085031814,445,48085_Dallas_Collin
48085031815,1255,48085_Dallas_Collin
48085031816,7483,48085_Dallas_Collin
48085031901,7073,48085_Dallas_Collin
48085031902,20166,48085_Dallas_Collin
48085031903,3239,48085_Dallas_Collin
48085031904,8470,48085_Dallas_Collin
48085032003,1823,48085_Dallas_Collin
48085032008,484,48085_Dallas_Collin
48085032010,2249,48085_Dallas_Collin
48085032012,712,48085_Dallas_Collin
48085032013,2764,48085_Dallas_Collin
48085032014,192,48085_Dallas_Collin
48085032015,248,48085_Dallas_Collin
48085032016,2323,48085_Dallas_Collin
48085032017,190,48085_Dallas_Collin
48085032018,66,48085_Dallas_Collin
48085032019,7578,48085_Dallas_Collin
17031010100,245,17031_Chicago_Cook
17031010201,81,17031_Chicago_Cook
17031010202,616,17031_Chicago_Cook
17031010300,967,17031_Chicago_Cook
17031010400,4537,17031_Chicago_Cook
17031010501,174,17031_Chicago_Cook
17031010502,193,17031_Chicago_Cook
17031010503,248,17031_Chicago_Cook
17031010600,888,17031_Chicago_Cook
17031010701,212,17031_Chicago_Cook
17031010702,1682,17031_Chicago_Cook
17031020100,350,17031_Chicago_Cook
17031020200,1246,17031_Chicago_Cook
17031020301,459,17031_Chicago_Cook
17031020302,618,17031_Chicago_Cook
17031020400,179,17031_Chicago_Cook
17031020500,386,17031_Chicago_Cook
17031020601,402,17031_Chicago_Cook
17031020602,1646,17031_Chicago_Cook
17031020701,1229,17031_Chicago_Cook
17031020702,996,17031_Chicago_Cook
17031020801,693,17031_Chicago_Cook
17031020802,1618,17031_Chicago_Cook
17031020901,248,17031_Chicago_Cook
17031020902,1737,17031_Chicago_Cook
17031030101,342,17031_Chicago_Cook
17031030102,183,17031_Chicago_Cook
17031030103,489,17031_Chicago_Cook
17031030104,45,17031_Chicago_Cook
17031030200,1200,17031_Chicago_Cook
17031030300,179,17031_Chicago_Cook
17031030400,424,17031_Chicago_Cook
17031030500,628,17031_Chicago_Cook
17031030601,249,17031_Chicago_Cook
17031030603,128,17031_Chicago_Cook
17031030604,107,17031_Chicago_Cook
17031030701,395,17031_Chicago_Cook
17031030702,301,17031_Chicago_Cook
17031030703,437,17031_Chicago_Cook
17031030706,507,17031_Chicago_Cook
17031030800,845,17031_Chicago_Cook
17031030900,1074,17031_Chicago_Cook
17031031000,762,17031_Chicago_Cook
17031031100,1264,17031_Chicago_Cook
17031031200,1078,17031_Chicago_Cook
17031031300,652,17031_Chicago_Cook
17031031400,1342,17031_Chicago_Cook
17031031501,384,17031_Chicago_Cook
17031031502,382,17031_Chicago_Cook
17031031700,850,17031_Chicago_Cook
17031031800,846,17031_Chicago_Cook
17031031900,577,17031_Chicago_Cook
17031032100,2049,17031_Chicago_Cook
17031040100,1155,17031_Chicago_Cook
17031040201,3696,17031_Chicago_Cook
17031040202,511,17031_Chicago_Cook
17031040300,412,17031_Chicago_Cook
17031040401,314,17031_Chicago_Cook
17031040402,844,17031_Chicago_Cook
17031040600,808,17031_Chicago_Cook
17031040700,676,17031_Chicago_Cook
17031040800,761,17031_Chicago_Cook
17031040900,622,17031_Chicago_Cook
17031050100,1055,17031_Chicago_Cook
17031050200,1529,17031_Chicago_Cook
17031050300,641,17031_Chicago_Cook
17031050500,579,17031_Chicago_Cook
17031050600,3004,17031_Chicago_Cook
17031050700,240,17031_Chicago_Cook
17031050800,225,17031_Chicago_Cook
17031050900,85,17031_Chicago_Cook
17031051000,300,17031_Chicago_Cook
17031051100,313,17031_Chicago_Cook
17031051200,128,17031_Chicago_Cook
17031051300,332,17031_Chicago_Cook
17031051400,191,17031_Chicago_Cook
17031060100,289,17031_Chicago_Cook
17031060200,807,17031_Chicago_Cook
17031060300,480,17031_Chicago_Cook
17031060400,776,17031_Chicago_Cook
17031060500,236,17031_Chicago_Cook
17031060800,576,17031_Chicago_Cook
17031060900,818,17031_Chicago_Cook
17031061000,426,17031_Chicago_Cook
17031061100,1462,17031_Chicago_Cook
17031061200,262,17031_Chicago_Cook
17031061500,804,17031_Chicago_Cook
17031061800,288,17031_Chicago_Cook
17031061901,446,17031_Chicago_Cook
17031061902,304,17031_Chicago_Cook
17031062000,534,17031_Chicago_Cook
17031062100,988,17031_Chicago_Cook
17031062200,362,17031_Chicago_Cook
17031062300,333,17031_Chicago_Cook
17031062400,549,17031_Chicago_Cook
17031062500,1001,17031_Chicago_Cook
17031062600,943,17031_Chicago_Cook
17031062700,1046,17031_Chicago_Cook
17031062800,723,17031_Chicago_Cook
17031062900,956,17031_Chicago_Cook
17031063000,4085,17031_Chicago_Cook
17031063100,1074,17031_Chicago_Cook
17031063200,675,17031_Chicago_Cook
17031063301,334,17031_Chicago_Cook
17031063302,372,17031_Chicago_Cook
17031063303,660,17031_Chicago_Cook
17031063400,743,17031_Chicago_Cook
17031070101,612,17031_Chicago_Cook
17031070102,735,17031_Chicago_Cook
17031070103,270,17031_Chicago_Cook
17031070200,3460,17031_Chicago_Cook
17031070300,1054,17031_Chicago_Cook
17031070400,837,17031_Chicago_Cook
17031070500,1277,17031_Chicago_Cook
17031070600,597,17031_Chicago_Cook
17031070700,1976,17031_Chicago_Cook
17031071000,557,17031_Chicago_Cook
17031071100,1775,17031_Chicago_Cook
17031071200,1399,17031_Chicago_Cook
17031071300,398,17031_Chicago_Cook
17031071400,1738,17031_Chicago_Cook
17031071500,1345,17031_Chicago_Cook
17031071600,158,17031_Chicago_Cook
17031071700,82,17031_Chicago_Cook
17031071800,778,17031_Chicago_Cook
17031080100,891,17031_Chicago_Cook
17031080201,1216,17031_Chicago_Cook
17031080202,962,17031_Chicago_Cook
17031080300,2370,17031_Chicago_Cook
17031080400,905,17031_Chicago_Cook
17031081000,3528,17031_Chicago_Cook
17031081100,3211,17031_Chicago_Cook
17031081201,10042,17031_Chicago_Cook
17031081202,1271,17031_Chicago_Cook
17031081300,6894,17031_Chicago_Cook
17031081401,31062,17031_Chicago_Cook
17031081402,2096,17031_Chicago_Cook
17031081403,22209,17031_Chicago_Cook
17031081500,27570,17031_Chicago_Cook
17031081600,4612,17031_Chicago_Cook
17031081700,26017,17031_Chicago_Cook
17031081800,34893,17031_Chicago_Cook
17031081900,247,17031_Chicago_Cook
17031090100,438,17031_Chicago_Cook
17031090200,928,17031_Chicago_Cook
17031090300,1318,17031_Chicago_Cook
17031100100,1870,17031_Chicago_Cook
17031100200,1181,17031_Chicago_Cook
17031100300,689,17031_Chicago_Cook
17031100400,4064,17031_Chicago_Cook
17031100500,1239,17031_Chicago_Cook
17031100600,953,17031_Chicago_Cook
17031100700,226,17031_Chicago_Cook
17031110100,1828,17031_Chicago_Cook
17031110200,1218,17031_Chicago_Cook
17031110300,217,17031_Chicago_Cook
17031110400,434,17031_Chicago_Cook
17031110501,353,17031_Chicago_Cook
17031110502,1514,17031_Chicago_Cook
17031120100,658,17031_Chicago_Cook
17031120200,1695,17031_Chicago_Cook
17031120300,1715,17031_Chicago_Cook
17031120400,528,17031_Chicago_Cook
17031130100,2477,17031_Chicago_Cook
17031130200,1448,17031_Chicago_Cook
17031130300,344,17031_Chicago_Cook
17031140100,241,17031_Chicago_Cook
17031140200,1235,17031_Chicago_Cook
17031140301,166,17031_Chicago_Cook
17031140302,526,17031_Chicago_Cook
17031140400,1645,17031_Chicago_Cook
17031140500,418,17031_Chicago_Cook
17031140601,166,17031_Chicago_Cook
17031140602,123,17031_Chicago_Cook
17031140701,282,17031_Chicago_Cook
17031140702,465,17031_Chicago_Cook
17031140800,577,17031_Chicago_Cook
17031150200,1178,17031_Chicago_Cook
17031150300,1113,17031_Chicago_Cook
17031150401,342,17031_Chicago_Cook
17031150402,457,17031_Chicago_Cook
17031150501,116,17031_Chicago_Cook
17031150502,392,17031_Chicago_Cook
17031150600,416,17031_Chicago_Cook
17031150700,251,17031_Chicago_Cook
17031150800,569,17031_Chicago_Cook
17031151001,77,17031_Chicago_Cook
17031151002,1040,17031_Chicago_Cook
17031151100,297,17031_Chicago_Cook
17031151200,1031,17031_Chicago_Cook
17031160100,274,17031_Chicago_Cook
17031160200,1800,17031_Chicago_Cook
17031160300,200,17031_Chicago_Cook
17031160400,1363,17031_Chicago_Cook
17031160501,180,17031_Chicago_Cook
17031160502,170,17031_Chicago_Cook
17031160601,477,17031_Chicago_Cook
17031160602,276,17031_Chicago_Cook
17031160700,2138,17031_Chicago_Cook
17031160800,779,17031_Chicago_Cook
17031160900,995,17031_Chicago_Cook
17031161000,460,17031_Chicago_Cook
17031161100,419,17031_Chicago_Cook
17031161200,1018,17031_Chicago_Cook
17031161300,543,17031_Chicago_Cook
17031170100,2697,17031_Chicago_Cook
17031170200,197,17031_Chicago_Cook
17031170300,625,17031_Chicago_Cook
17031170400,212,17031_Chicago_Cook
17031170500,167,17031_Chicago_Cook
17031170600,131,17031_Chicago_Cook
17031170700,201,17031_Chicago_Cook
17031170800,285,17031_Chicago_Cook
17031170900,126,17031_Chicago_Cook
17031171000,641,17031_Chicago_Cook
17031171100,221,17031_Chicago_Cook
17031180100,556,17031_Chicago_Cook
17031190100,689,17031_Chicago_Cook
17031190200,455,17031_Chicago_Cook
17031190300,487,17031_Chicago_Cook
17031190401,199,17031_Chicago_Cook
17031190402,328,17031_Chicago_Cook
17031190601,79,17031_Chicago_Cook
17031190602,714,17031_Chicago_Cook
17031190701,246,17031_Chicago_Cook
17031190702,301,17031_Chicago_Cook
17031190800,582,17031_Chicago_Cook
17031190900,210,17031_Chicago_Cook
17031191000,762,17031_Chicago_Cook
17031191100,1349,17031_Chicago_Cook
17031191200,154,17031_Chicago_Cook
17031191301,405,17031_Chicago_Cook
17031191302,463,17031_Chicago_Cook
17031200100,483,17031_Chicago_Cook
17031200200,1101,17031_Chicago_Cook
17031200300,206,17031_Chicago_Cook
17031200401,1163,17031_Chicago_Cook
17031200402,386,17031_Chicago_Cook
17031210100,2243,17031_Chicago_Cook
17031210400,597,17031_Chicago_Cook
17031210501,718,17031_Chicago_Cook
17031210502,361,17031_Chicago_Cook
17031210601,126,17031_Chicago_Cook
17031210602,1108,17031_Chicago_Cook
17031210700,551,17031_Chicago_Cook
17031210800,307,17031_Chicago_Cook
17031210900,601,17031_Chicago_Cook
17031220300,108,17031_Chicago_Cook
17031220400,478,17031_Chicago_Cook
17031220500,984,17031_Chicago_Cook
17031220601,235,17031_Chicago_Cook
17031220602,675,17031_Chicago_Cook
17031220701,304,17031_Chicago_Cook
17031220702,1063,17031_Chicago_Cook
17031220901,132,17031_Chicago_Cook
17031220902,450,17031_Chicago_Cook
17031221000,177,17031_Chicago_Cook
17031221100,470,17031_Chicago_Cook
17031221200,428,17031_Chicago_Cook
17031221300,829,17031_Chicago_Cook
17031221400,1281,17031_Chicago_Cook
17031221500,512,17031_Chicago_Cook
17031221600,1813,17031_Chicago_Cook
17031222200,412,17031_Chicago_Cook
17031222500,85,17031_Chicago_Cook
17031222600,77,17031_Chicago_Cook
17031222700,242,17031_Chicago_Cook
17031222800,61,17031_Chicago_Cook
17031222900,121,17031_Chicago_Cook
17031230100,34,17031_Chicago_Cook
17031230200,194,17031_Chicago_Cook
17031230300,205,17031_Chicago_Cook
17031230400,123,17031_Chicago_Cook
17031230500,625,17031_Chicago_Cook
17031230600,872,17031_Chicago_Cook
17031230700,449,17031_Chicago_Cook
17031230800,210,17031_Chicago_Cook
17031230900,228,17031_Chicago_Cook
17031231100,175,17031_Chicago_Cook
17031231200,452,17031_Chicago_Cook
17031231500,1649,17031_Chicago_Cook
17031240200,182,17031_Chicago_Cook
17031240300,686,17031_Chicago_Cook
17031240500,897,17031_Chicago_Cook
17031240600,203,17031_Chicago_Cook
17031240700,120,17031_Chicago_Cook
17031240800,150,17031_Chicago_Cook
17031240900,1488,17031_Chicago_Cook
17031241000,766,17031_Chicago_Cook
17031241100,314,17031_Chicago_Cook
17031241200,497,17031_Chicago_Cook
17031241300,339,17031_Chicago_Cook
17031241400,2311,17031_Chicago_Cook
17031241500,1808,17031_Chicago_Cook
17031241600,2438,17031_Chicago_Cook
17031242000,772,17031_Chicago_Cook
17031242100,940,17031_Chicago_Cook
17031242200,1010,17031_Chicago_Cook
17031242300,397,17031_Chicago_Cook
17031242400,1416,17031_Chicago_Cook
17031242500,277,17031_Chicago_Cook
17031242600,807,17031_Chicago_Cook
17031242700,237,17031_Chicago_Cook
17031242800,582,17031_Chicago_Cook
17031242900,618,17031_Chicago_Cook
17031243000,1302,17031_Chicago_Cook
17031243100,2011,17031_Chicago_Cook
17031243200,1937,17031_Chicago_Cook
17031243300,4609,17031_Chicago_Cook
17031243400,809,17031_Chicago_Cook
17031243500,4511,17031_Chicago_Cook
17031250200,181,17031_Chicago_Cook
17031250300,214,17031_Chicago_Cook
17031250400,571,17031_Chicago_Cook
17031250500,1341,17031_Chicago_Cook
17031250600,180,17031_Chicago_Cook
17031250700,85,17031_Chicago_Cook
17031250800,672,17031_Chicago_Cook
17031251000,399,17031_Chicago_Cook
17031251100,88,17031_Chicago_Cook
17031251200,104,17031_Chicago_Cook
17031251300,155,17031_Chicago_Cook
17031251400,169,17031_Chicago_Cook
17031251500,237,17031_Chicago_Cook
17031251600,215,17031_Chicago_Cook
17031251700,92,17031_Chicago_Cook
17031251800,748,17031_Chicago_Cook
17031251900,251,17031_Chicago_Cook
17031252000,874,17031_Chicago_Cook
17031252101,199,17031_Chicago_Cook
17031252102,195,17031_Chicago_Cook
17031252201,402,17031_Chicago_Cook
17031252202,709,17031_Chicago_Cook
17031260100,200,17031_Chicago_Cook
17031260200,2298,17031_Chicago_Cook
17031260300,209,17031_Chicago_Cook
17031260400,172,17031_Chicago_Cook
17031260500,150,17031_Chicago_Cook
17031260600,53,17031_Chicago_Cook
17031260700,39,17031_Chicago_Cook
17031260800,74,17031_Chicago_Cook
17031260900,151,17031_Chicago_Cook
17031261000,195,17031_Chicago_Cook
17031270500,134,17031_Chicago_Cook
17031271200,224,17031_Chicago_Cook
17031271400,442,17031_Chicago_Cook
17031271500,72,17031_Chicago_Cook
17031271800,118,17031_Chicago_Cook
17031280100,26444,17031_Chicago_Cook
17031280400,2960,17031_Chicago_Cook
17031280800,67,17031_Chicago_Cook
17031280900,82,17031_Chicago_Cook
17031281900,35711,17031_Chicago_Cook
17031282700,385,17031_Chicago_Cook
17031282800,250,17031_Chicago_Cook
17031283100,401,17031_Chicago_Cook
17031283200,111,17031_Chicago_Cook
17031283800,176,17031_Chicago_Cook
17031290900,340,17031_Chicago_Cook
17031291200,63,17031_Chicago_Cook
17031291600,161,17031_Chicago_Cook
17031292200,3,17031_Chicago_Cook
17031292400,322,17031_Chicago_Cook
17031292500,1330,17031_Chicago_Cook
17031300500,255,17031_Chicago_Cook
17031300600,373,17031_Chicago_Cook
17031300700,307,17031_Chicago_Cook
17031300800,215,17031_Chicago_Cook
17031300900,472,17031_Chicago_Cook
17031301100,73,17031_Chicago_Cook
17031301200,369,17031_Chicago_Cook
17031301600,154,17031_Chicago_Cook
17031301701,302,17031_Chicago_Cook
17031301702,112,17031_Chicago_Cook
17031301801,331,17031_Chicago_Cook
17031301802,372,17031_Chicago_Cook
17031301803,387,17031_Chicago_Cook
17031310200,1474,17031_Chicago_Cook
17031310300,877,17031_Chicago_Cook
17031310400,124,17031_Chicago_Cook
17031310500,803,17031_Chicago_Cook
17031310600,1429,17031_Chicago_Cook
17031310700,138,17031_Chicago_Cook
17031310800,672,17031_Chicago_Cook
17031310900,1094,17031_Chicago_Cook
17031320101,15468,17031_Chicago_Cook
17031320102,74539,17031_Chicago_Cook
17031320400,42093,17031_Chicago_Cook
17031320600,4335,17031_Chicago_Cook
17031330101,4654,17031_Chicago_Cook
17031330102,3589,17031_Chicago_Cook
17031330103,1821,17031_Chicago_Cook
17031330200,759,17031_Chicago_Cook
17031340300,56,17031_Chicago_Cook
17031340400,171,17031_Chicago_Cook
17031340500,197,17031_Chicago_Cook
17031340600,1852,17031_Chicago_Cook
17031350100,89,17031_Chicago_Cook
17031350400,25,17031_Chicago_Cook
17031351000,784,17031_Chicago_Cook
17031351100,311,17031_Chicago_Cook
17031351400,455,17031_Chicago_Cook
17031351500,74,17031_Chicago_Cook
17031360200,5,17031_Chicago_Cook
17031380100,103,17031_Chicago_Cook
17031380200,130,17031_Chicago_Cook
17031380600,505,17031_Chicago_Cook
17031381200,382,17031_Chicago_Cook
17031381400,27,17031_Chicago_Cook
17031381500,48,17031_Chicago_Cook
17031381700,64,17031_Chicago_Cook
17031381800,141,17031_Chicago_Cook
17031381900,1064,17031_Chicago_Cook
17031390100,272,17031_Chicago_Cook
17031390200,216,17031_Chicago_Cook
17031390300,234,17031_Chicago_Cook
17031390400,112,17031_Chicago_Cook
17031390500,94,17031_Chicago_Cook
17031390600,121,17031_Chicago_Cook
17031390700,283,17031_Chicago_Cook
17031400300,146,17031_Chicago_Cook
17031400400,46,17031_Chicago_Cook
17031400500,27,17031_Chicago_Cook
17031400800,196,17031_Chicago_Cook
17031410100,546,17031_Chicago_Cook
17031410200,21,17031_Chicago_Cook
17031410500,283,17031_Chicago_Cook
17031410600,601,17031_Chicago_Cook
17031410700,407,17031_Chicago_Cook
17031410800,1216,17031_Chicago_Cook
17031410900,775,17031_Chicago_Cook
17031411000,592,17031_Chicago_Cook
17031411100,189,17031_Chicago_Cook
17031411200,311,17031_Chicago_Cook
17031420100,29,17031_Chicago_Cook
17031420200,867,17031_Chicago_Cook
17031420300,61,17031_Chicago_Cook
17031420400,466,17031_Chicago_Cook
17031420500,187,17031_Chicago_Cook
17031420600,145,17031_Chicago_Cook
17031420700,93,17031_Chicago_Cook
17031420800,162,17031_Chicago_Cook
17031421200,153,17031_Chicago_Cook
17031430101,135,17031_Chicago_Cook
17031430102,32,17031_Chicago_Cook
17031430200,198,17031_Chicago_Cook
17031430300,145,17031_Chicago_Cook
17031430400,251,17031_Chicago_Cook
17031430500,287,17031_Chicago_Cook
17031430600,231,17031_Chicago_Cook
17031430700,212,17031_Chicago_Cook
17031430800,37,17031_Chicago_Cook
17031430900,40,17031_Chicago_Cook
17031431200,173,17031_Chicago_Cook
17031431301,51,17031_Chicago_Cook
17031431302,124,17031_Chicago_Cook
17031431400,448,17031_Chicago_Cook
17031440101,47,17031_Chicago_Cook
17031440102,313,17031_Chicago_Cook
17031440201,123,17031_Chicago_Cook
17031440202,248,17031_Chicago_Cook
17031440300,271,17031_Chicago_Cook
17031440600,47,17031_Chicago_Cook
17031440700,23,17031_Chicago_Cook
17031440800,33,17031_Chicago_Cook
17031440900,52,17031_Chicago_Cook
17031450300,2615,17031_Chicago_Cook
17031460100,130,17031_Chicago_Cook
17031460200,138,17031_Chicago_Cook
17031460301,217,17031_Chicago_Cook
17031460302,270,17031_Chicago_Cook
17031460400,45,17031_Chicago_Cook
17031460500,473,17031_Chicago_Cook
17031460800,68,17031_Chicago_Cook
17031461000,1004,17031_Chicago_Cook
17031470100,1701,17031_Chicago_Cook
17031480100,286,17031_Chicago_Cook
17031480200,225,17031_Chicago_Cook
17031480300,123,17031_Chicago_Cook
17031480400,1674,17031_Chicago_Cook
17031480500,197,17031_Chicago_Cook
17031490200,94,17031_Chicago_Cook
17031490500,39,17031_Chicago_Cook
17031490600,18,17031_Chicago_Cook
17031490700,35,17031_Chicago_Cook
17031490800,337,17031_Chicago_Cook
17031490901,67,17031_Chicago_Cook
17031490902,191,17031_Chicago_Cook
17031491000,72,17031_Chicago_Cook
17031491100,290,17031_Chicago_Cook
17031491200,120,17031_Chicago_Cook
17031491300,436,17031_Chicago_Cook
17031491400,175,17031_Chicago_Cook
17031500100,1145,17031_Chicago_Cook
17031500200,1334,17031_Chicago_Cook
17031500300,428,17031_Chicago_Cook
17031510100,301,17031_Chicago_Cook
17031510200,119,17031_Chicago_Cook
17031510300,1157,17031_Chicago_Cook
17031520100,386,17031_Chicago_Cook
17031520200,178,17031_Chicago_Cook
17031520300,521,17031_Chicago_Cook
17031520400,267,17031_Chicago_Cook
17031520500,144,17031_Chicago_Cook
17031520600,264,17031_Chicago_Cook
17031530100,142,17031_Chicago_Cook
17031530200,142,17031_Chicago_Cook
17031530300,105,17031_Chicago_Cook
17031530400,396,17031_Chicago_Cook
17031530501,150,17031_Chicago_Cook
17031530502,36,17031_Chicago_Cook
17031530503,131,17031_Chicago_Cook
17031530600,19,17031_Chicago_Cook
17031540101,94,17031_Chicago_Cook
17031540102,663,17031_Chicago_Cook
17031550100,1321,17031_Chicago_Cook
17031550200,186,17031_Chicago_Cook
17031560100,536,17031_Chicago_Cook
17031560200,94,17031_Chicago_Cook
17031560300,210,17031_Chicago_Cook
17031560400,286,17031_Chicago_Cook
17031560700,791,17031_Chicago_Cook
17031560800,1229,17031_Chicago_Cook
17031560900,636,17031_Chicago_Cook
17031561000,701,17031_Chicago_Cook
17031561100,244,17031_Chicago_Cook
17031570100,4015,17031_Chicago_Cook
17031570200,3435,17031_Chicago_Cook
17031570300,1585,17031_Chicago_Cook
17031570400,578,17031_Chicago_Cook
17031570500,155,17031_Chicago_Cook
17031580100,619,17031_Chicago_Cook
17031580200,589,17031_Chicago_Cook
17031580300,723,17031_Chicago_Cook
17031580400,625,17031_Chicago_Cook
17031580501,204,17031_Chicago_Cook
17031580502,2143,17031_Chicago_Cook
17031580600,268,17031_Chicago_Cook
17031580700,109,17031_Chicago_Cook
17031580800,96,17031_Chicago_Cook
17031590500,293,17031_Chicago_Cook
17031590600,42,17031_Chicago_Cook
17031590700,1444,17031_Chicago_Cook
17031600400,587,17031_Chicago_Cook
17031600600,232,17031_Chicago_Cook
17031600700,150,17031_Chicago_Cook
17031600900,175,17031_Chicago_Cook
17031610300,2179,17031_Chicago_Cook
17031610400,119,17031_Chicago_Cook
17031610800,58,17031_Chicago_Cook
17031611200,390,17031_Chicago_Cook
17031611300,309,17031_Chicago_Cook
17031611400,141,17031_Chicago_Cook
17031611500,271,17031_Chicago_Cook
17031611600,83,17031_Chicago_Cook
17031611700,320,17031_Chicago_Cook
17031611800,58,17031_Chicago_Cook
17031611900,84,17031_Chicago_Cook
17031612000,3,17031_Chicago_Cook
17031612100,25,17031_Chicago_Cook
17031612200,330,17031_Chicago_Cook
17031620100,482,17031_Chicago_Cook
17031620200,695,17031_Chicago_Cook
17031620300,287,17031_Chicago_Cook
17031620400,80,17031_Chicago_Cook
17031630300,2712,17031_Chicago_Cook
17031630400,289,17031_Chicago_Cook
17031630500,191,17031_Chicago_Cook
17031630600,876,17031_Chicago_Cook
17031630800,356,17031_Chicago_Cook
17031630900,250,17031_Chicago_Cook
17031640100,105,17031_Chicago_Cook
17031640300,501,17031_Chicago_Cook
17031640400,946,17031_Chicago_Cook
17031640500,115,17031_Chicago_Cook
17031640600,335,17031_Chicago_Cook
17031640700,364,17031_Chicago_Cook
17031640800,648,17031_Chicago_Cook
17031650100,296,17031_Chicago_Cook
17031650200,1373,17031_Chicago_Cook
17031650301,514,17031_Chicago_Cook
17031650302,265,17031_Chicago_Cook
17031650400,330,17031_Chicago_Cook
17031650500,5657,17031_Chicago_Cook
17031660301,93,17031_Chicago_Cook
17031660302,204,17031_Chicago_Cook
17031660400,169,17031_Chicago_Cook
17031660500,228,17031_Chicago_Cook
17031660600,245,17031_Chicago_Cook
17031660700,381,17031_Chicago_Cook
17031660800,86,17031_Chicago_Cook
17031660900,982,17031_Chicago_Cook
17031661000,492,17031_Chicago_Cook
17031661100,166,17031_Chicago_Cook
17031670100,9,17031_Chicago_Cook
17031670200,32,17031_Chicago_Cook
17031670300,290,17031_Chicago_Cook
17031670400,13,17031_Chicago_Cook
17031670500,32,17031_Chicago_Cook
17031670600,5,17031_Chicago_Cook
17031670700,188,17031_Chicago_Cook
17031670800,63,17031_Chicago_Cook
17031670900,17,17031_Chicago_Cook
17031671100,95,17031_Chicago_Cook
17031671200,90,17031_Chicago_Cook
17031671300,29,17031_Chicago_Cook
17031671400,32,17031_Chicago_Cook
17031671500,310,17031_Chicago_Cook
17031671600,33,17031_Chicago_Cook
17031671800,22,17031_Chicago_Cook
17031671900,54,17031_Chicago_Cook
17031672000,122,17031_Chicago_Cook
17031680600,6,17031_Chicago_Cook
17031680900,791,17031_Chicago_Cook
17031681000,197,17031_Chicago_Cook
17031681100,96,17031_Chicago_Cook
17031681200,56,17031_Chicago_Cook
17031681300,30,17031_Chicago_Cook
17031681400,41,17031_Chicago_Cook
17031690300,750,17031_Chicago_Cook
17031690400,137,17031_Chicago_Cook
17031690500,67,17031_Chicago_Cook
17031690900,116,17031_Chicago_Cook
17031691000,188,17031_Chicago_Cook
17031691100,61,17031_Chicago_Cook
17031691200,294,17031_Chicago_Cook
17031691300,183,17031_Chicago_Cook
17031691400,338,17031_Chicago_Cook
17031691500,282,17031_Chicago_Cook
17031700100,918,17031_Chicago_Cook
17031700200,1242,17031_Chicago_Cook
17031700301,804,17031_Chicago_Cook
17031700302,199,17031_Chicago_Cook
17031700401,254,17031_Chicago_Cook
17031700402,303,17031_Chicago_Cook
17031700501,469,17031_Chicago_Cook
17031700502,159,17031_Chicago_Cook
17031710100,28,17031_Chicago_Cook
17031710200,62,17031_Chicago_Cook
17031710300,448,17031_Chicago_Cook
17031710400,102,17031_Chicago_Cook
17031710500,298,17031_Chicago_Cook
17031710600,29,17031_Chicago_Cook
17031710700,247,17031_Chicago_Cook
17031710800,324,17031_Chicago_Cook
17031710900,330,17031_Chicago_Cook
17031711000,121,17031_Chicago_Cook
17031711100,120,17031_Chicago_Cook
17031711200,173,17031_Chicago_Cook
17031711300,193,17031_Chicago_Cook
17031711400,197,17031_Chicago_Cook
17031711500,6,17031_Chicago_Cook
17031720100,628,17031_Chicago_Cook
17031720200,1307,17031_Chicago_Cook
17031720300,1548,17031_Chicago_Cook
17031720400,355,17031_Chicago_Cook
17031720500,472,17031_Chicago_Cook
17031720600,277,17031_Chicago_Cook
17031720700,165,17031_Chicago_Cook
17031730100,55,17031_Chicago_Cook
17031730201,303,17031_Chicago_Cook
17031730202,226,17031_Chicago_Cook
17031730300,232,17031_Chicago_Cook
17031730400,337,17031_Chicago_Cook
17031730500,138,17031_Chicago_Cook
17031730600,85,17031_Chicago_Cook
17031730700,190,17031_Chicago_Cook
17031740100,611,17031_Chicago_Cook
17031740200,1970,17031_Chicago_Cook
17031740300,367,17031_Chicago_Cook
17031740400,531,17031_Chicago_Cook
17031750100,174,17031_Chicago_Cook
17031750200,427,17031_Chicago_Cook
17031750300,309,17031_Chicago_Cook
17031750400,539,17031_Chicago_Cook
17031750500,1695,17031_Chicago_Cook
17031750600,470,17031_Chicago_Cook
17031760801,13089,17031_Chicago_Cook
17031760802,1076,17031_Chicago_Cook
17031760803,716,17031_Chicago_Cook
17031770201,2244,17031_Chicago_Cook
17031770202,10848,17031_Chicago_Cook
17031770300,10216,17031_Chicago_Cook
17031770400,16780,17031_Chicago_Cook
17031770500,10909,17031_Chicago_Cook
17031770601,4003,17031_Chicago_Cook
17031770602,9247,17031_Chicago_Cook
17031770700,24523,17031_Chicago_Cook
17031770800,4168,17031_Chicago_Cook
17031770901,735,17031_Chicago_Cook
17031770902,395,17031_Chicago_Cook
17031800100,285,17031_Chicago_Cook
17031800200,2500,17031_Chicago_Cook
17031800300,1138,17031_Chicago_Cook
17031800400,1395,17031_Chicago_Cook
17031800500,2071,17031_Chicago_Cook
17031800600,613,17031_Chicago_Cook
17031800700,1224,17031_Chicago_Cook
17031800800,2221,17031_Chicago_Cook
17031800900,744,17031_Chicago_Cook
17031801000,939,17031_Chicago_Cook
17031801100,1202,17031_Chicago_Cook
17031801200,585,17031_Chicago_Cook
17031801300,2113,17031_Chicago_Cook
17031801400,364,17031_Chicago_Cook
17031801500,14698,17031_Chicago_Cook
17031801601,13533,17031_Chicago_Cook
17031801603,7255,17031_Chicago_Cook
17031801605,1175,17031_Chicago_Cook
17031801606,3541,17031_Chicago_Cook
17031801607,5122,17031_Chicago_Cook
17031801608,6583,17031_Chicago_Cook
17031801701,446,17031_Chicago_Cook
17031801702,2497,17031_Chicago_Cook
17031801800,8996,17031_Chicago_Cook
17031801901,4033,17031_Chicago_Cook
17031801902,678,17031_Chicago_Cook
17031802002,1368,17031_Chicago_Cook
17031802003,597,17031_Chicago_Cook
17031802004,1399,17031_Chicago_Cook
17031802100,1002,17031_Chicago_Cook
17031802200,2485,17031_Chicago_Cook
17031802300,4749,17031_Chicago_Cook
17031802402,3179,17031_Chicago_Cook
17031802403,186,17031_Chicago_Cook
17031802404,1748,17031_Chicago_Cook
17031802503,383,17031_Chicago_Cook
17031802504,2754,17031_Chicago_Cook
17031802505,12530,17031_Chicago_Cook
17031802506,709,17031_Chicago_Cook
17031802605,1506,17031_Chicago_Cook
17031802607,767,17031_Chicago_Cook
17031802608,1537,17031_Chicago_Cook
17031802609,5611,17031_Chicago_Cook
17031802610,127,17031_Chicago_Cook
17031802701,1950,17031_Chicago_Cook
17031802702,5291,17031_Chicago_Cook
17031802801,1114,17031_Chicago_Cook
17031802802,1855,17031_Chicago_Cook
17031802900,1952,17031_Chicago_Cook
17031803005,7150,17031_Chicago_Cook
17031803007,511,17031_Chicago_Cook
17031803008,1020,17031_Chicago_Cook
17031803010,1065,17031_Chicago_Cook
17031803012,1743,17031_Chicago_Cook
17031803013,817,17031_Chicago_Cook
17031803014,411,17031_Chicago_Cook
17031803015,361,17031_Chicago_Cook
17031803016,422,17031_Chicago_Cook
17031803017,973,17031_Chicago_Cook
17031803100,466,17031_Chicago_Cook
17031803200,934,17031_Chicago_Cook
17031803300,3026,17031_Chicago_Cook
17031803400,2530,17031_Chicago_Cook
17031803500,5576,17031_Chicago_Cook
17031803603,716,17031_Chicago_Cook
17031803604,2853,17031_Chicago_Cook
17031803605,2714,17031_Chicago_Cook
17031803607,208,17031_Chicago_Cook
17031803608,2523,17031_Chicago_Cook
17031803611,167,17031_Chicago_Cook
17031803612,1803,17031_Chicago_Cook
17031803613,1254,17031_Chicago_Cook
17031803614,694,17031_Chicago_Cook
17031803615,74,17031_Chicago_Cook
17031803616,1145,17031_Chicago_Cook
17031803701,1348,17031_Chicago_Cook
17031803702,1481,17031_Chicago_Cook
17031803800,6121,17031_Chicago_Cook
17031803901,7743,17031_Chicago_Cook
17031803902,807,17031_Chicago_Cook
17031804000,553,17031_Chicago_Cook
17031804102,4048,17031_Chicago_Cook
17031804104,538,17031_Chicago_Cook
17031804105,3257,17031_Chicago_Cook
17031804106,1180,17031_Chicago_Cook
17031804108,1176,17031_Chicago_Cook
17031804109,672,17031_Chicago_Cook
17031804202,3075,17031_Chicago_Cook
17031804203,1107,17031_Chicago_Cook
17031804204,6576,17031_Chicago_Cook
17031804305,394,17031_Chicago_Cook
17031804306,230,17031_Chicago_Cook
17031804308,1792,17031_Chicago_Cook
17031804309,1474,17031_Chicago_Cook
17031804312,137,17031_Chicago_Cook
17031804313,302,17031_Chicago_Cook
17031804314,168,17031_Chicago_Cook
17031804315,173,17031_Chicago_Cook
17031804316,593,17031_Chicago_Cook
17031804403,696,17031_Chicago_Cook
17031804404,249,17031_Chicago_Cook
17031804405,401,17031_Chicago_Cook
17031804406,894,17031_Chicago_Cook
17031804505,2341,17031_Chicago_Cook
17031804506,1171,17031_Chicago_Cook
17031804508,950,17031_Chicago_Cook
17031804509,821,17031_Chicago_Cook
17031804510,341,17031_Chicago_Cook
17031804511,599,17031_Chicago_Cook
17031804512,553,17031_Chicago_Cook
17031804513,499,17031_Chicago_Cook
17031804514,1186,17031_Chicago_Cook
17031804603,56238,17031_Chicago_Cook
17031804606,1450,17031_Chicago_Cook
17031804607,3170,17031_Chicago_Cook
17031804608,2910,17031_Chicago_Cook
17031804609,8238,17031_Chicago_Cook
17031804610,314,17031_Chicago_Cook
17031804611,1434,17031_Chicago_Cook
17031804701,8622,17031_Chicago_Cook
17031804705,355,17031_Chicago_Cook
17031804706,1354,17031_Chicago_Cook
17031804709,3035,17031_Chicago_Cook
17031804710,510,17031_Chicago_Cook
17031804711,978,17031_Chicago_Cook
17031804712,291,17031_Chicago_Cook
17031804713,1086,17031_Chicago_Cook
17031804714,2232,17031_Chicago_Cook
17031804715,695,17031_Chicago_Cook
17031804716,816,17031_Chicago_Cook
17031804803,7313,17031_Chicago_Cook
17031804804,697,17031_Chicago_Cook
17031804805,1045,17031_Chicago_Cook
17031804806,449,17031_Chicago_Cook
17031804807,703,17031_Chicago_Cook
17031804808,92,17031_Chicago_Cook
17031804809,145,17031_Chicago_Cook
17031804810,1344,17031_Chicago_Cook
17031804901,2260,17031_Chicago_Cook
17031804902,337,17031_Chicago_Cook
17031805001,215,17031_Chicago_Cook
17031805002,1144,17031_Chicago_Cook
17031805105,11708,17031_Chicago_Cook
17031805106,1238,17031_Chicago_Cook
17031805107,9845,17031_Chicago_Cook
17031805108,1093,17031_Chicago_Cook
17031805109,530,17031_Chicago_Cook
17031805110,935,17031_Chicago_Cook
17031805111,6371,17031_Chicago_Cook
17031805112,4046,17031_Chicago_Cook
17031805201,1032,17031_Chicago_Cook
17031805202,914,17031_Chicago_Cook
17031805301,440,17031_Chicago_Cook
17031805302,200,17031_Chicago_Cook
17031805401,290,17031_Chicago_Cook
17031805402,2543,17031_Chicago_Cook
17031805501,2026,17031_Chicago_Cook
17031805502,3237,17031_Chicago_Cook
17031805600,2003,17031_Chicago_Cook
17031805701,885,17031_Chicago_Cook
17031805702,869,17031_Chicago_Cook
17031805801,335,17031_Chicago_Cook
17031805802,1167,17031_Chicago_Cook
17031805901,3640,17031_Chicago_Cook
17031805902,8253,17031_Chicago_Cook
17031806001,2320,17031_Chicago_Cook
17031806002,1299,17031_Chicago_Cook
17031806004,4841,17031_Chicago_Cook
17031806005,426,17031_Chicago_Cook
17031806006,458,17031_Chicago_Cook
17031806102,2679,17031_Chicago_Cook
17031806103,2888,17031_Chicago_Cook
17031806104,2410,17031_Chicago_Cook
17031806201,876,17031_Chicago_Cook
17031806202,1530,17031_Chicago_Cook
17031806300,750,17031_Chicago_Cook
17031806400,309,17031_Chicago_Cook
17031806501,2162,17031_Chicago_Cook
17031806502,1890,17031_Chicago_Cook
17031806600,5690,17031_Chicago_Cook
17031806700,528,17031_Chicago_Cook
17031806801,4426,17031_Chicago_Cook
17031806802,204,17031_Chicago_Cook
17031806900,6057,17031_Chicago_Cook
17031807000,1311,17031_Chicago_Cook
17031807100,722,17031_Chicago_Cook
17031807200,1141,17031_Chicago_Cook
17031807300,2741,17031_Chicago_Cook
17031807400,1102,17031_Chicago_Cook
17031807500,616,17031_Chicago_Cook
17031807600,10163,17031_Chicago_Cook
17031807700,2239,17031_Chicago_Cook
17031807800,6003,17031_Chicago_Cook
17031807900,2466,17031_Chicago_Cook
17031808001,3004,17031_Chicago_Cook
17031808002,6034,17031_Chicago_Cook
17031808100,8841,17031_Chicago_Cook
17031808200,3884,17031_Chicago_Cook
17031808301,7073,17031_Chicago_Cook
17031808302,528,17031_Chicago_Cook
17031808400,2585,17031_Chicago_Cook
17031808500,525,17031_Chicago_Cook
17031808600,1164,17031_Chicago_Cook
17031808702,10990,17031_Chicago_Cook
17031808800,7640,17031_Chicago_Cook
17031808900,743,17031_Chicago_Cook
17031809000,970,17031_Chicago_Cook
17031809100,499,17031_Chicago_Cook
17031809200,1527,17031_Chicago_Cook
17031809300,1674,17031_Chicago_Cook
17031809401,3395,17031_Chicago_Cook
17031809402,5151,17031_Chicago_Cook
17031809500,3295,17031_Chicago_Cook
17031809600,1304,17031_Chicago_Cook
17031809700,1899,17031_Chicago_Cook
17031809800,397,17031_Chicago_Cook
17031809900,716,17031_Chicago_Cook
17031810000,463,17031_Chicago_Cook
17031810100,412,17031_Chicago_Cook
17031810200,984,17031_Chicago_Cook
17031810301,2071,17031_Chicago_Cook
17031810302,179,17031_Chicago_Cook
17031810400,1373,17031_Chicago_Cook
17031810501,1036,17031_Chicago_Cook
17031810502,6381,17031_Chicago_Cook
17031810600,1222,17031_Chicago_Cook
17031810701,153,17031_Chicago_Cook
17031810702,777,17031_Chicago_Cook
17031810800,500,17031_Chicago_Cook
17031810900,776,17031_Chicago_Cook
17031811000,652,17031_Chicago_Cook
17031811100,1765,17031_Chicago_Cook
17031811200,4832,17031_Chicago_Cook
17031811301,3475,17031_Chicago_Cook
17031811302,8496,17031_Chicago_Cook
17031811401,1463,17031_Chicago_Cook
17031811402,1369,17031_Chicago_Cook
17031811500,3390,17031_Chicago_Cook
17031811600,2486,17031_Chicago_Cook
17031811701,8653,17031_Chicago_Cook
17031811702,1712,17031_Chicago_Cook
17031811800,3876,17031_Chicago_Cook
17031811900,2427,17031_Chicago_Cook
17031812000,2617,17031_Chicago_Cook
17031812100,138,17031_Chicago_Cook
17031812200,1625,17031_Chicago_Cook
17031812301,5541,17031_Chicago_Cook
17031812302,557,17031_Chicago_Cook
17031812400,1005,17031_Chicago_Cook
17031812500,2151,17031_Chicago_Cook
17031812600,611,17031_Chicago_Cook
17031812700,736,17031_Chicago_Cook
17031812801,533,17031_Chicago_Cook
17031812802,1925,17031_Chicago_Cook
17031812900,2037,17031_Chicago_Cook
17031813000,760,17031_Chicago_Cook
17031813100,552,17031_Chicago_Cook
17031813200,996,17031_Chicago_Cook
17031813301,1726,17031_Chicago_Cook
17031813302,1522,17031_Chicago_Cook
17031813400,970,17031_Chicago_Cook
17031813500,283,17031_Chicago_Cook
17031813600,1807,17031_Chicago_Cook
17031813701,391,17031_Chicago_Cook
17031813702,464,17031_Chicago_Cook
17031813801,2304,17031_Chicago_Cook
17031813802,1152,17031_Chicago_Cook
17031813900,970,17031_Chicago_Cook
17031814000,1613,17031_Chicago_Cook
17031814100,340,17031_Chicago_Cook
17031814200,3556,17031_Chicago_Cook
17031814300,435,17031_Chicago_Cook
17031814400,1864,17031_Chicago_Cook
17031814500,999,17031_Chicago_Cook
17031814600,486,17031_Chicago_Cook
17031814700,893,17031_Chicago_Cook
17031814800,987,17031_Chicago_Cook
17031814900,1132,17031_Chicago_Cook
17031815000,763,17031_Chicago_Cook
17031815100,524,17031_Chicago_Cook
17031815200,939,17031_Chicago_Cook
17031815300,852,17031_Chicago_Cook
17031815400,1607,17031_Chicago_Cook
17031815500,769,17031_Chicago_Cook
17031815600,3695,17031_Chicago_Cook
17031815701,1178,17031_Chicago_Cook
17031815702,1017,17031_Chicago_Cook
17031815800,891,17031_Chicago_Cook
17031815900,744,17031_Chicago_Cook
17031816000,788,17031_Chicago_Cook
17031816100,7541,17031_Chicago_Cook
17031816200,1155,17031_Chicago_Cook
17031816300,827,17031_Chicago_Cook
17031816401,390,17031_Chicago_Cook
17031816402,4288,17031_Chicago_Cook
17031816500,4203,17031_Chicago_Cook
17031816600,1237,17031_Chicago_Cook
17031816700,2053,17031_Chicago_Cook
17031816800,3292,17031_Chicago_Cook
17031816900,975,17031_Chicago_Cook
17031817000,688,17031_Chicago_Cook
17031817101,217,17031_Chicago_Cook
17031817102,1864,17031_Chicago_Cook
17031817200,82,17031_Chicago_Cook
17031817300,255,17031_Chicago_Cook
17031817400,251,17031_Chicago_Cook
17031817500,2445,17031_Chicago_Cook
17031817600,11055,17031_Chicago_Cook
17031817700,293,17031_Chicago_Cook
17031817900,10038,17031_Chicago_Cook
17031818000,6706,17031_Chicago_Cook
17031818100,355,17031_Chicago_Cook
17031818200,3590,17031_Chicago_Cook
17031818300,2637,17031_Chicago_Cook
17031818401,4170,17031_Chicago_Cook
17031818402,635,17031_Chicago_Cook
17031818500,7142,17031_Chicago_Cook
17031818600,461,17031_Chicago_Cook
17031818700,473,17031_Chicago_Cook
17031818800,854,17031_Chicago_Cook
17031818900,1052,17031_Chicago_Cook
17031819000,1033,17031_Chicago_Cook
17031819100,1051,17031_Chicago_Cook
17031819200,1162,17031_Chicago_Cook
17031819300,845,17031_Chicago_Cook
17031819400,571,17031_Chicago_Cook
17031819500,4386,17031_Chicago_Cook
17031819600,409,17031_Chicago_Cook
17031819700,1480,17031_Chicago_Cook
17031819801,1867,17031_Chicago_Cook
17031819802,634,17031_Chicago_Cook
17031819900,313,17031_Chicago_Cook
17031820000,309,17031_Chicago_Cook
17031820101,4013,17031_Chicago_Cook
17031820103,3235,17031_Chicago_Cook
17031820104,3481,17031_Chicago_Cook
17031820202,17773,17031_Chicago_Cook
17031820203,762,17031_Chicago_Cook
17031820204,3972,17031_Chicago_Cook
17031820300,1070,17031_Chicago_Cook
17031820400,2637,17031_Chicago_Cook
17031820501,6813,17031_Chicago_Cook
17031820502,2568,17031_Chicago_Cook
17031820603,457,17031_Chicago_Cook
17031820604,383,17031_Chicago_Cook
17031820605,296,17031_Chicago_Cook
17031820606,538,17031_Chicago_Cook
17031820700,2559,17031_Chicago_Cook
17031820800,2848,17031_Chicago_Cook
17031820901,18719,17031_Chicago_Cook
17031820902,2843,17031_Chicago_Cook
17031821001,1412,17031_Chicago_Cook
17031821002,273,17031_Chicago_Cook
17031821101,535,17031_Chicago_Cook
17031821102,1082,17031_Chicago_Cook
17031821200,934,17031_Chicago_Cook
17031821300,311,17031_Chicago_Cook
17031821401,205,17031_Chicago_Cook
17031821402,535,17031_Chicago_Cook
17031821500,514,17031_Chicago_Cook
17031821600,1798,17031_Chicago_Cook
17031821700,765,17031_Chicago_Cook
17031821800,3740,17031_Chicago_Cook
17031821900,1482,17031_Chicago_Cook
17031822000,553,17031_Chicago_Cook
17031822101,1492,17031_Chicago_Cook
17031822102,13094,17031_Chicago_Cook
17031822200,361,17031_Chicago_Cook
17031822301,782,17031_Chicago_Cook
17031822302,1885,17031_Chicago_Cook
17031822400,920,17031_Chicago_Cook
17031822500,1296,17031_Chicago_Cook
17031822601,407,17031_Chicago_Cook
17031822602,718,17031_Chicago_Cook
17031822701,144,17031_Chicago_Cook
17031822702,984,17031_Chicago_Cook
17031822801,3181,17031_Chicago_Cook
17031822802,473,17031_Chicago_Cook
17031822900,1183,17031_Chicago_Cook
17031823001,4818,17031_Chicago_Cook
17031823002,707,17031_Chicago_Cook
17031823101,824,17031_Chicago_Cook
17031823102,704,17031_Chicago_Cook
17031823200,8091,17031_Chicago_Cook
17031823302,3567,17031_Chicago_Cook
17031823303,820,17031_Chicago_Cook
17031823304,1153,17031_Chicago_Cook
17031823400,1434,17031_Chicago_Cook
17031823500,2026,17031_Chicago_Cook
17031823602,3973,17031_Chicago_Cook
17031823603,1356,17031_Chicago_Cook
17031823604,1569,17031_Chicago_Cook
17031823605,1221,17031_Chicago_Cook
17031823702,1161,17031_Chicago_Cook
17031823703,6735,17031_Chicago_Cook
17031823704,895,17031_Chicago_Cook
17031823705,478,17031_Chicago_Cook
17031823801,1222,17031_Chicago_Cook
17031823803,2526,17031_Chicago_Cook
17031823805,136,17031_Chicago_Cook
17031823806,1729,17031_Chicago_Cook
17031823901,1458,17031_Chicago_Cook
17031823903,3303,17031_Chicago_Cook
17031823904,784,17031_Chicago_Cook
17031824003,736,17031_Chicago_Cook
17031824004,3408,17031_Chicago_Cook
17031824005,2762,17031_Chicago_Cook
17031824006,717,17031_Chicago_Cook
17031824105,1052,17031_Chicago_Cook
17031824106,4579,17031_Chicago_Cook
17031824107,1671,17031_Chicago_Cook
17031824113,561,17031_Chicago_Cook
17031824114,881,17031_Chicago_Cook
17031824115,3530,17031_Chicago_Cook
17031824116,3519,17031_Chicago_Cook
17031824119,942,17031_Chicago_Cook
17031824121,489,17031_Chicago_Cook
17031824122,911,17031_Chicago_Cook
17031824123,1282,17031_Chicago_Cook
17031824124,1581,17031_Chicago_Cook
17031824125,205,17031_Chicago_Cook
17031824126,434,17031_Chicago_Cook
17031824127,870,17031_Chicago_Cook
17031824128,516,17031_Chicago_Cook
17031824129,4329,17031_Chicago_Cook
17031824300,626,17031_Chicago_Cook
17031824400,3696,17031_Chicago_Cook
17031824503,1105,17031_Chicago_Cook
17031824505,1095,17031_Chicago_Cook
17031824507,1994,17031_Chicago_Cook
17031824508,1376,17031_Chicago_Cook
17031824509,674,17031_Chicago_Cook
17031824601,829,17031_Chicago_Cook
17031824602,2880,17031_Chicago_Cook
17031824701,653,17031_Chicago_Cook
17031824702,562,17031_Chicago_Cook
17031824800,1016,17031_Chicago_Cook
17031824900,291,17031_Chicago_Cook
17031825000,1296,17031_Chicago_Cook
17031825200,70,17031_Chicago_Cook
17031825302,215,17031_Chicago_Cook
17031825303,2621,17031_Chicago_Cook
17031825304,910,17031_Chicago_Cook
17031825400,979,17031_Chicago_Cook
17031825501,1415,17031_Chicago_Cook
17031825503,1930,17031_Chicago_Cook
17031825504,2448,17031_Chicago_Cook
17031825505,317,17031_Chicago_Cook
17031825600,4921,17031_Chicago_Cook
17031825700,694,17031_Chicago_Cook
17031825801,438,17031_Chicago_Cook
17031825802,331,17031_Chicago_Cook
17031825803,528,17031_Chicago_Cook
17031825900,416,17031_Chicago_Cook
17031826000,1065,17031_Chicago_Cook
17031826100,954,17031_Chicago_Cook
17031826201,1152,17031_Chicago_Cook
17031826202,1094,17031_Chicago_Cook
17031826301,319,17031_Chicago_Cook
17031826303,259,17031_Chicago_Cook
17031826304,260,17031_Chicago_Cook
17031826401,774,17031_Chicago_Cook
17031826402,903,17031_Chicago_Cook
17031826500,712,17031_Chicago_Cook
17031826600,319,17031_Chicago_Cook
17031826700,342,17031_Chicago_Cook
17031826800,1418,17031_Chicago_Cook
17031826901,214,17031_Chicago_Cook
17031826902,16,17031_Chicago_Cook
17031827000,81,17031_Chicago_Cook
17031827100,876,17031_Chicago_Cook
17031827200,2560,17031_Chicago_Cook
17031827300,695,17031_Chicago_Cook
17031827400,3193,17031_Chicago_Cook
17031827500,6391,17031_Chicago_Cook
17031827600,715,17031_Chicago_Cook
17031827700,404,17031_Chicago_Cook
17031827801,1788,17031_Chicago_Cook
17031827802,524,17031_Chicago_Cook
17031827804,206,17031_Chicago_Cook
17031827805,398,17031_Chicago_Cook
17031827901,2068,17031_Chicago_Cook
17031827902,2328,17031_Chicago_Cook
17031828000,1267,17031_Chicago_Cook
17031828100,1193,17031_Chicago_Cook
17031828201,1191,17031_Chicago_Cook
17031828202,426,17031_Chicago_Cook
17031828300,3749,17031_Chicago_Cook
17031828401,4387,17031_Chicago_Cook
17031828402,4819,17031_Chicago_Cook
17031828503,2373,17031_Chicago_Cook
17031828504,112,17031_Chicago_Cook
17031828505,807,17031_Chicago_Cook
17031828507,134,17031_Chicago_Cook
17031828508,511,17031_Chicago_Cook
17031828601,601,17031_Chicago_Cook
17031828602,419,17031_Chicago_Cook
17031828701,1456,17031_Chicago_Cook
17031828702,1195,17031_Chicago_Cook
17031828801,562,17031_Chicago_Cook
17031828802,121,17031_Chicago_Cook
17031828900,1883,17031_Chicago_Cook
17031829000,1163,17031_Chicago_Cook
17031829100,628,17031_Chicago_Cook
17031829200,1448,17031_Chicago_Cook
17031829301,551,17031_Chicago_Cook
17031829302,652,17031_Chicago_Cook
17031829401,83,17031_Chicago_Cook
17031829402,162,17031_Chicago_Cook
17031829500,1974,17031_Chicago_Cook
17031829600,500,17031_Chicago_Cook
17031829700,3724,17031_Chicago_Cook
17031829800,1819,17031_Chicago_Cook
17031829902,2117,17031_Chicago_Cook
17031829903,271,17031_Chicago_Cook
17031829904,602,17031_Chicago_Cook
17031830001,440,17031_Chicago_Cook
17031830003,3073,17031_Chicago_Cook
17031830004,2149,17031_Chicago_Cook
17031830005,4303,17031_Chicago_Cook
17031830006,4334,17031_Chicago_Cook
17031830007,648,17031_Chicago_Cook
17031830008,617,17031_Chicago_Cook
17031830100,129,17031_Chicago_Cook
17031830201,681,17031_Chicago_Cook
17031830202,2301,17031_Chicago_Cook
17031830300,707,17031_Chicago_Cook
17031830400,171,17031_Chicago_Cook
17031830500,4796,17031_Chicago_Cook
17031830600,2833,17031_Chicago_Cook
17031830700,2371,17031_Chicago_Cook
17031830800,691,17031_Chicago_Cook
17031830900,3967,17031_Chicago_Cook
17031831000,710,17031_Chicago_Cook
17031831100,2563,17031_Chicago_Cook
17031831200,576,17031_Chicago_Cook
17031831300,1271,17031_Chicago_Cook
17031831400,4453,17031_Chicago_Cook
17031831500,2209,17031_Chicago_Cook
17031831600,1765,17031_Chicago_Cook
17031831700,805,17031_Chicago_Cook
17031831800,2942,17031_Chicago_Cook
17031831900,2918,17031_Chicago_Cook
17031832000,708,17031_Chicago_Cook
17031832100,344,17031_Chicago_Cook
17031832200,1064,17031_Chicago_Cook
17031832300,3224,17031_Chicago_Cook
17031832400,672,17031_Chicago_Cook
17031832500,2562,17031_Chicago_Cook
17031832600,3363,17031_Chicago_Cook
17031832900,1281,17031_Chicago_Cook
17031833000,20973,17031_Chicago_Cook
17031833100,9195,17031_Chicago_Cook
17031833300,1251,17031_Chicago_Cook
17031833900,181,17031_Chicago_Cook
17031834000,18,17031_Chicago_Cook
17031834200,608,17031_Chicago_Cook
17031834300,254,17031_Chicago_Cook
17031834400,28,17031_Chicago_Cook
17031834500,79,17031_Chicago_Cook
17031834600,178,17031_Chicago_Cook
17031834700,47,17031_Chicago_Cook
17031834800,189,17031_Chicago_Cook
17031834900,24,17031_Chicago_Cook
17031835000,922,17031_Chicago_Cook
17031835100,378,17031_Chicago_Cook
17031835200,2624,17031_Chicago_Cook
17031835500,379,17031_Chicago_Cook
17031835600,621,17031_Chicago_Cook
17031835800,37,17031_Chicago_Cook
17031836000,198,17031_Chicago_Cook
17031836100,245,17031_Chicago_Cook
17031836200,24332,17031_Chicago_Cook
17031836300,63,17031_Chicago_Cook
17031836400,184,17031_Chicago_Cook
17031836500,7,17031_Chicago_Cook
17031836600,782,17031_Chicago_Cook
17031836700,1083,17031_Chicago_Cook
17031836800,389,17031_Chicago_Cook
17031836900,149,17031_Chicago_Cook
17031837000,404,17031_Chicago_Cook
17031837100,1660,17031_Chicago_Cook
17031837300,385,17031_Chicago_Cook
17031837400,2301,17031_Chicago_Cook
17031837800,2824,17031_Chicago_Cook
17031838000,528,17031_Chicago_Cook
17031838100,15049,17031_Chicago_Cook
17031838200,7474,17031_Chicago_Cook
17031838300,502,17031_Chicago_Cook
17031838600,56,17031_Chicago_Cook
17031838700,379,17031_Chicago_Cook
17031838800,8289,17031_Chicago_Cook
17031839000,2149,17031_Chicago_Cook
17031839100,328146,17031_Chicago_Cook
17031839200,1354,17031_Chicago_Cook
17031839500,44,17031_Chicago_Cook
17031839600,467,17031_Chicago_Cook
17031839700,908,17031_Chicago_Cook
17031839800,261,17031_Chicago_Cook
17031839900,1972,17031_Chicago_Cook
17031840000,191,17031_Chicago_Cook
17031840100,205,17031_Chicago_Cook
17031840200,489,17031_Chicago_Cook
17031840300,454,17031_Chicago_Cook
17031840400,4504,17031_Chicago_Cook
17031840700,2147,17031_Chicago_Cook
17031840800,167,17031_Chicago_Cook
17031841000,2162,17031_Chicago_Cook
17031841100,3467,17031_Chicago_Cook
17031841200,468,17031_Chicago_Cook
17031841300,2847,17031_Chicago_Cook
17031841500,121,17031_Chicago_Cook
17031841700,505,17031_Chicago_Cook
17031841800,342,17031_Chicago_Cook
17031841900,23852,17031_Chicago_Cook
17031842000,2842,17031_Chicago_Cook
17031842100,1802,17031_Chicago_Cook
17031842200,22982,17031_Chicago_Cook
17031842300,8237,17031_Chicago_Cook
17031842400,3093,17031_Chicago_Cook
17031842500,200,17031_Chicago_Cook
17031842600,7585,17031_Chicago_Cook
17031842800,1282,17031_Chicago_Cook
17031842900,2954,17031_Chicago_Cook
17031843000,1047,17031_Chicago_Cook
17031843100,294,17031_Chicago_Cook
17031843200,9370,17031_Chicago_Cook
17031843300,671,17031_Chicago_Cook
17031843400,420,17031_Chicago_Cook
17031843500,1835,17031_Chicago_Cook
17031843600,331,17031_Chicago_Cook
17031843700,3584,17031_Chicago_Cook
17031843800,275,17031_Chicago_Cook
17031843900,841,17031_Chicago_Cook
17031844600,186,17031_Chicago_Cook
17031844700,200,17031_Chicago_Cook
17031980000,37820,17031_Chicago_Cook
17031980100,6194,17031_Chicago_Cook
48113000100,1808,48113_Dallas_Dallas
48113000201,1275,48113_Dallas_Dallas
48113000202,948,48113_Dallas_Dallas
48113000300,1430,48113_Dallas_Dallas
48113000401,2046,48113_Dallas_Dallas
48113000405,826,48113_Dallas_Dallas
48113000407,283,48113_Dallas_Dallas
48113000408,152,48113_Dallas_Dallas
48113000409,7169,48113_Dallas_Dallas
48113000410,1393,48113_Dallas_Dallas
48113000501,702,48113_Dallas_Dallas
48113000502,8034,48113_Dallas_Dallas
48113000503,287,48113_Dallas_Dallas
48113000605,6466,48113_Dallas_Dallas
48113000606,4572,48113_Dallas_Dallas
48113000607,998,48113_Dallas_Dallas
48113000608,934,48113_Dallas_Dallas
48113000609,490,48113_Dallas_Dallas
48113000610,239,48113_Dallas_Dallas
48113000611,1581,48113_Dallas_Dallas
48113000703,2194,48113_Dallas_Dallas
48113000704,3058,48113_Dallas_Dallas
48113000705,3238,48113_Dallas_Dallas
48113000706,3520,48113_Dallas_Dallas
48113000801,613,48113_Dallas_Dallas
48113000802,3740,48113_Dallas_Dallas
48113000901,1009,48113_Dallas_Dallas
48113000902,462,48113_Dallas_Dallas
48113001001,486,48113_Dallas_Dallas
48113001002,1713,48113_Dallas_Dallas
48113001101,965,48113_Dallas_Dallas
48113001102,619,48113_Dallas_Dallas
48113001202,372,48113_Dallas_Dallas
48113001203,79,48113_Dallas_Dallas
48113001204,112,48113_Dallas_Dallas
48113001301,237,48113_Dallas_Dallas
48113001302,143,48113_Dallas_Dallas
48113001400,839,48113_Dallas_Dallas
48113001502,3071,48113_Dallas_Dallas
48113001503,882,48113_Dallas_Dallas
48113001504,540,48113_Dallas_Dallas
48113001601,2908,48113_Dallas_Dallas
48113001602,26414,48113_Dallas_Dallas
48113001703,2542,48113_Dallas_Dallas
48113001705,26164,48113_Dallas_Dallas
48113001801,2876,48113_Dallas_Dallas
48113001802,10576,48113_Dallas_Dallas
48113001901,12220,48113_Dallas_Dallas
48113001902,7842,48113_Dallas_Dallas
48113002001,736,48113_Dallas_Dallas
48113002002,228,48113_Dallas_Dallas
48113002100,39235,48113_Dallas_Dallas
48113002200,17092,48113_Dallas_Dallas
48113002400,496,48113_Dallas_Dallas
48113002500,1563,48113_Dallas_Dallas
48113002703,1192,48113_Dallas_Dallas
48113003102,29184,48113_Dallas_Dallas
48113003103,20970,48113_Dallas_Dallas
48113003700,219,48113_Dallas_Dallas
48113004201,6570,48113_Dallas_Dallas
48113004202,358,48113_Dallas_Dallas
48113004300,5537,48113_Dallas_Dallas
48113004400,290,48113_Dallas_Dallas
48113004500,629,48113_Dallas_Dallas
48113004600,1417,48113_Dallas_Dallas
48113004700,3793,48113_Dallas_Dallas
48113004800,1068,48113_Dallas_Dallas
48113005000,2008,48113_Dallas_Dallas
48113005100,121,48113_Dallas_Dallas
48113005200,523,48113_Dallas_Dallas
48113005300,195,48113_Dallas_Dallas
48113005400,485,48113_Dallas_Dallas
48113005500,190,48113_Dallas_Dallas
48113005600,165,48113_Dallas_Dallas
48113005700,556,48113_Dallas_Dallas
48113005901,140,48113_Dallas_Dallas
48113005902,824,48113_Dallas_Dallas
48113006001,236,48113_Dallas_Dallas
48113006002,361,48113_Dallas_Dallas
48113006100,510,48113_Dallas_Dallas
48113006200,1192,48113_Dallas_Dallas
48113006301,663,48113_Dallas_Dallas
48113006302,362,48113_Dallas_Dallas
48113006401,10,48113_Dallas_Dallas
48113006402,364,48113_Dallas_Dallas
48113006501,1721,48113_Dallas_Dallas
48113006502,845,48113_Dallas_Dallas
48113006701,95,48113_Dallas_Dallas
48113006702,19,48113_Dallas_Dallas
48113006800,937,48113_Dallas_Dallas
48113006900,601,48113_Dallas_Dallas
48113007101,1393,48113_Dallas_Dallas
48113007102,2815,48113_Dallas_Dallas
48113007203,517,48113_Dallas_Dallas
48113007204,510,48113_Dallas_Dallas
48113007205,184,48113_Dallas_Dallas
48113007206,792,48113_Dallas_Dallas
48113007301,12728,48113_Dallas_Dallas
48113007302,2169,48113_Dallas_Dallas
48113007601,622,48113_Dallas_Dallas
48113007604,292,48113_Dallas_Dallas
48113007605,1021,48113_Dallas_Dallas
48113007701,895,48113_Dallas_Dallas
48113007702,369,48113_Dallas_Dallas
48113007801,10116,48113_Dallas_Dallas
48113007805,2213,48113_Dallas_Dallas
48113007809,1311,48113_Dallas_Dallas
48113007810,5741,48113_Dallas_Dallas
48113007812,796,48113_Dallas_Dallas
48113007815,1942,48113_Dallas_Dallas
48113007819,1552,48113_Dallas_Dallas
48113007821,476,48113_Dallas_Dallas
48113007822,17922,48113_Dallas_Dallas
48113007823,5932,48113_Dallas_Dallas
48113007824,212,48113_Dallas_Dallas
48113007825,338,48113_Dallas_Dallas
48113007826,309,48113_Dallas_Dallas
48113007827,30,48113_Dallas_Dallas
48113007828,1459,48113_Dallas_Dallas
48113007829,2917,48113_Dallas_Dallas
48113007830,70,48113_Dallas_Dallas
48113007831,32,48113_Dallas_Dallas
48113007832,55,48113_Dallas_Dallas
48113007833,1074,48113_Dallas_Dallas
48113007834,104,48113_Dallas_Dallas
48113007835,314,48113_Dallas_Dallas
48113007902,1137,48113_Dallas_Dallas
48113007903,625,48113_Dallas_Dallas
48113007906,2191,48113_Dallas_Dallas
48113007909,1317,48113_Dallas_Dallas
48113007910,527,48113_Dallas_Dallas
48113007912,3839,48113_Dallas_Dallas
48113007913,6703,48113_Dallas_Dallas
48113007914,5642,48113_Dallas_Dallas
48113007915,84,48113_Dallas_Dallas
48113007916,48,48113_Dallas_Dallas
48113008000,1122,48113_Dallas_Dallas
48113008101,1901,48113_Dallas_Dallas
48113008102,1342,48113_Dallas_Dallas
48113008200,1575,48113_Dallas_Dallas
48113008401,58,48113_Dallas_Dallas
48113008402,449,48113_Dallas_Dallas
48113008500,2050,48113_Dallas_Dallas
48113008604,159,48113_Dallas_Dallas
48113008701,44,48113_Dallas_Dallas
48113008703,2,48113_Dallas_Dallas
48113008704,5638,48113_Dallas_Dallas
48113008705,263,48113_Dallas_Dallas
48113008801,380,48113_Dallas_Dallas
48113008802,103,48113_Dallas_Dallas
48113009001,1801,48113_Dallas_Dallas
48113009002,270,48113_Dallas_Dallas
48113009101,885,48113_Dallas_Dallas
48113009103,89,48113_Dallas_Dallas
48113009104,212,48113_Dallas_Dallas
48113009105,450,48113_Dallas_Dallas
48113009202,582,48113_Dallas_Dallas
48113009203,292,48113_Dallas_Dallas
48113009204,477,48113_Dallas_Dallas
48113009301,333,48113_Dallas_Dallas
48113009303,173,48113_Dallas_Dallas
48113009304,1204,48113_Dallas_Dallas
48113009401,119,48113_Dallas_Dallas
48113009402,299,48113_Dallas_Dallas
48113009500,850,48113_Dallas_Dallas
48113009603,2877,48113_Dallas_Dallas
48113009604,11071,48113_Dallas_Dallas
48113009605,9841,48113_Dallas_Dallas
48113009607,1270,48113_Dallas_Dallas
48113009608,1483,48113_Dallas_Dallas
48113009609,452,48113_Dallas_Dallas
48113009610,2830,48113_Dallas_Dallas
48113009611,686,48113_Dallas_Dallas
48113009701,5139,48113_Dallas_Dallas
48113009702,2435,48113_Dallas_Dallas
48113009802,1030,48113_Dallas_Dallas
48113009803,1214,48113_Dallas_Dallas
48113009804,976,48113_Dallas_Dallas
48113009900,38955,48113_Dallas_Dallas
48113010001,65011,48113_Dallas_Dallas
48113010002,496,48113_Dallas_Dallas
48113010003,52796,48113_Dallas_Dallas
48113010101,195,48113_Dallas_Dallas
48113010102,798,48113_Dallas_Dallas
48113010500,7487,48113_Dallas_Dallas
48113010601,1597,48113_Dallas_Dallas
48113010602,643,48113_Dallas_Dallas
48113010701,10073,48113_Dallas_Dallas
48113010704,246,48113_Dallas_Dallas
48113010804,580,48113_Dallas_Dallas
48113010805,953,48113_Dallas_Dallas
48113010806,94,48113_Dallas_Dallas
48113010807,98,48113_Dallas_Dallas
48113010808,144,48113_Dallas_Dallas
48113010809,219,48113_Dallas_Dallas
48113010903,2819,48113_Dallas_Dallas
48113010904,2872,48113_Dallas_Dallas
48113010905,199,48113_Dallas_Dallas
48113010906,1122,48113_Dallas_Dallas
48113011002,749,48113_Dallas_Dallas
48113011003,141,48113_Dallas_Dallas
48113011004,160,48113_Dallas_Dallas
48113011101,610,48113_Dallas_Dallas
48113011103,183,48113_Dallas_Dallas
48113011104,112,48113_Dallas_Dallas
48113011105,131,48113_Dallas_Dallas
48113011201,119,48113_Dallas_Dallas
48113011202,305,48113_Dallas_Dallas
48113011300,359,48113_Dallas_Dallas
48113011401,190,48113_Dallas_Dallas
48113011500,34,48113_Dallas_Dallas
48113011601,180,48113_Dallas_Dallas
48113011603,387,48113_Dallas_Dallas
48113011604,401,48113_Dallas_Dallas
48113011701,402,48113_Dallas_Dallas
48113011702,1055,48113_Dallas_Dallas
48113011801,206,48113_Dallas_Dallas
48113011802,331,48113_Dallas_Dallas
48113011901,225,48113_Dallas_Dallas
48113011902,829,48113_Dallas_Dallas
48113012000,88,48113_Dallas_Dallas
48113012101,1818,48113_Dallas_Dallas
48113012102,484,48113_Dallas_Dallas
48113012206,429,48113_Dallas_Dallas
48113012207,7252,48113_Dallas_Dallas
48113012208,118,48113_Dallas_Dallas
48113012209,144,48113_Dallas_Dallas
48113012210,100,48113_Dallas_Dallas
48113012211,1143,48113_Dallas_Dallas
48113012212,1842,48113_Dallas_Dallas
48113012213,153,48113_Dallas_Dallas
48113012301,126,48113_Dallas_Dallas
48113012302,844,48113_Dallas_Dallas
48113012400,401,48113_Dallas_Dallas
48113012501,28,48113_Dallas_Dallas
48113012502,480,48113_Dallas_Dallas
48113012601,1514,48113_Dallas_Dallas
48113012603,80,48113_Dallas_Dallas
48113012604,425,48113_Dallas_Dallas
48113012701,961,48113_Dallas_Dallas
48113012702,544,48113_Dallas_Dallas
48113012801,411,48113_Dallas_Dallas
48113012802,1469,48113_Dallas_Dallas
48113012900,653,48113_Dallas_Dallas
48113013005,1082,48113_Dallas_Dallas
48113013007,380,48113_Dallas_Dallas
48113013008,235,48113_Dallas_Dallas
48113013009,749,48113_Dallas_Dallas
48113013010,1193,48113_Dallas_Dallas
48113013011,1754,48113_Dallas_Dallas
48113013012,602,48113_Dallas_Dallas
48113013013,556,48113_Dallas_Dallas
48113013101,1992,48113_Dallas_Dallas
48113013102,178,48113_Dallas_Dallas
48113013104,216,48113_Dallas_Dallas
48113013106,69,48113_Dallas_Dallas
48113013107,718,48113_Dallas_Dallas
48113013201,5762,48113_Dallas_Dallas
48113013202,26512,48113_Dallas_Dallas
48113013300,1204,48113_Dallas_Dallas
48113013400,8080,48113_Dallas_Dallas
48113013500,806,48113_Dallas_Dallas
48113013605,1365,48113_Dallas_Dallas
48113013606,783,48113_Dallas_Dallas
48113013607,729,48113_Dallas_Dallas
48113013608,1628,48113_Dallas_Dallas
48113013609,1736,48113_Dallas_Dallas
48113013610,1100,48113_Dallas_Dallas
48113013611,3518,48113_Dallas_Dallas
48113013615,4948,48113_Dallas_Dallas
48113013617,1141,48113_Dallas_Dallas
48113013618,710,48113_Dallas_Dallas
48113013619,604,48113_Dallas_Dallas
48113013620,8363,48113_Dallas_Dallas
48113013621,402,48113_Dallas_Dallas
48113013622,3739,48113_Dallas_Dallas
48113013624,334,48113_Dallas_Dallas
48113013625,286,48113_Dallas_Dallas
48113013626,8397,48113_Dallas_Dallas
48113013627,8735,48113_Dallas_Dallas
48113013628,74656,48113_Dallas_Dallas
48113013629,15,48113_Dallas_Dallas
48113013630,250,48113_Dallas_Dallas
48113013631,40,48113_Dallas_Dallas
48113013715,63,48113_Dallas_Dallas
48113013716,3605,48113_Dallas_Dallas
48113013717,4729,48113_Dallas_Dallas
48113013718,1375,48113_Dallas_Dallas
48113013719,9096,48113_Dallas_Dallas
48113013720,1866,48113_Dallas_Dallas
48113013721,1016,48113_Dallas_Dallas
48113013722,9117,48113_Dallas_Dallas
48113013725,6124,48113_Dallas_Dallas
48113013726,1654,48113_Dallas_Dallas
48113013727,16910,48113_Dallas_Dallas
48113013728,284,48113_Dallas_Dallas
48113013729,2979,48113_Dallas_Dallas
48113013804,855,48113_Dallas_Dallas
48113013805,270,48113_Dallas_Dallas
48113013806,39811,48113_Dallas_Dallas
48113013807,83,48113_Dallas_Dallas
48113013808,2280,48113_Dallas_Dallas
48113013901,1526,48113_Dallas_Dallas
48113013902,2735,48113_Dallas_Dallas
48113014001,9110,48113_Dallas_Dallas
48113014002,45721,48113_Dallas_Dallas
48113014119,3549,48113_Dallas_Dallas
48113014120,640,48113_Dallas_Dallas
48113014121,974,48113_Dallas_Dallas
48113014123,975,48113_Dallas_Dallas
48113014124,47025,48113_Dallas_Dallas
48113014126,27732,48113_Dallas_Dallas
48113014128,369,48113_Dallas_Dallas
48113014130,940,48113_Dallas_Dallas
48113014132,50,48113_Dallas_Dallas
48113014134,807,48113_Dallas_Dallas
48113014135,1596,48113_Dallas_Dallas
48113014138,511,48113_Dallas_Dallas
48113014139,257,48113_Dallas_Dallas
48113014140,38,48113_Dallas_Dallas
48113014141,937,48113_Dallas_Dallas
48113014142,350,48113_Dallas_Dallas
48113014143,9293,48113_Dallas_Dallas
48113014144,5890,48113_Dallas_Dallas
48113014145,49,48113_Dallas_Dallas
48113014146,49,48113_Dallas_Dallas
48113014147,221,48113_Dallas_Dallas
48113014148,3581,48113_Dallas_Dallas
48113014149,298,48113_Dallas_Dallas
48113014150,5816,48113_Dallas_Dallas
48113014151,8532,48113_Dallas_Dallas
48113014152,6658,48113_Dallas_Dallas
48113014153,3042,48113_Dallas_Dallas
48113014154,621,48113_Dallas_Dallas
48113014155,142,48113_Dallas_Dallas
48113014156,489,48113_Dallas_Dallas
48113014157,7884,48113_Dallas_Dallas
48113014158,5453,48113_Dallas_Dallas
48113014159,28565,48113_Dallas_Dallas
48113014160,771,48113_Dallas_Dallas
48113014161,973,48113_Dallas_Dallas
48113014203,329,48113_Dallas_Dallas
48113014204,2490,48113_Dallas_Dallas
48113014205,9946,48113_Dallas_Dallas
48113014207,13992,48113_Dallas_Dallas
48113014208,11045,48113_Dallas_Dallas
48113014209,3352,48113_Dallas_Dallas
48113014306,1997,48113_Dallas_Dallas
48113014308,794,48113_Dallas_Dallas
48113014309,1726,48113_Dallas_Dallas
48113014310,198,48113_Dallas_Dallas
48113014313,13637,48113_Dallas_Dallas
48113014314,2525,48113_Dallas_Dallas
48113014315,1609,48113_Dallas_Dallas
48113014316,626,48113_Dallas_Dallas
48113014317,20,48113_Dallas_Dallas
48113014318,591,48113_Dallas_Dallas
48113014319,2153,48113_Dallas_Dallas
48113014320,463,48113_Dallas_Dallas
48113014405,1081,48113_Dallas_Dallas
48113014406,1466,48113_Dallas_Dallas
48113014407,2122,48113_Dallas_Dallas
48113014408,1427,48113_Dallas_Dallas
48113014409,3215,48113_Dallas_Dallas
48113014410,265,48113_Dallas_Dallas
48113014501,837,48113_Dallas_Dallas
48113014502,7127,48113_Dallas_Dallas
48113014601,1622,48113_Dallas_Dallas
48113014602,1158,48113_Dallas_Dallas
48113014603,458,48113_Dallas_Dallas
48113014701,1024,48113_Dallas_Dallas
48113014704,699,48113_Dallas_Dallas
48113014903,3066,48113_Dallas_Dallas
48113015001,297,48113_Dallas_Dallas
48113015002,451,48113_Dallas_Dallas
48113015101,193,48113_Dallas_Dallas
48113015102,132,48113_Dallas_Dallas
48113015202,529,48113_Dallas_Dallas
48113015205,315,48113_Dallas_Dallas
48113015206,243,48113_Dallas_Dallas
48113015207,409,48113_Dallas_Dallas
48113015208,21,48113_Dallas_Dallas
48113015303,5440,48113_Dallas_Dallas
48113015304,4429,48113_Dallas_Dallas
48113015305,1317,48113_Dallas_Dallas
48113015306,1070,48113_Dallas_Dallas
48113015403,757,48113_Dallas_Dallas
48113015404,533,48113_Dallas_Dallas
48113015405,792,48113_Dallas_Dallas
48113015406,86,48113_Dallas_Dallas
48113015500,1550,48113_Dallas_Dallas
48113015600,830,48113_Dallas_Dallas
48113015700,1265,48113_Dallas_Dallas
48113015900,1177,48113_Dallas_Dallas
48113016001,385,48113_Dallas_Dallas
48113016002,398,48113_Dallas_Dallas
48113016100,8511,48113_Dallas_Dallas
48113016201,116,48113_Dallas_Dallas
48113016203,470,48113_Dallas_Dallas
48113016204,698,48113_Dallas_Dallas
48113016301,186,48113_Dallas_Dallas
48113016302,59,48113_Dallas_Dallas
48113016406,352,48113_Dallas_Dallas
48113016407,5425,48113_Dallas_Dallas
48113016409,453,48113_Dallas_Dallas
48113016410,1851,48113_Dallas_Dallas
48113016412,910,48113_Dallas_Dallas
48113016414,756,48113_Dallas_Dallas
48113016415,136,48113_Dallas_Dallas
48113016416,306,48113_Dallas_Dallas
48113016417,152,48113_Dallas_Dallas
48113016418,488,48113_Dallas_Dallas
48113016419,4716,48113_Dallas_Dallas
48113016420,63,48113_Dallas_Dallas
48113016421,93,48113_Dallas_Dallas
48113016511,152,48113_Dallas_Dallas
48113016513,2097,48113_Dallas_Dallas
48113016516,1281,48113_Dallas_Dallas
48113016517,2925,48113_Dallas_Dallas
48113016518,956,48113_Dallas_Dallas
48113016519,967,48113_Dallas_Dallas
48113016521,6733,48113_Dallas_Dallas
48113016522,4534,48113_Dallas_Dallas
48113016524,1950,48113_Dallas_Dallas
48113016525,168,48113_Dallas_Dallas
48113016526,95,48113_Dallas_Dallas
48113016527,609,48113_Dallas_Dallas
48113016528,689,48113_Dallas_Dallas
48113016529,36,48113_Dallas_Dallas
48113016530,459,48113_Dallas_Dallas
48113016531,404,48113_Dallas_Dallas
48113016532,209,48113_Dallas_Dallas
48113016533,6916,48113_Dallas_Dallas
48113016534,3158,48113_Dallas_Dallas
48113016535,228,48113_Dallas_Dallas
48113016536,1169,48113_Dallas_Dallas
48113016607,555,48113_Dallas_Dallas
48113016610,999,48113_Dallas_Dallas
48113016615,185,48113_Dallas_Dallas
48113016616,1381,48113_Dallas_Dallas
48113016617,86,48113_Dallas_Dallas
48113016618,949,48113_Dallas_Dallas
48113016619,566,48113_Dallas_Dallas
48113016620,1320,48113_Dallas_Dallas
48113016621,121,48113_Dallas_Dallas
48113016622,256,48113_Dallas_Dallas
48113016623,289,48113_Dallas_Dallas
48113016624,239,48113_Dallas_Dallas
48113016626,1405,48113_Dallas_Dallas
48113016627,392,48113_Dallas_Dallas
48113016628,1606,48113_Dallas_Dallas
48113016629,1891,48113_Dallas_Dallas
48113016630,152,48113_Dallas_Dallas
48113016631,96,48113_Dallas_Dallas
48113016632,56,48113_Dallas_Dallas
48113016633,849,48113_Dallas_Dallas
48113016634,11392,48113_Dallas_Dallas
48113016635,5590,48113_Dallas_Dallas
48113016636,576,48113_Dallas_Dallas
48113016637,314,48113_Dallas_Dallas
48113016638,1018,48113_Dallas_Dallas
48113016704,71,48113_Dallas_Dallas
48113016706,362,48113_Dallas_Dallas
48113016707,269,48113_Dallas_Dallas
48113016708,146,48113_Dallas_Dallas
48113016709,12511,48113_Dallas_Dallas
48113016710,1435,48113_Dallas_Dallas
48113016711,45,48113_Dallas_Dallas
48113016802,582,48113_Dallas_Dallas
48113016803,1998,48113_Dallas_Dallas
48113016805,2534,48113_Dallas_Dallas
48113016806,460,48113_Dallas_Dallas
48113016902,6230,48113_Dallas_Dallas
48113016903,5173,48113_Dallas_Dallas
48113017005,682,48113_Dallas_Dallas
48113017006,2680,48113_Dallas_Dallas
48113017007,112,48113_Dallas_Dallas
48113017008,1215,48113_Dallas_Dallas
48113017009,81,48113_Dallas_Dallas
48113017010,459,48113_Dallas_Dallas
48113017101,618,48113_Dallas_Dallas
48113017102,255,48113_Dallas_Dallas
48113017201,3028,48113_Dallas_Dallas
48113017203,2039,48113_Dallas_Dallas
48113017204,329,48113_Dallas_Dallas
48113017307,145,48113_Dallas_Dallas
48113017308,216,48113_Dallas_Dallas
48113017309,157,48113_Dallas_Dallas
48113017310,61,48113_Dallas_Dallas
48113017311,205,48113_Dallas_Dallas
48113017312,131,48113_Dallas_Dallas
48113017313,322,48113_Dallas_Dallas
48113017314,366,48113_Dallas_Dallas
48113017315,454,48113_Dallas_Dallas
48113017400,6654,48113_Dallas_Dallas
48113017500,700,48113_Dallas_Dallas
48113017602,2746,48113_Dallas_Dallas
48113017604,271,48113_Dallas_Dallas
48113017605,42,48113_Dallas_Dallas
48113017606,327,48113_Dallas_Dallas
48113017703,286,48113_Dallas_Dallas
48113017704,3789,48113_Dallas_Dallas
48113017705,1631,48113_Dallas_Dallas
48113017706,628,48113_Dallas_Dallas
48113017805,8778,48113_Dallas_Dallas
48113017806,1936,48113_Dallas_Dallas
48113017808,753,48113_Dallas_Dallas
48113017811,380,48113_Dallas_Dallas
48113017812,851,48113_Dallas_Dallas
48113017814,2863,48113_Dallas_Dallas
48113017815,3073,48113_Dallas_Dallas
48113017816,228,48113_Dallas_Dallas
48113017817,6152,48113_Dallas_Dallas
48113017818,618,48113_Dallas_Dallas
48113017819,1834,48113_Dallas_Dallas
48113017820,357,48113_Dallas_Dallas
48113017900,598,48113_Dallas_Dallas
48113018001,411,48113_Dallas_Dallas
48113018002,124,48113_Dallas_Dallas
48113018105,1587,48113_Dallas_Dallas
48113018110,2467,48113_Dallas_Dallas
48113018111,1109,48113_Dallas_Dallas
48113018120,349,48113_Dallas_Dallas
48113018121,75,48113_Dallas_Dallas
48113018126,216,48113_Dallas_Dallas
48113018127,799,48113_Dallas_Dallas
48113018128,640,48113_Dallas_Dallas
48113018129,1739,48113_Dallas_Dallas
48113018130,1879,48113_Dallas_Dallas
48113018132,2843,48113_Dallas_Dallas
48113018133,3521,48113_Dallas_Dallas
48113018134,341,48113_Dallas_Dallas
48113018135,127,48113_Dallas_Dallas
48113018137,185,48113_Dallas_Dallas
48113018138,613,48113_Dallas_Dallas
48113018140,2268,48113_Dallas_Dallas
48113018141,485,48113_Dallas_Dallas
48113018142,64,48113_Dallas_Dallas
48113018143,431,48113_Dallas_Dallas
48113018144,118,48113_Dallas_Dallas
48113018145,706,48113_Dallas_Dallas
48113018146,92,48113_Dallas_Dallas
48113018147,194,48113_Dallas_Dallas
48113018148,742,48113_Dallas_Dallas
48113018149,479,48113_Dallas_Dallas
48113018150,260,48113_Dallas_Dallas
48113018151,1497,48113_Dallas_Dallas
48113018152,3058,48113_Dallas_Dallas
48113018153,249,48113_Dallas_Dallas
48113018154,430,48113_Dallas_Dallas
48113018155,637,48113_Dallas_Dallas
48113018156,1473,48113_Dallas_Dallas
48113018157,162,48113_Dallas_Dallas
48113018158,3426,48113_Dallas_Dallas
48113018159,1435,48113_Dallas_Dallas
48113018203,938,48113_Dallas_Dallas
48113018204,253,48113_Dallas_Dallas
48113018205,165,48113_Dallas_Dallas
48113018206,715,48113_Dallas_Dallas
48113018300,745,48113_Dallas_Dallas
48113018401,2149,48113_Dallas_Dallas
48113018402,1257,48113_Dallas_Dallas
48113018403,1920,48113_Dallas_Dallas
48113018501,13701,48113_Dallas_Dallas
48113018505,156,48113_Dallas_Dallas
48113018506,30038,48113_Dallas_Dallas
48113018507,1084,48113_Dallas_Dallas
48113018508,22,48113_Dallas_Dallas
48113018600,2487,48113_Dallas_Dallas
48113018700,325,48113_Dallas_Dallas
48113018801,2190,48113_Dallas_Dallas
48113018802,3070,48113_Dallas_Dallas
48113018900,4171,48113_Dallas_Dallas
48113019013,1976,48113_Dallas_Dallas
48113019016,1401,48113_Dallas_Dallas
48113019018,134,48113_Dallas_Dallas
48113019019,1211,48113_Dallas_Dallas
48113019020,323,48113_Dallas_Dallas
48113019023,554,48113_Dallas_Dallas
48113019024,1343,48113_Dallas_Dallas
48113019025,159,48113_Dallas_Dallas
48113019026,1222,48113_Dallas_Dallas
48113019027,3130,48113_Dallas_Dallas
48113019028,349,48113_Dallas_Dallas
48113019029,712,48113_Dallas_Dallas
48113019031,538,48113_Dallas_Dallas
48113019032,343,48113_Dallas_Dallas
48113019033,663,48113_Dallas_Dallas
48113019034,284,48113_Dallas_Dallas
48113019035,2081,48113_Dallas_Dallas
48113019036,1053,48113_Dallas_Dallas
48113019037,552,48113_Dallas_Dallas
48113019039,10912,48113_Dallas_Dallas
48113019040,14134,48113_Dallas_Dallas
48113019041,286,48113_Dallas_Dallas
48113019042,1112,48113_Dallas_Dallas
48113019044,61,48113_Dallas_Dallas
48113019045,196,48113_Dallas_Dallas
48113019046,350,48113_Dallas_Dallas
48113019047,194,48113_Dallas_Dallas
48113019048,191,48113_Dallas_Dallas
48113019049,202,48113_Dallas_Dallas
48113019050,484,48113_Dallas_Dallas
48113019051,521,48113_Dallas_Dallas
48113019052,12530,48113_Dallas_Dallas
48113019053,19139,48113_Dallas_Dallas
48113019101,11784,48113_Dallas_Dallas
48113019102,1717,48113_Dallas_Dallas
48113019202,1128,48113_Dallas_Dallas
48113019203,2144,48113_Dallas_Dallas
48113019205,3519,48113_Dallas_Dallas
48113019208,4162,48113_Dallas_Dallas
48113019210,2756,48113_Dallas_Dallas
48113019211,10429,48113_Dallas_Dallas
48113019212,14,48113_Dallas_Dallas
48113019213,887,48113_Dallas_Dallas
48113019214,457,48113_Dallas_Dallas
48113019215,1113,48113_Dallas_Dallas
48113019216,429,48113_Dallas_Dallas
48113019301,189,48113_Dallas_Dallas
48113019302,4935,48113_Dallas_Dallas
48113019400,2427,48113_Dallas_Dallas
48113019501,2509,48113_Dallas_Dallas
48113019502,1945,48113_Dallas_Dallas
48113019600,185,48113_Dallas_Dallas
48113019700,2553,48113_Dallas_Dallas
48113019800,3093,48113_Dallas_Dallas
48113019900,3579,48113_Dallas_Dallas
48113020000,7565,48113_Dallas_Dallas
48113020100,12410,48113_Dallas_Dallas
48113020200,695,48113_Dallas_Dallas
48113020300,2642,48113_Dallas_Dallas
48113020401,9305,48113_Dallas_Dallas
48113020402,18883,48113_Dallas_Dallas
48113020500,4582,48113_Dallas_Dallas
48113020600,1052,48113_Dallas_Dallas
48113020700,6604,48113_Dallas_Dallas
48113020800,344,48113_Dallas_Dallas
48113020900,860,48113_Dallas_Dallas
48113021000,937,48113_Dallas_Dallas
48113021100,1021,48113_Dallas_Dallas
48113021200,1187,48113_Dallas_Dallas
48113980000,14381,48113_Dallas_Dallas
48113980100,20338,48113_Dallas_Dallas
48113980200,27,48113_Dallas_Dallas
27053000101,1015,27053_Minneapolis_Hennepin
27053000102,812,27053_Minneapolis_Hennepin
27053000300,124,27053_Minneapolis_Hennepin
27053000601,608,27053_Minneapolis_Hennepin
27053000603,118,27053_Minneapolis_Hennepin
27053001100,726,27053_Minneapolis_Hennepin
27053001700,1022,27053_Minneapolis_Hennepin
27053002200,271,27053_Minneapolis_Hennepin
27053002400,1788,27053_Minneapolis_Hennepin
27053002700,46,27053_Minneapolis_Hennepin
27053003200,51,27053_Minneapolis_Hennepin
27053003300,220,27053_Minneapolis_Hennepin
27053003801,634,27053_Minneapolis_Hennepin
27053003802,194,27053_Minneapolis_Hennepin
27053005901,2682,27053_Minneapolis_Hennepin
27053005902,1247,27053_Minneapolis_Hennepin
27053006800,1236,27053_Minneapolis_Hennepin
27053007700,2618,27053_Minneapolis_Hennepin
27053007801,637,27053_Minneapolis_Hennepin
27053008100,1007,27053_Minneapolis_Hennepin
27053008200,1235,27053_Minneapolis_Hennepin
27053008300,749,27053_Minneapolis_Hennepin
27053008400,365,27053_Minneapolis_Hennepin
27053008500,1241,27053_Minneapolis_Hennepin
27053009500,324,27053_Minneapolis_Hennepin
27053009600,561,27053_Minneapolis_Hennepin
27053010600,214,27053_Minneapolis_Hennepin
27053010700,418,27053_Minneapolis_Hennepin
27053011000,382,27053_Minneapolis_Hennepin
27053011703,324,27053_Minneapolis_Hennepin
27053011704,297,27053_Minneapolis_Hennepin
27053011800,437,27053_Minneapolis_Hennepin
27053011998,275,27053_Minneapolis_Hennepin
27053012001,486,27053_Minneapolis_Hennepin
27053012003,2464,27053_Minneapolis_Hennepin
27053012101,152,27053_Minneapolis_Hennepin
27053012102,393,27053_Minneapolis_Hennepin
27053020101,520,27053_Minneapolis_Hennepin
27053020102,2408,27053_Minneapolis_Hennepin
27053020201,5278,27053_Minneapolis_Hennepin
27053020202,1366,27053_Minneapolis_Hennepin
27053020301,1581,27053_Minneapolis_Hennepin
27053020302,1150,27053_Minneapolis_Hennepin
27053020303,274,27053_Minneapolis_Hennepin
27053020304,1669,27053_Minneapolis_Hennepin
27053020400,2763,27053_Minneapolis_Hennepin
27053020500,178,27053_Minneapolis_Hennepin
27053020600,37,27053_Minneapolis_Hennepin
27053020700,696,27053_Minneapolis_Hennepin
27053020801,618,27053_Minneapolis_Hennepin
27053020804,1124,27053_Minneapolis_Hennepin
27053020902,279,27053_Minneapolis_Hennepin
27053020903,274,27053_Minneapolis_Hennepin
27053021001,969,27053_Minneapolis_Hennepin
27053021002,173,27053_Minneapolis_Hennepin
27053021100,87,27053_Minneapolis_Hennepin
27053021200,789,27053_Minneapolis_Hennepin
27053021300,1514,27053_Minneapolis_Hennepin
27053021400,4115,27053_Minneapolis_Hennepin
27053021501,771,27053_Minneapolis_Hennepin
27053021502,2504,27053_Minneapolis_Hennepin
27053021503,4529,27053_Minneapolis_Hennepin
27053021504,1639,27053_Minneapolis_Hennepin
27053021505,1825,27053_Minneapolis_Hennepin
27053021601,4763,27053_Minneapolis_Hennepin
27053021602,7374,27053_Minneapolis_Hennepin
27053021700,891,27053_Minneapolis_Hennepin
27053021800,4593,27053_Minneapolis_Hennepin
27053021900,14782,27053_Minneapolis_Hennepin
27053022000,10503,27053_Minneapolis_Hennepin
27053022101,2023,27053_Minneapolis_Hennepin
27053022102,416,27053_Minneapolis_Hennepin
27053022200,3722,27053_Minneapolis_Hennepin
27053022301,609,27053_Minneapolis_Hennepin
27053022302,1238,27053_Minneapolis_Hennepin
27053022400,981,27053_Minneapolis_Hennepin
27053022700,1065,27053_Minneapolis_Hennepin
27053022801,265,27053_Minneapolis_Hennepin
27053022802,1769,27053_Minneapolis_Hennepin
27053022901,7154,27053_Minneapolis_Hennepin
27053022902,148,27053_Minneapolis_Hennepin
27053023000,10152,27053_Minneapolis_Hennepin
27053023100,346,27053_Minneapolis_Hennepin
27053023201,1017,27053_Minneapolis_Hennepin
27053023202,910,27053_Minneapolis_Hennepin
27053023300,4494,27053_Minneapolis_Hennepin
27053023401,2672,27053_Minneapolis_Hennepin
27053023402,1682,27053_Minneapolis_Hennepin
27053023501,627,27053_Minneapolis_Hennepin
27053023502,1762,27053_Minneapolis_Hennepin
27053023600,4556,27053_Minneapolis_Hennepin
27053023700,2013,27053_Minneapolis_Hennepin
27053023801,968,27053_Minneapolis_Hennepin
27053023802,184,27053_Minneapolis_Hennepin
27053023901,648,27053_Minneapolis_Hennepin
27053023902,1936,27053_Minneapolis_Hennepin
27053023903,10720,27053_Minneapolis_Hennepin
27053024003,5581,27053_Minneapolis_Hennepin
27053024004,6917,27053_Minneapolis_Hennepin
27053024005,8325,27053_Minneapolis_Hennepin
27053024006,1346,27053_Minneapolis_Hennepin
27053024100,1680,27053_Minneapolis_Hennepin
27053024200,279,27053_Minneapolis_Hennepin
27053024300,5295,27053_Minneapolis_Hennepin
27053024400,3019,27053_Minneapolis_Hennepin
27053024500,451,27053_Minneapolis_Hennepin
27053024600,2541,27053_Minneapolis_Hennepin
27053024700,395,27053_Minneapolis_Hennepin
27053024801,273,27053_Minneapolis_Hennepin
27053024802,444,27053_Minneapolis_Hennepin
27053024903,545,27053_Minneapolis_Hennepin
27053024904,2788,27053_Minneapolis_Hennepin
27053025100,22219,27053_Minneapolis_Hennepin
27053025201,4667,27053_Minneapolis_Hennepin
27053025205,577,27053_Minneapolis_Hennepin
27053025301,1570,27053_Minneapolis_Hennepin
27053025302,531,27053_Minneapolis_Hennepin
27053025401,1756,27053_Minneapolis_Hennepin
27053025403,697,27053_Minneapolis_Hennepin
27053025601,4078,27053_Minneapolis_Hennepin
27053025603,7724,27053_Minneapolis_Hennepin
27053025605,6113,27053_Minneapolis_Hennepin
27053025702,4286,27053_Minneapolis_Hennepin
27053025703,689,27053_Minneapolis_Hennepin
27053025704,545,27053_Minneapolis_Hennepin
27053025801,2065,27053_Minneapolis_Hennepin
27053025802,146,27053_Minneapolis_Hennepin
27053025803,836,27053_Minneapolis_Hennepin
27053025805,605,27053_Minneapolis_Hennepin
27053025905,2148,27053_Minneapolis_Hennepin
27053025906,1470,27053_Minneapolis_Hennepin
27053025907,3560,27053_Minneapolis_Hennepin
27053025908,8299,27053_Minneapolis_Hennepin
27053025909,2004,27053_Minneapolis_Hennepin
27053026005,713,27053_Minneapolis_Hennepin
27053026006,1871,27053_Minneapolis_Hennepin
27053026007,32072,27053_Minneapolis_Hennepin
27053026013,224,27053_Minneapolis_Hennepin
27053026014,4082,27053_Minneapolis_Hennepin
27053026015,5335,27053_Minneapolis_Hennepin
27053026019,14209,27053_Minneapolis_Hennepin
27053026020,7215,27053_Minneapolis_Hennepin
27053026021,574,27053_Minneapolis_Hennepin
27053026023,1609,27053_Minneapolis_Hennepin
27053026024,526,27053_Minneapolis_Hennepin
27053026025,186,27053_Minneapolis_Hennepin
27053026026,287,27053_Minneapolis_Hennepin
27053026027,203,27053_Minneapolis_Hennepin
27053026028,3658,27053_Minneapolis_Hennepin
27053026101,581,27053_Minneapolis_Hennepin
27053026103,2817,27053_Minneapolis_Hennepin
27053026104,22933,27053_Minneapolis_Hennepin
27053026201,1338,27053_Minneapolis_Hennepin
27053026202,1779,27053_Minneapolis_Hennepin
27053026205,575,27053_Minneapolis_Hennepin
27053026206,470,27053_Minneapolis_Hennepin
27053026207,1301,27053_Minneapolis_Hennepin
27053026208,2095,27053_Minneapolis_Hennepin
27053026301,6766,27053_Minneapolis_Hennepin
27053026302,1090,27053_Minneapolis_Hennepin
27053026403,2737,27053_Minneapolis_Hennepin
27053026404,5367,27053_Minneapolis_Hennepin
27053026405,2341,27053_Minneapolis_Hennepin
27053026406,713,27053_Minneapolis_Hennepin
27053026505,168,27053_Minneapolis_Hennepin
27053026507,10835,27053_Minneapolis_Hennepin
27053026508,6028,27053_Minneapolis_Hennepin
27053026509,1274,27053_Minneapolis_Hennepin
27053026510,2076,27053_Minneapolis_Hennepin
27053026511,333,27053_Minneapolis_Hennepin
27053026514,22215,27053_Minneapolis_Hennepin
27053026515,175,27053_Minneapolis_Hennepin
27053026516,889,27053_Minneapolis_Hennepin
27053026605,1413,27053_Minneapolis_Hennepin
27053026606,441,27053_Minneapolis_Hennepin
27053026609,1037,27053_Minneapolis_Hennepin
27053026610,365,27053_Minneapolis_Hennepin
27053026611,2538,27053_Minneapolis_Hennepin
27053026614,459,27053_Minneapolis_Hennepin
27053026615,1284,27053_Minneapolis_Hennepin
27053026616,969,27053_Minneapolis_Hennepin
27053026617,1036,27053_Minneapolis_Hennepin
27053026702,2138,27053_Minneapolis_Hennepin
27053026706,89,27053_Minneapolis_Hennepin
27053026707,3345,27053_Minneapolis_Hennepin
27053026708,4459,27053_Minneapolis_Hennepin
27053026711,3450,27053_Minneapolis_Hennepin
27053026712,2459,27053_Minneapolis_Hennepin
27053026713,1935,27053_Minneapolis_Hennepin
27053026717,1389,27053_Minneapolis_Hennepin
27053026718,6811,27053_Minneapolis_Hennepin
27053026719,860,27053_Minneapolis_Hennepin
27053026720,318,27053_Minneapolis_Hennepin
27053026721,130,27053_Minneapolis_Hennepin
27053026722,183,27053_Minneapolis_Hennepin
27053026723,234,27053_Minneapolis_Hennepin
27053026724,8079,27053_Minneapolis_Hennepin
27053026725,781,27053_Minneapolis_Hennepin
27053026726,3431,27053_Minneapolis_Hennepin
27053026807,7685,27053_Minneapolis_Hennepin
27053026809,1164,27053_Minneapolis_Hennepin
27053026811,1188,27053_Minneapolis_Hennepin
27053026812,8100,27053_Minneapolis_Hennepin
27053026814,1506,27053_Minneapolis_Hennepin
27053026815,226,27053_Minneapolis_Hennepin
27053026816,2307,27053_Minneapolis_Hennepin
27053026818,1515,27053_Minneapolis_Hennepin
27053026819,439,27053_Minneapolis_Hennepin
27053026822,1367,27053_Minneapolis_Hennepin
27053026823,1494,27053_Minneapolis_Hennepin
27053026824,1259,27053_Minneapolis_Hennepin
27053026825,228,27053_Minneapolis_Hennepin
27053026826,172,27053_Minneapolis_Hennepin
27053026827,956,27053_Minneapolis_Hennepin
27053026828,271,27053_Minneapolis_Hennepin
27053026903,212,27053_Minneapolis_Hennepin
27053026906,1433,27053_Minneapolis_Hennepin
27053026907,2819,27053_Minneapolis_Hennepin
27053026908,864,27053_Minneapolis_Hennepin
27053026910,1460,27053_Minneapolis_Hennepin
27053026911,7687,27053_Minneapolis_Hennepin
27053026912,3338,27053_Minneapolis_Hennepin
27053027001,983,27053_Minneapolis_Hennepin
27053027002,1799,27053_Minneapolis_Hennepin
27053027101,7524,27053_Minneapolis_Hennepin
27053027102,1557,27053_Minneapolis_Hennepin
27053027202,1168,27053_Minneapolis_Hennepin
27053027203,1497,27053_Minneapolis_Hennepin
27053027204,1132,27053_Minneapolis_Hennepin
27053027205,463,27053_Minneapolis_Hennepin
27053027300,5685,27053_Minneapolis_Hennepin
27053027400,1215,27053_Minneapolis_Hennepin
27053027501,2353,27053_Minneapolis_Hennepin
27053027503,762,27053_Minneapolis_Hennepin
27053027504,251,27053_Minneapolis_Hennepin
27053027601,543,27053_Minneapolis_Hennepin
27053027602,771,27053_Minneapolis_Hennepin
27053027701,730,27053_Minneapolis_Hennepin
27053027702,380,27053_Minneapolis_Hennepin
27053027703,218,27053_Minneapolis_Hennepin
27053100200,397,27053_Minneapolis_Hennepin
27053100400,636,27053_Minneapolis_Hennepin
27053100500,2392,27053_Minneapolis_Hennepin
27053100700,175,27053_Minneapolis_Hennepin
27053100800,122,27053_Minneapolis_Hennepin
27053100900,789,27053_Minneapolis_Hennepin
27053101200,460,27053_Minneapolis_Hennepin
27053101300,60,27053_Minneapolis_Hennepin
27053101600,1621,27053_Minneapolis_Hennepin
27053101800,1077,27053_Minneapolis_Hennepin
27053101900,361,27053_Minneapolis_Hennepin
27053102000,64,27053_Minneapolis_Hennepin
27053102100,2413,27053_Minneapolis_Hennepin
27053102500,2391,27053_Minneapolis_Hennepin
27053102600,3966,27053_Minneapolis_Hennepin
27053102800,504,27053_Minneapolis_Hennepin
27053103000,1982,27053_Minneapolis_Hennepin
27053103100,330,27053_Minneapolis_Hennepin
27053103400,2448,27053_Minneapolis_Hennepin
27053103600,2043,27053_Minneapolis_Hennepin
27053103700,1933,27053_Minneapolis_Hennepin
27053103900,719,27053_Minneapolis_Hennepin
27053104001,4161,27053_Minneapolis_Hennepin
27053104002,15281,27053_Minneapolis_Hennepin
27053104100,1993,27053_Minneapolis_Hennepin
27053104400,43155,27053_Minneapolis_Hennepin
27053104801,232,27053_Minneapolis_Hennepin
27053104802,11369,27053_Minneapolis_Hennepin
27053104901,30554,27053_Minneapolis_Hennepin
27053104902,2046,27053_Minneapolis_Hennepin
27053105100,1429,27053_Minneapolis_Hennepin
27053105201,2337,27053_Minneapolis_Hennepin
27053105204,1193,27053_Minneapolis_Hennepin
27053105400,10809,27053_Minneapolis_Hennepin
27053105500,1314,27053_Minneapolis_Hennepin
27053105600,1022,27053_Minneapolis_Hennepin
27053105700,557,27053_Minneapolis_Hennepin
27053106000,3062,27053_Minneapolis_Hennepin
27053106200,2085,27053_Minneapolis_Hennepin
27053106400,299,27053_Minneapolis_Hennepin
27053106500,1162,27053_Minneapolis_Hennepin
27053106600,1196,27053_Minneapolis_Hennepin
27053106700,1840,27053_Minneapolis_Hennepin
27053106900,3065,27053_Minneapolis_Hennepin
27053107000,955,27053_Minneapolis_Hennepin
27053107400,2105,27053_Minneapolis_Hennepin
27053107500,4419,27053_Minneapolis_Hennepin
27053107600,523,27053_Minneapolis_Hennepin
27053108000,1083,27053_Minneapolis_Hennepin
27053108600,482,27053_Minneapolis_Hennepin
27053108700,781,27053_Minneapolis_Hennepin
27053108800,1740,27053_Minneapolis_Hennepin
27053108900,180,27053_Minneapolis_Hennepin
27053109000,221,27053_Minneapolis_Hennepin
27053109100,1805,27053_Minneapolis_Hennepin
27053109200,902,27053_Minneapolis_Hennepin
27053109300,969,27053_Minneapolis_Hennepin
27053109400,306,27053_Minneapolis_Hennepin
27053109700,431,27053_Minneapolis_Hennepin
27053109800,693,27053_Minneapolis_Hennepin
27053109900,579,27053_Minneapolis_Hennepin
27053110000,78,27053_Minneapolis_Hennepin
27053110100,249,27053_Minneapolis_Hennepin
27053110200,465,27053_Minneapolis_Hennepin
27053110400,1163,27053_Minneapolis_Hennepin
27053110500,1670,27053_Minneapolis_Hennepin
27053110800,973,27053_Minneapolis_Hennepin
27053110900,453,27053_Minneapolis_Hennepin
27053111100,393,27053_Minneapolis_Hennepin
27053111200,827,27053_Minneapolis_Hennepin
27053111300,647,27053_Minneapolis_Hennepin
27053111400,379,27053_Minneapolis_Hennepin
27053111500,1475,27053_Minneapolis_Hennepin
27053111600,364,27053_Minneapolis_Hennepin
27053122500,692,27053_Minneapolis_Hennepin
27053122600,1966,27053_Minneapolis_Hennepin
27053125500,8421,27053_Minneapolis_Hennepin
27053125600,2589,27053_Minneapolis_Hennepin
27053125700,264,27053_Minneapolis_Hennepin
27053125800,15807,27053_Minneapolis_Hennepin
27053125900,1262,27053_Minneapolis_Hennepin
27053126000,7676,27053_Minneapolis_Hennepin
27053126101,4754,27053_Minneapolis_Hennepin
27053126102,67057,27053_Minneapolis_Hennepin
27053126201,9455,27053_Minneapolis_Hennepin
27053126202,7876,27053_Minneapolis_Hennepin
27053126300,3321,27053_Minneapolis_Hennepin
27053980000,14173,27053_Minneapolis_Hennepin
27053980100,6115,27053_Minneapolis_Hennepin
53033000101,426,53033_Seattle_King
53033000102,1137,53033_Seattle_King
53033000201,403,53033_Seattle_King
53033000202,325,53033_Seattle_King
53033000300,826,53033_Seattle_King
53033000402,1320,53033_Seattle_King
53033000403,232,53033_Seattle_King
53033000404,933,53033_Seattle_King
53033000500,310,53033_Seattle_King
53033000601,451,53033_Seattle_King
53033000602,5207,53033_Seattle_King
53033000700,1417,53033_Seattle_King
53033000800,167,53033_Seattle_King
53033000900,144,53033_Seattle_King
53033001000,352,53033_Seattle_King
53033001100,534,53033_Seattle_King
53033001201,3265,53033_Seattle_King
53033001202,1213,53033_Seattle_King
53033001300,1475,53033_Seattle_King
53033001400,790,53033_Seattle_King
53033001500,185,53033_Seattle_King
53033001600,744,53033_Seattle_King
53033001701,1579,53033_Seattle_King
53033001702,938,53033_Seattle_King
53033001800,565,53033_Seattle_King
53033001900,3414,53033_Seattle_King
53033002000,478,53033_Seattle_King
53033002100,650,53033_Seattle_King
53033002200,672,53033_Seattle_King
53033002400,325,53033_Seattle_King
53033002500,874,53033_Seattle_King
53033002600,1020,53033_Seattle_King
53033002700,1552,53033_Seattle_King
53033002800,1307,53033_Seattle_King
53033002900,963,53033_Seattle_King
53033003000,828,53033_Seattle_King
53033003100,647,53033_Seattle_King
53033003201,1667,53033_Seattle_King
53033003202,490,53033_Seattle_King
53033003301,476,53033_Seattle_King
53033003302,292,53033_Seattle_King
53033003400,449,53033_Seattle_King
53033003500,1351,53033_Seattle_King
53033003601,927,53033_Seattle_King
53033003602,1420,53033_Seattle_King
53033003800,427,53033_Seattle_King
53033003900,572,53033_Seattle_King
53033004000,1472,53033_Seattle_King
53033004101,1438,53033_Seattle_King
53033004102,9263,53033_Seattle_King
53033004201,628,53033_Seattle_King
53033004202,943,53033_Seattle_King
53033004301,3595,53033_Seattle_King
53033004302,1274,53033_Seattle_King
53033004401,1661,53033_Seattle_King
53033004402,533,53033_Seattle_King
53033004500,474,53033_Seattle_King
53033004600,497,53033_Seattle_King
53033004701,4531,53033_Seattle_King
53033004702,1161,53033_Seattle_King
53033004703,4639,53033_Seattle_King
53033004800,1974,53033_Seattle_King
53033004901,930,53033_Seattle_King
53033004902,4025,53033_Seattle_King
53033005000,1421,53033_Seattle_King
53033005100,1205,53033_Seattle_King
53033005201,1680,53033_Seattle_King
53033005202,425,53033_Seattle_King
53033005303,25731,53033_Seattle_King
53033005304,183,53033_Seattle_King
53033005305,1326,53033_Seattle_King
53033005306,1562,53033_Seattle_King
53033005307,148,53033_Seattle_King
53033005401,4256,53033_Seattle_King
53033005402,720,53033_Seattle_King
53033005600,962,53033_Seattle_King
53033005700,1634,53033_Seattle_King
53033005801,3939,53033_Seattle_King
53033005803,259,53033_Seattle_King
53033005804,3052,53033_Seattle_King
53033005901,2251,53033_Seattle_King
53033005902,747,53033_Seattle_King
53033006000,2287,53033_Seattle_King
53033006100,2885,53033_Seattle_King
53033006200,839,53033_Seattle_King
53033006300,1898,53033_Seattle_King
53033006400,510,53033_Seattle_King
53033006500,664,53033_Seattle_King
53033006600,9305,53033_Seattle_King
53033006701,4376,53033_Seattle_King
53033006702,8763,53033_Seattle_King
53033006703,532,53033_Seattle_King
53033006800,1747,53033_Seattle_King
53033006900,4453,53033_Seattle_King
53033007001,1338,53033_Seattle_King
53033007002,837,53033_Seattle_King
53033007101,5269,53033_Seattle_King
53033007102,6354,53033_Seattle_King
53033007201,4793,53033_Seattle_King
53033007202,13305,53033_Seattle_King
53033007203,8435,53033_Seattle_King
53033007301,4300,53033_Seattle_King
53033007302,24877,53033_Seattle_King
53033007303,52891,53033_Seattle_King
53033007403,690,53033_Seattle_King
53033007404,246,53033_Seattle_King
53033007405,370,53033_Seattle_King
53033007406,503,53033_Seattle_King
53033007501,1155,53033_Seattle_King
53033007502,1071,53033_Seattle_King
53033007503,3598,53033_Seattle_King
53033007600,1558,53033_Seattle_King
53033007700,942,53033_Seattle_King
53033007800,5525,53033_Seattle_King
53033007901,1836,53033_Seattle_King
53033007902,1386,53033_Seattle_King
53033008002,9279,53033_Seattle_King
53033008003,5119,53033_Seattle_King
53033008004,5017,53033_Seattle_King
53033008101,13797,53033_Seattle_King
53033008102,60876,53033_Seattle_King
53033008200,42960,53033_Seattle_King
53033008300,7089,53033_Seattle_King
53033008401,12213,53033_Seattle_King
53033008402,1699,53033_Seattle_King
53033008500,28005,53033_Seattle_King
53033008600,4856,53033_Seattle_King
53033008700,1656,53033_Seattle_King
53033008800,531,53033_Seattle_King
53033008900,2812,53033_Seattle_King
53033009000,4111,53033_Seattle_King
53033009100,2809,53033_Seattle_King
53033009200,7755,53033_Seattle_King
53033009300,44995,53033_Seattle_King
53033009400,3754,53033_Seattle_King
53033009500,2261,53033_Seattle_King
53033009600,1647,53033_Seattle_King
53033009701,710,53033_Seattle_King
53033009702,510,53033_Seattle_King
53033009801,924,53033_Seattle_King
53033009802,1995,53033_Seattle_King
53033009900,6069,53033_Seattle_King
53033010001,5016,53033_Seattle_King
53033010002,1082,53033_Seattle_King
53033010101,1040,53033_Seattle_King
53033010102,886,53033_Seattle_King
53033010200,607,53033_Seattle_King
53033010301,1001,53033_Seattle_King
53033010302,2237,53033_Seattle_King
53033010401,256,53033_Seattle_King
53033010402,471,53033_Seattle_King
53033010501,1450,53033_Seattle_King
53033010502,2906,53033_Seattle_King
53033010601,562,53033_Seattle_King
53033010602,670,53033_Seattle_King
53033010701,731,53033_Seattle_King
53033010702,332,53033_Seattle_King
53033010800,1120,53033_Seattle_King
53033010900,17963,53033_Seattle_King
53033011001,802,53033_Seattle_King
53033011002,573,53033_Seattle_King
53033011101,346,53033_Seattle_King
53033011102,1043,53033_Seattle_King
53033011200,5424,53033_Seattle_King
53033011300,2427,53033_Seattle_King
53033011401,123,53033_Seattle_King
53033011402,1374,53033_Seattle_King
53033011500,717,53033_Seattle_King
53033011601,601,53033_Seattle_King
53033011602,477,53033_Seattle_King
53033011700,1137,53033_Seattle_King
53033011801,374,53033_Seattle_King
53033011802,649,53033_Seattle_King
53033011901,82,53033_Seattle_King
53033011902,236,53033_Seattle_King
53033012000,315,53033_Seattle_King
53033012100,89,53033_Seattle_King
53033020100,415,53033_Seattle_King
53033020200,938,53033_Seattle_King
53033020301,1814,53033_Seattle_King
53033020302,667,53033_Seattle_King
53033020401,2147,53033_Seattle_King
53033020402,503,53033_Seattle_King
53033020500,1115,53033_Seattle_King
53033020600,261,53033_Seattle_King
53033020700,1956,53033_Seattle_King
53033020800,546,53033_Seattle_King
53033020900,3294,53033_Seattle_King
53033021000,1531,53033_Seattle_King
53033021100,1394,53033_Seattle_King
53033021300,767,53033_Seattle_King
53033021400,783,53033_Seattle_King
53033021500,365,53033_Seattle_King
53033021600,969,53033_Seattle_King
53033021701,306,53033_Seattle_King
53033021702,1372,53033_Seattle_King
53033021802,9814,53033_Seattle_King
53033021803,5733,53033_Seattle_King
53033021804,1676,53033_Seattle_King
53033021903,9864,53033_Seattle_King
53033021904,2653,53033_Seattle_King
53033021905,1578,53033_Seattle_King
53033021906,3344,53033_Seattle_King
53033022001,830,53033_Seattle_King
53033022003,1643,53033_Seattle_King
53033022005,4142,53033_Seattle_King
53033022006,617,53033_Seattle_King
53033022101,504,53033_Seattle_King
53033022102,378,53033_Seattle_King
53033022201,453,53033_Seattle_King
53033022203,655,53033_Seattle_King
53033022204,387,53033_Seattle_King
53033022205,866,53033_Seattle_King
53033022300,550,53033_Seattle_King
53033022401,841,53033_Seattle_King
53033022402,3056,53033_Seattle_King
53033022501,1954,53033_Seattle_King
53033022502,10040,53033_Seattle_King
53033022603,1800,53033_Seattle_King
53033022604,2539,53033_Seattle_King
53033022605,4565,53033_Seattle_King
53033022606,472,53033_Seattle_King
53033022701,8644,53033_Seattle_King
53033022702,1126,53033_Seattle_King
53033022703,1430,53033_Seattle_King
53033022802,358,53033_Seattle_King
53033022803,81513,53033_Seattle_King
53033022804,1749,53033_Seattle_King
53033022805,1059,53033_Seattle_King
53033022901,484,53033_Seattle_King
53033022902,614,53033_Seattle_King
53033023000,1925,53033_Seattle_King
53033023100,404,53033_Seattle_King
53033023201,1376,53033_Seattle_King
53033023202,2343,53033_Seattle_King
53033023300,1041,53033_Seattle_King
53033023401,9682,53033_Seattle_King
53033023403,2281,53033_Seattle_King
53033023404,1392,53033_Seattle_King
53033023500,459,53033_Seattle_King
53033023601,14211,53033_Seattle_King
53033023603,3037,53033_Seattle_King
53033023604,748,53033_Seattle_King
53033023701,6247,53033_Seattle_King
53033023702,17463,53033_Seattle_King
53033023801,6121,53033_Seattle_King
53033023805,11458,53033_Seattle_King
53033023806,3827,53033_Seattle_King
53033023807,34657,53033_Seattle_King
53033023808,9861,53033_Seattle_King
53033023901,266,53033_Seattle_King
53033023902,393,53033_Seattle_King
53033024001,4209,53033_Seattle_King
53033024002,516,53033_Seattle_King
53033024100,1158,53033_Seattle_King
53033024200,611,53033_Seattle_King
53033024301,3428,53033_Seattle_King
53033024302,521,53033_Seattle_King
53033024400,1263,53033_Seattle_King
53033024500,1333,53033_Seattle_King
53033024601,435,53033_Seattle_King
53033024602,641,53033_Seattle_King
53033024701,370,53033_Seattle_King
53033024703,450,53033_Seattle_King
53033024704,517,53033_Seattle_King
53033024800,15264,53033_Seattle_King
53033024901,791,53033_Seattle_King
53033024902,426,53033_Seattle_King
53033024904,176,53033_Seattle_King
53033024905,218,53033_Seattle_King
53033025001,1310,53033_Seattle_King
53033025005,1210,53033_Seattle_King
53033025006,869,53033_Seattle_King
53033025007,377,53033_Seattle_King
53033025008,168,53033_Seattle_King
53033025101,668,53033_Seattle_King
53033025103,1065,53033_Seattle_King
53033025104,334,53033_Seattle_King
53033025201,145,53033_Seattle_King
53033025202,329,53033_Seattle_King
53033025302,10133,53033_Seattle_King
53033025303,15141,53033_Seattle_King
53033025304,405,53033_Seattle_King
53033025401,865,53033_Seattle_King
53033025402,259,53033_Seattle_King
53033025500,508,53033_Seattle_King
53033025601,805,53033_Seattle_King
53033025602,698,53033_Seattle_King
53033025702,138,53033_Seattle_King
53033025703,336,53033_Seattle_King
53033025704,372,53033_Seattle_King
53033025803,127,53033_Seattle_King
53033025804,89,53033_Seattle_King
53033025805,397,53033_Seattle_King
53033025806,6313,53033_Seattle_King
53033026001,373,53033_Seattle_King
53033026003,117,53033_Seattle_King
53033026004,783,53033_Seattle_King
53033026101,333,53033_Seattle_King
53033026102,487,53033_Seattle_King
53033026200,46260,53033_Seattle_King
53033026300,4459,53033_Seattle_King
53033026400,3180,53033_Seattle_King
53033026500,833,53033_Seattle_King
53033026600,656,53033_Seattle_King
53033026700,494,53033_Seattle_King
53033026801,390,53033_Seattle_King
53033026802,364,53033_Seattle_King
53033027000,179,53033_Seattle_King
53033027100,833,53033_Seattle_King
53033027200,10368,53033_Seattle_King
53033027300,2207,53033_Seattle_King
53033027400,1387,53033_Seattle_King
53033027500,1358,53033_Seattle_King
53033027600,355,53033_Seattle_King
53033027701,2285,53033_Seattle_King
53033027702,472,53033_Seattle_King
53033027800,182,53033_Seattle_King
53033027901,1406,53033_Seattle_King
53033027902,6621,53033_Seattle_King
53033028000,1042,53033_Seattle_King
53033028100,2885,53033_Seattle_King
53033028200,865,53033_Seattle_King
53033028300,7232,53033_Seattle_King
53033028402,12601,53033_Seattle_King
53033028403,4067,53033_Seattle_King
53033028500,1769,53033_Seattle_King
53033028600,977,53033_Seattle_King
53033028700,327,53033_Seattle_King
53033028801,5166,53033_Seattle_King
53033028802,8334,53033_Seattle_King
53033028901,1813,53033_Seattle_King
53033028902,914,53033_Seattle_King
53033029001,710,53033_Seattle_King
53033029003,1024,53033_Seattle_King
53033029004,1537,53033_Seattle_King
53033029101,277,53033_Seattle_King
53033029102,242,53033_Seattle_King
53033029203,5738,53033_Seattle_King
53033029205,1254,53033_Seattle_King
53033029206,45357,53033_Seattle_King
53033029207,558,53033_Seattle_King
53033029208,748,53033_Seattle_King
53033029304,179,53033_Seattle_King
53033029305,236,53033_Seattle_King
53033029306,316,53033_Seattle_King
53033029307,581,53033_Seattle_King
53033029308,574,53033_Seattle_King
53033029309,1825,53033_Seattle_King
53033029403,426,53033_Seattle_King
53033029405,121,53033_Seattle_King
53033029406,294,53033_Seattle_King
53033029407,590,53033_Seattle_King
53033029408,143,53033_Seattle_King
53033029504,1529,53033_Seattle_King
53033029505,776,53033_Seattle_King
53033029506,1448,53033_Seattle_King
53033029507,4083,53033_Seattle_King
53033029508,55,53033_Seattle_King
53033029602,271,53033_Seattle_King
53033029603,345,53033_Seattle_King
53033029604,310,53033_Seattle_King
53033029701,4690,53033_Seattle_King
53033029702,1258,53033_Seattle_King
53033029803,571,53033_Seattle_King
53033029804,115,53033_Seattle_King
53033029805,481,53033_Seattle_King
53033029806,181,53033_Seattle_King
53033029901,399,53033_Seattle_King
53033029902,2691,53033_Seattle_King
53033030003,1004,53033_Seattle_King
53033030005,458,53033_Seattle_King
53033030006,2809,53033_Seattle_King
53033030007,100,53033_Seattle_King
53033030008,135,53033_Seattle_King
53033030101,267,53033_Seattle_King
53033030102,431,53033_Seattle_King
53033030201,335,53033_Seattle_King
53033030203,1146,53033_Seattle_King
53033030204,481,53033_Seattle_King
53033030304,2471,53033_Seattle_King
53033030305,233,53033_Seattle_King
53033030306,353,53033_Seattle_King
53033030308,812,53033_Seattle_King
53033030309,1593,53033_Seattle_King
53033030310,839,53033_Seattle_King
53033030311,442,53033_Seattle_King
53033030312,414,53033_Seattle_King
53033030313,8093,53033_Seattle_King
53033030314,8213,53033_Seattle_King
53033030403,175,53033_Seattle_King
53033030404,299,53033_Seattle_King
53033030405,405,53033_Seattle_King
53033030406,123,53033_Seattle_King
53033030407,2284,53033_Seattle_King
53033030501,17325,53033_Seattle_King
53033030503,1669,53033_Seattle_King
53033030504,636,53033_Seattle_King
53033030600,2821,53033_Seattle_King
53033030700,945,53033_Seattle_King
53033030801,11215,53033_Seattle_King
53033030802,216,53033_Seattle_King
53033030901,1935,53033_Seattle_King
53033030902,1033,53033_Seattle_King
53033031000,550,53033_Seattle_King
53033031101,2165,53033_Seattle_King
53033031102,278,53033_Seattle_King
53033031202,2106,53033_Seattle_King
53033031204,841,53033_Seattle_King
53033031206,1236,53033_Seattle_King
53033031207,138,53033_Seattle_King
53033031208,1041,53033_Seattle_King
53033031301,305,53033_Seattle_King
53033031302,1101,53033_Seattle_King
53033031400,3488,53033_Seattle_King
53033031501,293,53033_Seattle_King
53033031502,793,53033_Seattle_King
53033031601,297,53033_Seattle_King
53033031603,1086,53033_Seattle_King
53033031604,528,53033_Seattle_King
53033031605,571,53033_Seattle_King
53033031704,881,53033_Seattle_King
53033031705,553,53033_Seattle_King
53033031707,318,53033_Seattle_King
53033031708,290,53033_Seattle_King
53033031709,298,53033_Seattle_King
53033031710,3075,53033_Seattle_King
53033031800,617,53033_Seattle_King
53033031904,652,53033_Seattle_King
53033031906,380,53033_Seattle_King
53033031908,1288,53033_Seattle_King
53033031909,251,53033_Seattle_King
53033031910,268,53033_Seattle_King
53033031911,213,53033_Seattle_King
53033031912,365,53033_Seattle_King
53033031913,121,53033_Seattle_King
53033032002,489,53033_Seattle_King
53033032003,507,53033_Seattle_King
53033032005,733,53033_Seattle_King
53033032006,407,53033_Seattle_King
53033032007,501,53033_Seattle_King
53033032008,140,53033_Seattle_King
53033032010,3621,53033_Seattle_King
53033032011,672,53033_Seattle_King
53033032102,804,53033_Seattle_King
53033032103,8051,53033_Seattle_King
53033032104,661,53033_Seattle_King
53033032207,649,53033_Seattle_King
53033032211,887,53033_Seattle_King
53033032213,257,53033_Seattle_King
53033032215,624,53033_Seattle_King
53033032216,867,53033_Seattle_King
53033032217,389,53033_Seattle_King
53033032218,681,53033_Seattle_King
53033032219,16392,53033_Seattle_King
53033032220,2559,53033_Seattle_King
53033032221,1582,53033_Seattle_King
53033032222,488,53033_Seattle_King
53033032223,256,53033_Seattle_King
53033032224,327,53033_Seattle_King
53033032225,895,53033_Seattle_King
53033032307,712,53033_Seattle_King
53033032311,512,53033_Seattle_King
53033032313,12891,53033_Seattle_King
53033032315,565,53033_Seattle_King
53033032316,435,53033_Seattle_King
53033032317,728,53033_Seattle_King
53033032318,482,53033_Seattle_King
53033032319,9111,53033_Seattle_King
53033032320,1010,53033_Seattle_King
53033032321,1280,53033_Seattle_King
53033032322,311,53033_Seattle_King
53033032323,634,53033_Seattle_King
53033032324,266,53033_Seattle_King
53033032325,705,53033_Seattle_King
53033032326,421,53033_Seattle_King
53033032327,517,53033_Seattle_King
53033032328,1577,53033_Seattle_King
53033032330,6905,53033_Seattle_King
53033032331,11465,53033_Seattle_King
53033032332,1053,53033_Seattle_King
53033032333,654,53033_Seattle_King
53033032401,1903,53033_Seattle_King
53033032402,614,53033_Seattle_King
53033032500,882,53033_Seattle_King
53033032601,549,53033_Seattle_King
53033032603,604,53033_Seattle_King
53033032604,2324,53033_Seattle_King
53033032605,437,53033_Seattle_King
53033032703,3109,53033_Seattle_King
53033032704,2895,53033_Seattle_King
53033032705,227,53033_Seattle_King
53033032706,245,53033_Seattle_King
53033032800,868,53033_Seattle_King
29047020201,1022,29047_KC_Clay
29047020202,3846,29047_KC_Clay
29047020300,2333,29047_KC_Clay
29047020400,1351,29047_KC_Clay
29047020500,282,29047_KC_Clay
29047020602,1205,29047_KC_Clay
29047020603,876,29047_KC_Clay
29047020604,1282,29047_KC_Clay
29047020802,5073,29047_KC_Clay
29047020803,992,29047_KC_Clay
29047020901,1163,29047_KC_Clay
29047020902,531,29047_KC_Clay
29047021001,1883,29047_KC_Clay
29047021003,1142,29047_KC_Clay
29047021004,287,29047_KC_Clay
29047021101,2565,29047_KC_Clay
29047021103,708,29047_KC_Clay
29047021104,1016,29047_KC_Clay
29047021105,204,29047_KC_Clay
29047021204,1077,29047_KC_Clay
29047021208,1284,29047_KC_Clay
29047021209,1127,29047_KC_Clay
29047021210,225,29047_KC_Clay
29047021211,285,29047_KC_Clay
29047021212,801,29047_KC_Clay
29047021213,1327,29047_KC_Clay
29047021214,451,29047_KC_Clay
29047021303,546,29047_KC_Clay
29047021307,2813,29047_KC_Clay
29047021309,2822,29047_KC_Clay
29047021311,90,29047_KC_Clay
29047021312,285,29047_KC_Clay
29047021313,618,29047_KC_Clay
29047021314,372,29047_KC_Clay
29047021401,6294,29047_KC_Clay
29047021403,2172,29047_KC_Clay
29047021404,2106,29047_KC_Clay
29047021601,191,29047_KC_Clay
29047021602,2535,29047_KC_Clay
29047021701,2612,29047_KC_Clay
29047021703,441,29047_KC_Clay
29047021704,1096,29047_KC_Clay
29047021806,1576,29047_KC_Clay
29047021807,73,29047_KC_Clay
29047021808,1317,29047_KC_Clay
29047021809,804,29047_KC_Clay
29047021810,359,29047_KC_Clay
29047021811,559,29047_KC_Clay
29047021812,863,29047_KC_Clay
29047021900,737,29047_KC_Clay
29047022000,2159,29047_KC_Clay
29047022100,26335,29047_KC_Clay
29047022200,9933,29047_KC_Clay
29047022301,219,29047_KC_Clay
29047022302,8788,29047_KC_Clay
48397040101,1541,48397_Dallas_Rockwall
48397040103,650,48397_Dallas_Rockwall
48397040104,1335,48397_Dallas_Rockwall
48397040201,150,48397_Dallas_Rockwall
48397040202,623,48397_Dallas_Rockwall
48397040203,474,48397_Dallas_Rockwall
48397040301,916,48397_Dallas_Rockwall
48397040303,1247,48397_Dallas_Rockwall
48397040304,3046,48397_Dallas_Rockwall
48397040305,7468,48397_Dallas_Rockwall
48397040403,423,48397_Dallas_Rockwall
48397040404,690,48397_Dallas_Rockwall
48397040405,1689,48397_Dallas_Rockwall
48397040406,292,48397_Dallas_Rockwall
48397040407,113,48397_Dallas_Rockwall
48397040408,1120,48397_Dallas_Rockwall
48397040409,861,48397_Dallas_Rockwall
48397040410,352,48397_Dallas_Rockwall
48397040411,566,48397_Dallas_Rockwall
48397040412,51,48397_Dallas_Rockwall
48397040503,4536,48397_Dallas_Rockwall
48397040507,3750,48397_Dallas_Rockwall
48397040508,821,48397_Dallas_Rockwall
48397040509,294,48397_Dallas_Rockwall
48397040510,1701,48397_Dallas_Rockwall
48397040511,246,48397_Dallas_Rockwall
48397040512,336,48397_Dallas_Rockwall
48397040513,573,48397_Dallas_Rockwall
48397040514,298,48397_Dallas_Rockwall
36047000100,816,36047_NY_Kings
36047000200,4518,36047_NY_Kings
36047000301,1145,36047_NY_Kings
36047000501,601,36047_NY_Kings
36047000502,1589,36047_NY_Kings
36047000700,835,36047_NY_Kings
36047000900,11645,36047_NY_Kings
36047001100,63067,36047_NY_Kings
36047001300,6292,36047_NY_Kings
36047001501,1664,36047_NY_Kings
36047001502,2921,36047_NY_Kings
36047001801,2007,36047_NY_Kings
36047001802,6558,36047_NY_Kings
36047001803,7942,36047_NY_Kings
36047001804,3937,36047_NY_Kings
36047002000,1590,36047_NY_Kings
36047002100,11339,36047_NY_Kings
36047002200,7476,36047_NY_Kings
36047002300,292,36047_NY_Kings
36047002901,804,36047_NY_Kings
36047003000,40,36047_NY_Kings
36047003101,1593,36047_NY_Kings
36047003300,6211,36047_NY_Kings
36047003400,569,36047_NY_Kings
36047003500,3588,36047_NY_Kings
36047003600,105,36047_NY_Kings
36047003700,15207,36047_NY_Kings
36047003800,21,36047_NY_Kings
36047003900,2015,36047_NY_Kings
36047004100,1236,36047_NY_Kings
36047004300,2275,36047_NY_Kings
36047004400,100,36047_NY_Kings
36047004500,1384,36047_NY_Kings
36047004600,788,36047_NY_Kings
36047004700,584,36047_NY_Kings
36047004900,711,36047_NY_Kings
36047005000,155,36047_NY_Kings
36047005100,924,36047_NY_Kings
36047005201,253,36047_NY_Kings
36047005202,58,36047_NY_Kings
36047005301,3227,36047_NY_Kings
36047005302,1424,36047_NY_Kings
36047005303,273,36047_NY_Kings
36047005400,346,36047_NY_Kings
36047005601,254,36047_NY_Kings
36047005602,214,36047_NY_Kings
36047005800,1181,36047_NY_Kings
36047005900,1782,36047_NY_Kings
36047006000,1164,36047_NY_Kings
36047006200,947,36047_NY_Kings
36047006300,648,36047_NY_Kings
36047006400,552,36047_NY_Kings
36047006500,652,36047_NY_Kings
36047006600,678,36047_NY_Kings
36047006700,601,36047_NY_Kings
36047006800,823,36047_NY_Kings
36047006901,650,36047_NY_Kings
36047006902,977,36047_NY_Kings
36047007000,660,36047_NY_Kings
36047007100,365,36047_NY_Kings
36047007200,44,36047_NY_Kings
36047007400,964,36047_NY_Kings
36047007500,991,36047_NY_Kings
36047007600,289,36047_NY_Kings
36047007700,2495,36047_NY_Kings
36047007800,344,36047_NY_Kings
36047008000,801,36047_NY_Kings
36047008200,551,36047_NY_Kings
36047008400,2670,36047_NY_Kings
36047008500,187,36047_NY_Kings
36047008600,103,36047_NY_Kings
36047008800,475,36047_NY_Kings
36047009001,79,36047_NY_Kings
36047009002,318,36047_NY_Kings
36047009201,2628,36047_NY_Kings
36047009202,130,36047_NY_Kings
36047009401,100,36047_NY_Kings
36047009402,235,36047_NY_Kings
36047009600,252,36047_NY_Kings
36047009800,596,36047_NY_Kings
36047010000,351,36047_NY_Kings
36047010100,2344,36047_NY_Kings
36047010200,492,36047_NY_Kings
36047010401,2690,36047_NY_Kings
36047010402,1012,36047_NY_Kings
36047010601,435,36047_NY_Kings
36047010602,404,36047_NY_Kings
36047010801,439,36047_NY_Kings
36047010802,498,36047_NY_Kings
36047011000,1621,36047_NY_Kings
36047011200,521,36047_NY_Kings
36047011400,3573,36047_NY_Kings
36047011600,276,36047_NY_Kings
36047011700,889,36047_NY_Kings
36047011800,2385,36047_NY_Kings
36047011901,2810,36047_NY_Kings
36047011902,987,36047_NY_Kings
36047012000,1471,36047_NY_Kings
36047012100,1756,36047_NY_Kings
36047012200,470,36047_NY_Kings
36047012600,461,36047_NY_Kings
36047012700,1079,36047_NY_Kings
36047012801,333,36047_NY_Kings
36047012901,694,36047_NY_Kings
36047012902,2108,36047_NY_Kings
36047013000,743,36047_NY_Kings
36047013100,956,36047_NY_Kings
36047013200,248,36047_NY_Kings
36047013300,801,36047_NY_Kings
36047013400,628,36047_NY_Kings
36047013500,700,36047_NY_Kings
36047013600,1008,36047_NY_Kings
36047013700,1168,36047_NY_Kings
36047013800,825,36047_NY_Kings
36047013900,775,36047_NY_Kings
36047014000,437,36047_NY_Kings
36047014101,282,36047_NY_Kings
36047014102,834,36047_NY_Kings
36047014200,251,36047_NY_Kings
36047014300,1197,36047_NY_Kings
36047014500,926,36047_NY_Kings
36047014700,407,36047_NY_Kings
36047014800,637,36047_NY_Kings
36047014901,386,36047_NY_Kings
36047014902,421,36047_NY_Kings
36047015000,218,36047_NY_Kings
36047015100,661,36047_NY_Kings
36047015200,2202,36047_NY_Kings
36047015300,5964,36047_NY_Kings
36047015500,866,36047_NY_Kings
36047015700,947,36047_NY_Kings
36047015900,2531,36047_NY_Kings
36047016000,1110,36047_NY_Kings
36047016100,1750,36047_NY_Kings
36047016200,494,36047_NY_Kings
36047016300,1061,36047_NY_Kings
36047016400,169,36047_NY_Kings
36047016500,1218,36047_NY_Kings
36047016600,264,36047_NY_Kings
36047016700,817,36047_NY_Kings
36047016800,22,36047_NY_Kings
36047016900,741,36047_NY_Kings
36047017000,566,36047_NY_Kings
36047017100,438,36047_NY_Kings
36047017200,287,36047_NY_Kings
36047017400,107,36047_NY_Kings
36047017600,275,36047_NY_Kings
36047017700,60,36047_NY_Kings
36047017800,787,36047_NY_Kings
36047017900,573,36047_NY_Kings
36047018000,462,36047_NY_Kings
36047018100,906,36047_NY_Kings
36047018200,984,36047_NY_Kings
36047018300,688,36047_NY_Kings
36047018400,248,36047_NY_Kings
36047018501,145,36047_NY_Kings
36047018600,72,36047_NY_Kings
36047018700,512,36047_NY_Kings
36047018800,123,36047_NY_Kings
36047019000,5801,36047_NY_Kings
36047019100,1946,36047_NY_Kings
36047019200,1512,36047_NY_Kings
36047019300,4056,36047_NY_Kings
36047019400,6268,36047_NY_Kings
36047019500,666,36047_NY_Kings
36047019600,564,36047_NY_Kings
36047019700,576,36047_NY_Kings
36047019800,279,36047_NY_Kings
36047019900,3097,36047_NY_Kings
36047020000,315,36047_NY_Kings
36047020100,448,36047_NY_Kings
36047020200,120,36047_NY_Kings
36047020300,503,36047_NY_Kings
36047020400,57,36047_NY_Kings
36047020500,1085,36047_NY_Kings
36047020600,460,36047_NY_Kings
36047020700,343,36047_NY_Kings
36047020800,144,36047_NY_Kings
36047021000,1082,36047_NY_Kings
36047021100,1537,36047_NY_Kings
36047021200,1370,36047_NY_Kings
36047021300,1900,36047_NY_Kings
36047021400,1014,36047_NY_Kings
36047021500,523,36047_NY_Kings
36047021600,8338,36047_NY_Kings
36047021700,363,36047_NY_Kings
36047021800,2625,36047_NY_Kings
36047021900,352,36047_NY_Kings
36047022000,2263,36047_NY_Kings
36047022100,555,36047_NY_Kings
36047022200,1279,36047_NY_Kings
36047022400,1044,36047_NY_Kings
36047022600,4782,36047_NY_Kings
36047022700,912,36047_NY_Kings
36047022800,4903,36047_NY_Kings
36047022900,153,36047_NY_Kings
36047023000,2643,36047_NY_Kings
36047023100,468,36047_NY_Kings
36047023200,5466,36047_NY_Kings
36047023300,679,36047_NY_Kings
36047023400,1416,36047_NY_Kings
36047023500,1178,36047_NY_Kings
36047023600,2007,36047_NY_Kings
36047023800,2013,36047_NY_Kings
36047024000,705,36047_NY_Kings
36047024100,1856,36047_NY_Kings
36047024200,1861,36047_NY_Kings
36047024300,420,36047_NY_Kings
36047024400,578,36047_NY_Kings
36047024500,453,36047_NY_Kings
36047024600,1084,36047_NY_Kings
36047024700,1567,36047_NY_Kings
36047024800,1062,36047_NY_Kings
36047024900,345,36047_NY_Kings
36047025000,1130,36047_NY_Kings
36047025100,214,36047_NY_Kings
36047025200,1632,36047_NY_Kings
36047025300,293,36047_NY_Kings
36047025400,281,36047_NY_Kings
36047025500,73,36047_NY_Kings
36047025600,528,36047_NY_Kings
36047025700,1322,36047_NY_Kings
36047025800,876,36047_NY_Kings
36047025901,182,36047_NY_Kings
36047025902,75,36047_NY_Kings
36047026000,328,36047_NY_Kings
36047026100,603,36047_NY_Kings
36047026200,102,36047_NY_Kings
36047026300,400,36047_NY_Kings
36047026400,2982,36047_NY_Kings
36047026500,1178,36047_NY_Kings
36047026600,303,36047_NY_Kings
36047026700,279,36047_NY_Kings
36047026800,139,36047_NY_Kings
36047026900,418,36047_NY_Kings
36047027000,674,36047_NY_Kings
36047027100,800,36047_NY_Kings
36047027200,80,36047_NY_Kings
36047027300,247,36047_NY_Kings
36047027400,471,36047_NY_Kings
36047027500,409,36047_NY_Kings
36047027600,584,36047_NY_Kings
36047027700,383,36047_NY_Kings
36047027800,2081,36047_NY_Kings
36047027900,247,36047_NY_Kings
36047028000,623,36047_NY_Kings
36047028100,309,36047_NY_Kings
36047028200,750,36047_NY_Kings
36047028300,641,36047_NY_Kings
36047028400,348,36047_NY_Kings
36047028501,3061,36047_NY_Kings
36047028502,313,36047_NY_Kings
36047028600,220,36047_NY_Kings
36047028700,339,36047_NY_Kings
36047028800,574,36047_NY_Kings
36047028900,227,36047_NY_Kings
36047029000,554,36047_NY_Kings
36047029100,381,36047_NY_Kings
36047029200,189,36047_NY_Kings
36047029300,584,36047_NY_Kings
36047029400,1356,36047_NY_Kings
36047029500,157,36047_NY_Kings
36047029600,1152,36047_NY_Kings
36047029700,304,36047_NY_Kings
36047029800,597,36047_NY_Kings
36047029900,365,36047_NY_Kings
36047030000,277,36047_NY_Kings
36047030100,804,36047_NY_Kings
36047030200,152,36047_NY_Kings
36047030300,629,36047_NY_Kings
36047030400,1171,36047_NY_Kings
36047030500,1632,36047_NY_Kings
36047030600,558,36047_NY_Kings
36047030700,1281,36047_NY_Kings
36047030800,2882,36047_NY_Kings
36047030900,617,36047_NY_Kings
36047031100,316,36047_NY_Kings
36047031300,149,36047_NY_Kings
36047031401,467,36047_NY_Kings
36047031500,419,36047_NY_Kings
36047031701,556,36047_NY_Kings
36047031702,344,36047_NY_Kings
36047031900,753,36047_NY_Kings
36047032100,2195,36047_NY_Kings
36047032300,487,36047_NY_Kings
36047032500,1042,36047_NY_Kings
36047032600,869,36047_NY_Kings
36047032700,1402,36047_NY_Kings
36047032800,578,36047_NY_Kings
36047032900,419,36047_NY_Kings
36047033000,559,36047_NY_Kings
36047033100,655,36047_NY_Kings
36047033300,591,36047_NY_Kings
36047033500,355,36047_NY_Kings
36047033600,332,36047_NY_Kings
36047033701,693,36047_NY_Kings
36047033702,604,36047_NY_Kings
36047033900,323,36047_NY_Kings
36047034000,1498,36047_NY_Kings
36047034100,490,36047_NY_Kings
36047034200,769,36047_NY_Kings
36047034300,458,36047_NY_Kings
36047034500,180,36047_NY_Kings
36047034700,576,36047_NY_Kings
36047034800,1495,36047_NY_Kings
36047034901,189,36047_NY_Kings
36047034902,270,36047_NY_Kings
36047035000,475,36047_NY_Kings
36047035101,385,36047_NY_Kings
36047035102,187,36047_NY_Kings
36047035200,848,36047_NY_Kings
36047035301,278,36047_NY_Kings
36047035302,87,36047_NY_Kings
36047035400,1983,36047_NY_Kings
36047035500,263,36047_NY_Kings
36047035601,488,36047_NY_Kings
36047035602,950,36047_NY_Kings
36047035701,26,36047_NY_Kings
36047035900,191,36047_NY_Kings
36047036001,271,36047_NY_Kings
36047036002,505,36047_NY_Kings
36047036100,238,36047_NY_Kings
36047036200,1924,36047_NY_Kings
36047036300,197,36047_NY_Kings
36047036400,1884,36047_NY_Kings
36047036501,634,36047_NY_Kings
36047036502,211,36047_NY_Kings
36047036600,4725,36047_NY_Kings
36047036700,2600,36047_NY_Kings
36047036900,449,36047_NY_Kings
36047037000,3998,36047_NY_Kings
36047037100,276,36047_NY_Kings
36047037300,282,36047_NY_Kings
36047037401,411,36047_NY_Kings
36047037402,2334,36047_NY_Kings
36047037500,1414,36047_NY_Kings
36047037700,136,36047_NY_Kings
36047037900,206,36047_NY_Kings
36047038100,144,36047_NY_Kings
36047038200,492,36047_NY_Kings
36047038300,359,36047_NY_Kings
36047038500,590,36047_NY_Kings
36047038600,582,36047_NY_Kings
36047038700,969,36047_NY_Kings
36047038800,198,36047_NY_Kings
36047038900,787,36047_NY_Kings
36047039000,164,36047_NY_Kings
36047039100,380,36047_NY_Kings
36047039200,332,36047_NY_Kings
36047039300,707,36047_NY_Kings
36047039400,557,36047_NY_Kings
36047039500,140,36047_NY_Kings
36047039600,234,36047_NY_Kings
36047039700,194,36047_NY_Kings
36047039800,670,36047_NY_Kings
36047039900,140,36047_NY_Kings
36047040000,645,36047_NY_Kings
36047040100,360,36047_NY_Kings
36047040200,631,36047_NY_Kings
36047040300,1374,36047_NY_Kings
36047040400,500,36047_NY_Kings
36047040500,134,36047_NY_Kings
36047040600,57,36047_NY_Kings
36047040800,146,36047_NY_Kings
36047040900,173,36047_NY_Kings
36047041000,719,36047_NY_Kings
36047041100,44,36047_NY_Kings
36047041200,7026,36047_NY_Kings
36047041300,126,36047_NY_Kings
36047041401,893,36047_NY_Kings
36047041402,80,36047_NY_Kings
36047041500,161,36047_NY_Kings
36047041600,604,36047_NY_Kings
36047041700,162,36047_NY_Kings
36047041800,739,36047_NY_Kings
36047041900,134,36047_NY_Kings
36047042000,1583,36047_NY_Kings
36047042100,148,36047_NY_Kings
36047042200,717,36047_NY_Kings
36047042300,795,36047_NY_Kings
36047042400,481,36047_NY_Kings
36047042500,855,36047_NY_Kings
36047042600,366,36047_NY_Kings
36047042700,434,36047_NY_Kings
36047042800,2691,36047_NY_Kings
36047042900,359,36047_NY_Kings
36047043000,514,36047_NY_Kings
36047043100,2777,36047_NY_Kings
36047043200,472,36047_NY_Kings
36047043300,1088,36047_NY_Kings
36047043400,510,36047_NY_Kings
36047043500,468,36047_NY_Kings
36047043600,2594,36047_NY_Kings
36047043700,356,36047_NY_Kings
36047043800,192,36047_NY_Kings
36047043900,1728,36047_NY_Kings
36047044000,380,36047_NY_Kings
36047044100,307,36047_NY_Kings
36047044200,1566,36047_NY_Kings
36047044300,3075,36047_NY_Kings
36047044400,299,36047_NY_Kings
36047044500,650,36047_NY_Kings
36047044600,532,36047_NY_Kings
36047044700,16642,36047_NY_Kings
36047044800,496,36047_NY_Kings
36047044901,1719,36047_NY_Kings
36047044902,5908,36047_NY_Kings
36047045000,656,36047_NY_Kings
36047045200,178,36047_NY_Kings
36047045300,2272,36047_NY_Kings
36047045400,3613,36047_NY_Kings
36047045600,949,36047_NY_Kings
36047045800,226,36047_NY_Kings
36047046000,1114,36047_NY_Kings
36047046201,5739,36047_NY_Kings
36047046202,253,36047_NY_Kings
36047046400,1038,36047_NY_Kings
36047046800,492,36047_NY_Kings
36047047000,2199,36047_NY_Kings
36047047200,706,36047_NY_Kings
36047047400,593,36047_NY_Kings
36047047600,879,36047_NY_Kings
36047047700,777,36047_NY_Kings
36047047800,3768,36047_NY_Kings
36047048000,1441,36047_NY_Kings
36047048100,428,36047_NY_Kings
36047048200,2564,36047_NY_Kings
36047048400,710,36047_NY_Kings
36047048500,7093,36047_NY_Kings
36047048600,2138,36047_NY_Kings
36047048800,387,36047_NY_Kings
36047048900,69,36047_NY_Kings
36047049000,250,36047_NY_Kings
36047049100,4252,36047_NY_Kings
36047049200,552,36047_NY_Kings
36047049301,25,36047_NY_Kings
36047049302,960,36047_NY_Kings
36047049400,1084,36047_NY_Kings
36047049500,761,36047_NY_Kings
36047049600,6763,36047_NY_Kings
36047049700,762,36047_NY_Kings
36047049800,695,36047_NY_Kings
36047049900,565,36047_NY_Kings
36047050001,158,36047_NY_Kings
36047050002,507,36047_NY_Kings
36047050100,1197,36047_NY_Kings
36047050202,175,36047_NY_Kings
36047050300,497,36047_NY_Kings
36047050401,292,36047_NY_Kings
36047050402,235,36047_NY_Kings
36047050500,869,36047_NY_Kings
36047050600,1313,36047_NY_Kings
36047050700,6457,36047_NY_Kings
36047050801,257,36047_NY_Kings
36047050803,278,36047_NY_Kings
36047050804,117,36047_NY_Kings
36047050900,468,36047_NY_Kings
36047051001,417,36047_NY_Kings
36047051002,262,36047_NY_Kings
36047051100,599,36047_NY_Kings
36047051200,414,36047_NY_Kings
36047051300,1210,36047_NY_Kings
36047051400,243,36047_NY_Kings
36047051500,1057,36047_NY_Kings
36047051601,84,36047_NY_Kings
36047051602,542,36047_NY_Kings
36047051700,990,36047_NY_Kings
36047051800,302,36047_NY_Kings
36047051900,2417,36047_NY_Kings
36047052000,3781,36047_NY_Kings
36047052300,894,36047_NY_Kings
36047052500,3467,36047_NY_Kings
36047052600,787,36047_NY_Kings
36047052700,2909,36047_NY_Kings
36047052800,194,36047_NY_Kings
36047052900,3013,36047_NY_Kings
36047053000,733,36047_NY_Kings
36047053101,2910,36047_NY_Kings
36047053102,762,36047_NY_Kings
36047053200,396,36047_NY_Kings
36047053300,3808,36047_NY_Kings
36047053400,949,36047_NY_Kings
36047053500,3223,36047_NY_Kings
36047053700,2079,36047_NY_Kings
36047053800,4603,36047_NY_Kings
36047053900,660,36047_NY_Kings
36047054200,1413,36047_NY_Kings
36047054300,2939,36047_NY_Kings
36047054400,255,36047_NY_Kings
36047054500,440,36047_NY_Kings
36047054600,1085,36047_NY_Kings
36047054700,2772,36047_NY_Kings
36047054800,76,36047_NY_Kings
36047054900,10507,36047_NY_Kings
36047055000,1094,36047_NY_Kings
36047055100,2175,36047_NY_Kings
36047055200,7710,36047_NY_Kings
36047055300,3071,36047_NY_Kings
36047055400,5433,36047_NY_Kings
36047055500,3001,36047_NY_Kings
36047055600,1105,36047_NY_Kings
36047055700,3162,36047_NY_Kings
36047055800,406,36047_NY_Kings
36047056000,360,36047_NY_Kings
36047056100,2083,36047_NY_Kings
36047056200,76,36047_NY_Kings
36047056301,766,36047_NY_Kings
36047056302,367,36047_NY_Kings
36047056400,209,36047_NY_Kings
36047056500,2151,36047_NY_Kings
36047056600,332,36047_NY_Kings
36047056800,150,36047_NY_Kings
36047056900,1365,36047_NY_Kings
36047057000,1251,36047_NY_Kings
36047057100,842,36047_NY_Kings
36047057200,69,36047_NY_Kings
36047057300,312,36047_NY_Kings
36047057400,247,36047_NY_Kings
36047057500,561,36047_NY_Kings
36047057600,250,36047_NY_Kings
36047057800,1046,36047_NY_Kings
36047057901,3445,36047_NY_Kings
36047057902,1117,36047_NY_Kings
36047058000,483,36047_NY_Kings
36047058200,665,36047_NY_Kings
36047058400,583,36047_NY_Kings
36047058600,311,36047_NY_Kings
36047058800,1949,36047_NY_Kings
36047058901,581,36047_NY_Kings
36047058902,1009,36047_NY_Kings
36047059000,2356,36047_NY_Kings
36047059100,250,36047_NY_Kings
36047059200,2590,36047_NY_Kings
36047059300,672,36047_NY_Kings
36047059402,820,36047_NY_Kings
36047059403,609,36047_NY_Kings
36047059404,311,36047_NY_Kings
36047059600,399,36047_NY_Kings
36047059800,182,36047_NY_Kings
36047060000,1353,36047_NY_Kings
36047060600,6786,36047_NY_Kings
36047060800,5212,36047_NY_Kings
36047061002,336,36047_NY_Kings
36047061003,3827,36047_NY_Kings
36047061004,4237,36047_NY_Kings
36047061200,808,36047_NY_Kings
36047061600,1199,36047_NY_Kings
36047062000,502,36047_NY_Kings
36047062200,1840,36047_NY_Kings
36047062600,507,36047_NY_Kings
36047062800,648,36047_NY_Kings
36047063200,251,36047_NY_Kings
36047063600,42,36047_NY_Kings
36047063800,210,36047_NY_Kings
36047064000,104,36047_NY_Kings
36047064200,1069,36047_NY_Kings
36047064400,332,36047_NY_Kings
36047064600,394,36047_NY_Kings
36047064800,113,36047_NY_Kings
36047065000,1837,36047_NY_Kings
36047065200,623,36047_NY_Kings
36047065400,75,36047_NY_Kings
36047065600,1809,36047_NY_Kings
36047065800,164,36047_NY_Kings
36047066000,17,36047_NY_Kings
36047066200,897,36047_NY_Kings
36047066600,781,36047_NY_Kings
36047067000,225,36047_NY_Kings
36047067200,320,36047_NY_Kings
36047067400,243,36047_NY_Kings
36047067600,205,36047_NY_Kings
36047067800,41,36047_NY_Kings
36047068000,306,36047_NY_Kings
36047068200,303,36047_NY_Kings
36047068600,97,36047_NY_Kings
36047068800,701,36047_NY_Kings
36047069000,504,36047_NY_Kings
36047069200,93,36047_NY_Kings
36047069601,751,36047_NY_Kings
36047069602,873,36047_NY_Kings
36047069800,2305,36047_NY_Kings
36047070000,90,36047_NY_Kings
36047070201,435,36047_NY_Kings
36047070202,475,36047_NY_Kings
36047070601,415,36047_NY_Kings
36047070602,282,36047_NY_Kings
36047072000,454,36047_NY_Kings
36047072200,431,36047_NY_Kings
36047072400,200,36047_NY_Kings
36047072600,607,36047_NY_Kings
36047072800,195,36047_NY_Kings
36047073000,135,36047_NY_Kings
36047073200,63,36047_NY_Kings
36047073400,153,36047_NY_Kings
36047073600,188,36047_NY_Kings
36047073800,766,36047_NY_Kings
36047074000,1416,36047_NY_Kings
36047074200,7870,36047_NY_Kings
36047074400,276,36047_NY_Kings
36047074600,924,36047_NY_Kings
36047074800,1325,36047_NY_Kings
36047075000,347,36047_NY_Kings
36047075200,184,36047_NY_Kings
36047075400,272,36047_NY_Kings
36047075600,235,36047_NY_Kings
36047075800,339,36047_NY_Kings
36047076000,264,36047_NY_Kings
36047076200,186,36047_NY_Kings
36047076400,49,36047_NY_Kings
36047076600,33,36047_NY_Kings
36047076800,3635,36047_NY_Kings
36047077000,113,36047_NY_Kings
36047077200,1498,36047_NY_Kings
36047077400,1720,36047_NY_Kings
36047077600,191,36047_NY_Kings
36047078000,51,36047_NY_Kings
36047078200,3,36047_NY_Kings
36047078400,62,36047_NY_Kings
36047078601,198,36047_NY_Kings
36047078602,131,36047_NY_Kings
36047078801,254,36047_NY_Kings
36047078802,224,36047_NY_Kings
36047079001,299,36047_NY_Kings
36047079002,87,36047_NY_Kings
36047079201,529,36047_NY_Kings
36047079202,69,36047_NY_Kings
36047079400,1881,36047_NY_Kings
36047079601,122,36047_NY_Kings
36047079602,859,36047_NY_Kings
36047079801,149,36047_NY_Kings
36047079802,331,36047_NY_Kings
36047080000,232,36047_NY_Kings
36047080200,709,36047_NY_Kings
36047080400,872,36047_NY_Kings
36047080600,392,36047_NY_Kings
36047080800,7173,36047_NY_Kings
36047081000,432,36047_NY_Kings
36047081400,416,36047_NY_Kings
36047081600,6221,36047_NY_Kings
36047081800,253,36047_NY_Kings
36047082000,315,36047_NY_Kings
36047082200,433,36047_NY_Kings
36047082400,2543,36047_NY_Kings
36047082600,182,36047_NY_Kings
36047082800,272,36047_NY_Kings
36047083000,254,36047_NY_Kings
36047083200,62,36047_NY_Kings
36047083400,33,36047_NY_Kings
36047083600,519,36047_NY_Kings
36047083800,211,36047_NY_Kings
36047084000,329,36047_NY_Kings
36047084600,242,36047_NY_Kings
36047084800,134,36047_NY_Kings
36047085000,128,36047_NY_Kings
36047085400,120,36047_NY_Kings
36047085600,179,36047_NY_Kings
36047085800,97,36047_NY_Kings
36047086000,257,36047_NY_Kings
36047086200,247,36047_NY_Kings
36047086400,416,36047_NY_Kings
36047086600,166,36047_NY_Kings
36047086800,527,36047_NY_Kings
36047087000,231,36047_NY_Kings
36047087200,25,36047_NY_Kings
36047087401,382,36047_NY_Kings
36047087600,434,36047_NY_Kings
36047087800,1238,36047_NY_Kings
36047088001,264,36047_NY_Kings
36047088002,191,36047_NY_Kings
36047088200,246,36047_NY_Kings
36047088400,214,36047_NY_Kings
36047088600,208,36047_NY_Kings
36047088800,144,36047_NY_Kings
36047089000,2467,36047_NY_Kings
36047089200,882,36047_NY_Kings
36047089400,208,36047_NY_Kings
36047089600,233,36047_NY_Kings
36047089800,365,36047_NY_Kings
36047090000,565,36047_NY_Kings
36047090200,745,36047_NY_Kings
36047090600,650,36047_NY_Kings
36047090800,957,36047_NY_Kings
36047091000,357,36047_NY_Kings
36047091200,262,36047_NY_Kings
36047091600,402,36047_NY_Kings
36047091800,328,36047_NY_Kings
36047092000,85,36047_NY_Kings
36047092200,272,36047_NY_Kings
36047092400,2138,36047_NY_Kings
36047092800,53,36047_NY_Kings
36047093000,330,36047_NY_Kings
36047093200,2804,36047_NY_Kings
36047093400,90,36047_NY_Kings
36047093600,456,36047_NY_Kings
36047093800,41,36047_NY_Kings
36047094401,724,36047_NY_Kings
36047094402,43,36047_NY_Kings
36047094600,802,36047_NY_Kings
36047095000,553,36047_NY_Kings
36047095400,196,36047_NY_Kings
36047095600,305,36047_NY_Kings
36047095800,126,36047_NY_Kings
36047096000,2136,36047_NY_Kings
36047096200,344,36047_NY_Kings
36047096400,423,36047_NY_Kings
36047096600,427,36047_NY_Kings
36047096800,408,36047_NY_Kings
36047097000,86,36047_NY_Kings
36047097400,1637,36047_NY_Kings
36047098200,141,36047_NY_Kings
36047098400,491,36047_NY_Kings
36047098600,239,36047_NY_Kings
36047098800,598,36047_NY_Kings
36047099000,288,36047_NY_Kings
36047099200,51,36047_NY_Kings
36047099400,27,36047_NY_Kings
36047099600,186,36047_NY_Kings
36047099800,319,36047_NY_Kings
36047100400,38,36047_NY_Kings
36047100600,14,36047_NY_Kings
36047100800,260,36047_NY_Kings
36047101000,134,36047_NY_Kings
36047101200,67,36047_NY_Kings
36047101400,14,36047_NY_Kings
36047101600,50,36047_NY_Kings
36047101800,61,36047_NY_Kings
36047102000,10,36047_NY_Kings
36047102200,131,36047_NY_Kings
36047102400,77,36047_NY_Kings
36047102600,29,36047_NY_Kings
36047102801,402,36047_NY_Kings
36047103401,178,36047_NY_Kings
36047103402,16,36047_NY_Kings
36047105801,132,36047_NY_Kings
36047105804,1616,36047_NY_Kings
36047107001,5067,36047_NY_Kings
36047107003,155,36047_NY_Kings
36047107800,637,36047_NY_Kings
36047109800,4501,36047_NY_Kings
36047110400,4787,36047_NY_Kings
36047110600,34,36047_NY_Kings
36047111000,39,36047_NY_Kings
36047111600,1806,36047_NY_Kings
36047111800,227,36047_NY_Kings
36047112000,157,36047_NY_Kings
36047112200,224,36047_NY_Kings
36047112400,145,36047_NY_Kings
36047112600,245,36047_NY_Kings
36047112800,195,36047_NY_Kings
36047113000,167,36047_NY_Kings
36047113200,93,36047_NY_Kings
36047113400,688,36047_NY_Kings
36047114201,157,36047_NY_Kings
36047114202,34,36047_NY_Kings
36047114400,4369,36047_NY_Kings
36047114600,520,36047_NY_Kings
36047115000,168,36047_NY_Kings
36047115200,127,36047_NY_Kings
36047115600,474,36047_NY_Kings
36047115800,235,36047_NY_Kings
36047116000,10,36047_NY_Kings
36047116200,7,36047_NY_Kings
36047116400,894,36047_NY_Kings
36047116600,41,36047_NY_Kings
36047116800,332,36047_NY_Kings
36047117000,466,36047_NY_Kings
36047117201,56,36047_NY_Kings
36047117202,235,36047_NY_Kings
36047117400,2483,36047_NY_Kings
36047117601,797,36047_NY_Kings
36047117602,222,36047_NY_Kings
36047117800,308,36047_NY_Kings
36047118000,696,36047_NY_Kings
36047118201,292,36047_NY_Kings
36047118202,125,36047_NY_Kings
36047118400,338,36047_NY_Kings
36047118600,65,36047_NY_Kings
36047118800,612,36047_NY_Kings
36047119000,1080,36047_NY_Kings
36047119200,336,36047_NY_Kings
36047119400,155,36047_NY_Kings
36047119600,817,36047_NY_Kings
36047119800,1386,36047_NY_Kings
36047120000,443,36047_NY_Kings
36047120200,289,36047_NY_Kings
36047120801,283,36047_NY_Kings
36047120802,150,36047_NY_Kings
36047120803,411,36047_NY_Kings
36047121000,69,36047_NY_Kings
36047121400,77,36047_NY_Kings
36047122000,1099,36047_NY_Kings
36047123700,3290,36047_NY_Kings
36047150200,697,36047_NY_Kings
36047152200,588,36047_NY_Kings
48491020106,526,48491_Austin_Williamson
48491020108,1325,48491_Austin_Williamson
48491020109,1358,48491_Austin_Williamson
48491020111,1358,48491_Austin_Williamson
48491020113,1572,48491_Austin_Williamson
48491020114,4080,48491_Austin_Williamson
48491020115,935,48491_Austin_Williamson
48491020116,319,48491_Austin_Williamson
48491020117,90,48491_Austin_Williamson
48491020118,736,48491_Austin_Williamson
48491020119,88,48491_Austin_Williamson
48491020120,480,48491_Austin_Williamson
48491020121,2178,48491_Austin_Williamson
48491020122,511,48491_Austin_Williamson
48491020123,1425,48491_Austin_Williamson
48491020124,400,48491_Austin_Williamson
48491020201,1329,48491_Austin_Williamson
48491020203,173,48491_Austin_Williamson
48491020205,597,48491_Austin_Williamson
48491020206,369,48491_Austin_Williamson
48491020207,1005,48491_Austin_Williamson
48491020208,136,48491_Austin_Williamson
48491020310,1099,48491_Austin_Williamson
48491020311,5028,48491_Austin_Williamson
48491020319,970,48491_Austin_Williamson
48491020321,691,48491_Austin_Williamson
48491020323,428,48491_Austin_Williamson
48491020325,245,48491_Austin_Williamson
48491020326,1175,48491_Austin_Williamson
48491020327,1804,48491_Austin_Williamson
48491020329,928,48491_Austin_Williamson
48491020330,2697,48491_Austin_Williamson
48491020331,1012,48491_Austin_Williamson
48491020332,8153,48491_Austin_Williamson
48491020333,721,48491_Austin_Williamson
48491020334,3298,48491_Austin_Williamson
48491020335,624,48491_Austin_Williamson
48491020336,1009,48491_Austin_Williamson
48491020337,674,48491_Austin_Williamson
48491020338,443,48491_Austin_Williamson
48491020339,581,48491_Austin_Williamson
48491020340,1037,48491_Austin_Williamson
48491020341,975,48491_Austin_Williamson
48491020342,553,48491_Austin_Williamson
48491020343,76,48491_Austin_Williamson
48491020344,517,48491_Austin_Williamson
48491020345,655,48491_Austin_Williamson
48491020346,891,48491_Austin_Williamson
48491020347,1567,48491_Austin_Williamson
48491020348,4695,48491_Austin_Williamson
48491020349,2372,48491_Austin_Williamson
48491020350,198,48491_Austin_Williamson
48491020351,1511,48491_Austin_Williamson
48491020352,5104,48491_Austin_Williamson
48491020353,190,48491_Austin_Williamson
48491020354,411,48491_Austin_Williamson
48491020355,754,48491_Austin_Williamson
48491020356,744,48491_Austin_Williamson
48491020403,2389,48491_Austin_Williamson
48491020404,397,48491_Austin_Williamson
48491020405,4711,48491_Austin_Williamson
48491020406,2851,48491_Austin_Williamson
48491020408,5860,48491_Austin_Williamson
48491020409,2467,48491_Austin_Williamson
48491020410,2216,48491_Austin_Williamson
48491020411,4403,48491_Austin_Williamson
48491020503,10150,48491_Austin_Williamson
48491020505,2261,48491_Austin_Williamson
48491020507,467,48491_Austin_Williamson
48491020508,2707,48491_Austin_Williamson
48491020509,535,48491_Austin_Williamson
48491020511,1724,48491_Austin_Williamson
48491020512,4425,48491_Austin_Williamson
48491020513,811,48491_Austin_Williamson
48491020514,105,48491_Austin_Williamson
48491020515,807,48491_Austin_Williamson
48491020516,1209,48491_Austin_Williamson
48491020517,693,48491_Austin_Williamson
48491020602,3231,48491_Austin_Williamson
48491020604,1300,48491_Austin_Williamson
48491020606,266,48491_Austin_Williamson
48491020607,1747,48491_Austin_Williamson
48491020608,361,48491_Austin_Williamson
48491020609,104,48491_Austin_Williamson
48491020701,4525,48491_Austin_Williamson
48491020704,488,48491_Austin_Williamson
48491020706,563,48491_Austin_Williamson
48491020707,520,48491_Austin_Williamson
48491020709,17877,48491_Austin_Williamson
48491020710,2357,48491_Austin_Williamson
48491020711,1518,48491_Austin_Williamson
48491020712,1946,48491_Austin_Williamson
48491020713,150,48491_Austin_Williamson
48491020808,1461,48491_Austin_Williamson
48491020810,214,48491_Austin_Williamson
48491020811,198,48491_Austin_Williamson
48491020812,1186,48491_Austin_Williamson
48491020813,2120,48491_Austin_Williamson
48491020814,1359,48491_Austin_Williamson
48491020815,122,48491_Austin_Williamson
48491020816,1170,48491_Austin_Williamson
48491020817,2628,48491_Austin_Williamson
48491020818,654,48491_Austin_Williamson
48491020819,145,48491_Austin_Williamson
48491020820,409,48491_Austin_Williamson
48491020821,134,48491_Austin_Williamson
48491020822,1092,48491_Austin_Williamson
48491020900,658,48491_Austin_Williamson
48491021000,924,48491_Austin_Williamson
48491021100,1015,48491_Austin_Williamson
48491021201,119,48491_Austin_Williamson
48491021202,424,48491_Austin_Williamson
48491021203,2014,48491_Austin_Williamson
48491021300,493,48491_Austin_Williamson
48491021402,7766,48491_Austin_Williamson
48491021404,165,48491_Austin_Williamson
48491021405,1119,48491_Austin_Williamson
48491021406,4563,48491_Austin_Williamson
48491021407,465,48491_Austin_Williamson
48491021502,1484,48491_Austin_Williamson
48491021503,3187,48491_Austin_Williamson
48491021506,618,48491_Austin_Williamson
48491021509,571,48491_Austin_Williamson
48491021510,4655,48491_Austin_Williamson
48491021511,2641,48491_Austin_Williamson
48491021512,1716,48491_Austin_Williamson
48491021513,4896,48491_Austin_Williamson
48491021514,245,48491_Austin_Williamson
48491021515,431,48491_Austin_Williamson
48491021516,1334,48491_Austin_Williamson
48491021517,1628,48491_Austin_Williamson
48491021518,75,48491_Austin_Williamson
48491021601,1101,48491_Austin_Williamson
48491021602,627,48491_Austin_Williamson
48491021603,2156,48491_Austin_Williamson
12086000107,345,12086_Miami_Miami-Dade
12086000109,3545,12086_Miami_Miami-Dade
12086000115,441,12086_Miami_Miami-Dade
12086000118,483,12086_Miami_Miami-Dade
12086000120,1108,12086_Miami_Miami-Dade
12086000121,217,12086_Miami_Miami-Dade
12086000122,352,12086_Miami_Miami-Dade
12086000123,1480,12086_Miami_Miami-Dade
12086000124,1496,12086_Miami_Miami-Dade
12086000125,235,12086_Miami_Miami-Dade
12086000126,1038,12086_Miami_Miami-Dade
12086000127,270,12086_Miami_Miami-Dade
12086000128,1800,12086_Miami_Miami-Dade
12086000129,730,12086_Miami_Miami-Dade
12086000130,457,12086_Miami_Miami-Dade
12086000131,780,12086_Miami_Miami-Dade
12086000132,1680,12086_Miami_Miami-Dade
12086000134,13335,12086_Miami_Miami-Dade
12086000140,1496,12086_Miami_Miami-Dade
12086000141,3157,12086_Miami_Miami-Dade
12086000142,423,12086_Miami_Miami-Dade
12086000143,879,12086_Miami_Miami-Dade
12086000144,119,12086_Miami_Miami-Dade
12086000145,1487,12086_Miami_Miami-Dade
12086000146,634,12086_Miami_Miami-Dade
12086000204,5633,12086_Miami_Miami-Dade
12086000206,1922,12086_Miami_Miami-Dade
12086000211,661,12086_Miami_Miami-Dade
12086000212,1726,12086_Miami_Miami-Dade
12086000213,419,12086_Miami_Miami-Dade
12086000215,99,12086_Miami_Miami-Dade
12086000216,855,12086_Miami_Miami-Dade
12086000218,88,12086_Miami_Miami-Dade
12086000219,3306,12086_Miami_Miami-Dade
12086000220,417,12086_Miami_Miami-Dade
12086000221,512,12086_Miami_Miami-Dade
12086000222,1338,12086_Miami_Miami-Dade
12086000223,407,12086_Miami_Miami-Dade
12086000224,1123,12086_Miami_Miami-Dade
12086000225,2116,12086_Miami_Miami-Dade
12086000226,104,12086_Miami_Miami-Dade
12086000227,92,12086_Miami_Miami-Dade
12086000228,147,12086_Miami_Miami-Dade
12086000302,38,12086_Miami_Miami-Dade
12086000306,738,12086_Miami_Miami-Dade
12086000307,105,12086_Miami_Miami-Dade
12086000308,256,12086_Miami_Miami-Dade
12086000309,433,12086_Miami_Miami-Dade
12086000310,322,12086_Miami_Miami-Dade
12086000311,412,12086_Miami_Miami-Dade
12086000312,1512,12086_Miami_Miami-Dade
12086000402,58,12086_Miami_Miami-Dade
12086000405,224,12086_Miami_Miami-Dade
12086000408,1359,12086_Miami_Miami-Dade
12086000409,747,12086_Miami_Miami-Dade
12086000410,706,12086_Miami_Miami-Dade
12086000411,549,12086_Miami_Miami-Dade
12086000413,1405,12086_Miami_Miami-Dade
12086000414,4318,12086_Miami_Miami-Dade
12086000415,47,12086_Miami_Miami-Dade
12086000416,305,12086_Miami_Miami-Dade
12086000417,1091,12086_Miami_Miami-Dade
12086000418,19,12086_Miami_Miami-Dade
12086000419,96,12086_Miami_Miami-Dade
12086000420,77,12086_Miami_Miami-Dade
12086000504,1473,12086_Miami_Miami-Dade
12086000505,4970,12086_Miami_Miami-Dade
12086000506,125,12086_Miami_Miami-Dade
12086000507,11026,12086_Miami_Miami-Dade
12086000508,8638,12086_Miami_Miami-Dade
12086000509,179,12086_Miami_Miami-Dade
12086000601,102,12086_Miami_Miami-Dade
12086000602,240,12086_Miami_Miami-Dade
12086000603,988,12086_Miami_Miami-Dade
12086000605,2199,12086_Miami_Miami-Dade
12086000607,827,12086_Miami_Miami-Dade
12086000609,753,12086_Miami_Miami-Dade
12086000610,371,12086_Miami_Miami-Dade
12086000611,745,12086_Miami_Miami-Dade
12086000612,256,12086_Miami_Miami-Dade
12086000705,5227,12086_Miami_Miami-Dade
12086000710,509,12086_Miami_Miami-Dade
12086000711,3031,12086_Miami_Miami-Dade
12086000712,1364,12086_Miami_Miami-Dade
12086000713,1358,12086_Miami_Miami-Dade
12086000714,788,12086_Miami_Miami-Dade
12086000715,491,12086_Miami_Miami-Dade
12086000716,36,12086_Miami_Miami-Dade
12086000717,126,12086_Miami_Miami-Dade
12086000718,4358,12086_Miami_Miami-Dade
12086000719,1167,12086_Miami_Miami-Dade
12086000720,214,12086_Miami_Miami-Dade
12086000804,526,12086_Miami_Miami-Dade
12086000805,1801,12086_Miami_Miami-Dade
12086000806,2771,12086_Miami_Miami-Dade
12086000807,162,12086_Miami_Miami-Dade
12086000808,506,12086_Miami_Miami-Dade
12086000903,3529,12086_Miami_Miami-Dade
12086000904,1365,12086_Miami_Miami-Dade
12086000905,233,12086_Miami_Miami-Dade
12086000906,34,12086_Miami_Miami-Dade
12086000907,48,12086_Miami_Miami-Dade
12086000908,117,12086_Miami_Miami-Dade
12086001003,474,12086_Miami_Miami-Dade
12086001004,1277,12086_Miami_Miami-Dade
12086001005,960,12086_Miami_Miami-Dade
12086001006,165,12086_Miami_Miami-Dade
12086001007,43,12086_Miami_Miami-Dade
12086001008,247,12086_Miami_Miami-Dade
12086001101,326,12086_Miami_Miami-Dade
12086001102,2208,12086_Miami_Miami-Dade
12086001103,298,12086_Miami_Miami-Dade
12086001104,1419,12086_Miami_Miami-Dade
12086001204,1706,12086_Miami_Miami-Dade
12086001205,1319,12086_Miami_Miami-Dade
12086001206,864,12086_Miami_Miami-Dade
12086001207,45,12086_Miami_Miami-Dade
12086001208,1670,12086_Miami_Miami-Dade
12086001209,672,12086_Miami_Miami-Dade
12086001301,1640,12086_Miami_Miami-Dade
12086001302,3027,12086_Miami_Miami-Dade
12086001401,537,12086_Miami_Miami-Dade
12086001402,1784,12086_Miami_Miami-Dade
12086001501,43,12086_Miami_Miami-Dade
12086001502,747,12086_Miami_Miami-Dade
12086001603,945,12086_Miami_Miami-Dade
12086001605,2594,12086_Miami_Miami-Dade
12086001606,615,12086_Miami_Miami-Dade
12086001607,1461,12086_Miami_Miami-Dade
12086001608,314,12086_Miami_Miami-Dade
12086001701,5510,12086_Miami_Miami-Dade
12086001702,89,12086_Miami_Miami-Dade
12086001704,1599,12086_Miami_Miami-Dade
12086001705,1319,12086_Miami_Miami-Dade
12086001801,152,12086_Miami_Miami-Dade
12086001802,937,12086_Miami_Miami-Dade
12086001803,580,12086_Miami_Miami-Dade
12086001901,322,12086_Miami_Miami-Dade
12086001903,836,12086_Miami_Miami-Dade
12086001904,639,12086_Miami_Miami-Dade
12086002001,1029,12086_Miami_Miami-Dade
12086002003,186,12086_Miami_Miami-Dade
12086002004,539,12086_Miami_Miami-Dade
12086002100,3056,12086_Miami_Miami-Dade
12086002201,3667,12086_Miami_Miami-Dade
12086002202,773,12086_Miami_Miami-Dade
12086002300,137,12086_Miami_Miami-Dade
12086002402,3940,12086_Miami_Miami-Dade
12086002403,782,12086_Miami_Miami-Dade
12086002404,412,12086_Miami_Miami-Dade
12086002501,288,12086_Miami_Miami-Dade
12086002502,610,12086_Miami_Miami-Dade
12086002600,3855,12086_Miami_Miami-Dade
12086002702,45723,12086_Miami_Miami-Dade
12086002705,608,12086_Miami_Miami-Dade
12086002707,519,12086_Miami_Miami-Dade
12086002708,446,12086_Miami_Miami-Dade
12086002709,1179,12086_Miami_Miami-Dade
12086002710,1661,12086_Miami_Miami-Dade
12086002800,4467,12086_Miami_Miami-Dade
12086002900,3282,12086_Miami_Miami-Dade
12086003001,11474,12086_Miami_Miami-Dade
12086003004,7984,12086_Miami_Miami-Dade
12086003005,164,12086_Miami_Miami-Dade
12086003006,439,12086_Miami_Miami-Dade
12086003100,1398,12086_Miami_Miami-Dade
12086003400,831,12086_Miami_Miami-Dade
12086003603,185,12086_Miami_Miami-Dade
12086003604,426,12086_Miami_Miami-Dade
12086003605,236,12086_Miami_Miami-Dade
12086003606,37894,12086_Miami_Miami-Dade
12086003607,73,12086_Miami_Miami-Dade
12086003703,10836,12086_Miami_Miami-Dade
12086003704,19513,12086_Miami_Miami-Dade
12086003705,1469,12086_Miami_Miami-Dade
12086003706,2080,12086_Miami_Miami-Dade
12086003707,6039,12086_Miami_Miami-Dade
12086003708,4477,12086_Miami_Miami-Dade
12086003709,50,12086_Miami_Miami-Dade
12086003710,6527,12086_Miami_Miami-Dade
12086003801,1380,12086_Miami_Miami-Dade
12086003803,3342,12086_Miami_Miami-Dade
12086003804,2476,12086_Miami_Miami-Dade
12086003906,697,12086_Miami_Miami-Dade
12086003909,189,12086_Miami_Miami-Dade
12086003911,225,12086_Miami_Miami-Dade
12086003912,132,12086_Miami_Miami-Dade
12086003913,510,12086_Miami_Miami-Dade
12086003914,1556,12086_Miami_Miami-Dade
12086003915,368,12086_Miami_Miami-Dade
12086003916,357,12086_Miami_Miami-Dade
12086003917,1524,12086_Miami_Miami-Dade
12086003918,268,12086_Miami_Miami-Dade
12086003919,794,12086_Miami_Miami-Dade
12086003921,538,12086_Miami_Miami-Dade
12086003922,577,12086_Miami_Miami-Dade
12086004000,8808,12086_Miami_Miami-Dade
12086004102,493,12086_Miami_Miami-Dade
12086004103,2485,12086_Miami_Miami-Dade
12086004105,680,12086_Miami_Miami-Dade
12086004106,2057,12086_Miami_Miami-Dade
12086004204,3867,12086_Miami_Miami-Dade
12086004205,3409,12086_Miami_Miami-Dade
12086004206,7841,12086_Miami_Miami-Dade
12086004207,302,12086_Miami_Miami-Dade
12086004208,447,12086_Miami_Miami-Dade
12086004301,1387,12086_Miami_Miami-Dade
12086004303,4272,12086_Miami_Miami-Dade
12086004304,808,12086_Miami_Miami-Dade
12086004403,2088,12086_Miami_Miami-Dade
12086004404,2530,12086_Miami_Miami-Dade
12086004405,1076,12086_Miami_Miami-Dade
12086004406,1591,12086_Miami_Miami-Dade
12086004500,4482,12086_Miami_Miami-Dade
12086004602,2397,12086_Miami_Miami-Dade
12086004605,388,12086_Miami_Miami-Dade
12086004607,900,12086_Miami_Miami-Dade
12086004608,210,12086_Miami_Miami-Dade
12086004701,381,12086_Miami_Miami-Dade
12086004703,2525,12086_Miami_Miami-Dade
12086004704,2880,12086_Miami_Miami-Dade
12086004705,544,12086_Miami_Miami-Dade
12086004901,1582,12086_Miami_Miami-Dade
12086004903,1043,12086_Miami_Miami-Dade
12086004904,1070,12086_Miami_Miami-Dade
12086005002,974,12086_Miami_Miami-Dade
12086005003,207,12086_Miami_Miami-Dade
12086005004,244,12086_Miami_Miami-Dade
12086005102,940,12086_Miami_Miami-Dade
12086005103,233,12086_Miami_Miami-Dade
12086005104,388,12086_Miami_Miami-Dade
12086005201,2058,12086_Miami_Miami-Dade
12086005202,639,12086_Miami_Miami-Dade
12086005303,881,12086_Miami_Miami-Dade
12086005304,437,12086_Miami_Miami-Dade
12086005305,444,12086_Miami_Miami-Dade
12086005306,424,12086_Miami_Miami-Dade
12086005403,563,12086_Miami_Miami-Dade
12086005405,312,12086_Miami_Miami-Dade
12086005406,619,12086_Miami_Miami-Dade
12086005407,786,12086_Miami_Miami-Dade
12086005409,527,12086_Miami_Miami-Dade
12086005410,359,12086_Miami_Miami-Dade
12086005503,923,12086_Miami_Miami-Dade
12086005504,722,12086_Miami_Miami-Dade
12086005505,564,12086_Miami_Miami-Dade
12086005506,704,12086_Miami_Miami-Dade
12086005600,3221,12086_Miami_Miami-Dade
12086005701,1204,12086_Miami_Miami-Dade
12086005705,58,12086_Miami_Miami-Dade
12086005706,669,12086_Miami_Miami-Dade
12086005707,223,12086_Miami_Miami-Dade
12086005708,352,12086_Miami_Miami-Dade
12086005803,505,12086_Miami_Miami-Dade
12086005804,1420,12086_Miami_Miami-Dade
12086005805,387,12086_Miami_Miami-Dade
12086005806,833,12086_Miami_Miami-Dade
12086005901,1021,12086_Miami_Miami-Dade
12086005902,1461,12086_Miami_Miami-Dade
12086005903,863,12086_Miami_Miami-Dade
12086005904,543,12086_Miami_Miami-Dade
12086006002,3158,12086_Miami_Miami-Dade
12086006003,373,12086_Miami_Miami-Dade
12086006004,5001,12086_Miami_Miami-Dade
12086006103,977,12086_Miami_Miami-Dade
12086006104,1050,12086_Miami_Miami-Dade
12086006105,312,12086_Miami_Miami-Dade
12086006106,854,12086_Miami_Miami-Dade
12086006201,446,12086_Miami_Miami-Dade
12086006203,11112,12086_Miami_Miami-Dade
12086006205,6767,12086_Miami_Miami-Dade
12086006206,15114,12086_Miami_Miami-Dade
12086006302,2116,12086_Miami_Miami-Dade
12086006303,1694,12086_Miami_Miami-Dade
12086006304,458,12086_Miami_Miami-Dade
12086006401,310,12086_Miami_Miami-Dade
12086006402,241,12086_Miami_Miami-Dade
12086006403,661,12086_Miami_Miami-Dade
12086006501,570,12086_Miami_Miami-Dade
12086006503,615,12086_Miami_Miami-Dade
12086006504,473,12086_Miami_Miami-Dade
12086006603,476,12086_Miami_Miami-Dade
12086006604,331,12086_Miami_Miami-Dade
12086006605,1465,12086_Miami_Miami-Dade
12086006606,739,12086_Miami_Miami-Dade
12086006607,701,12086_Miami_Miami-Dade
12086006608,632,12086_Miami_Miami-Dade
12086006705,503,12086_Miami_Miami-Dade
12086006706,218,12086_Miami_Miami-Dade
12086006707,3033,12086_Miami_Miami-Dade
12086006709,4279,12086_Miami_Miami-Dade
12086006713,4014,12086_Miami_Miami-Dade
12086006714,2443,12086_Miami_Miami-Dade
12086006715,1218,12086_Miami_Miami-Dade
12086006716,2966,12086_Miami_Miami-Dade
12086006717,376,12086_Miami_Miami-Dade
12086006718,3216,12086_Miami_Miami-Dade
12086006719,3502,12086_Miami_Miami-Dade
12086006720,5194,12086_Miami_Miami-Dade
12086006721,3845,12086_Miami_Miami-Dade
12086006722,1024,12086_Miami_Miami-Dade
12086006801,4981,12086_Miami_Miami-Dade
12086006802,2836,12086_Miami_Miami-Dade
12086006901,891,12086_Miami_Miami-Dade
12086006902,1031,12086_Miami_Miami-Dade
12086007003,887,12086_Miami_Miami-Dade
12086007004,779,12086_Miami_Miami-Dade
12086007005,302,12086_Miami_Miami-Dade
12086007006,206,12086_Miami_Miami-Dade
12086007007,2215,12086_Miami_Miami-Dade
12086007101,357,12086_Miami_Miami-Dade
12086007103,3054,12086_Miami_Miami-Dade
12086007104,10235,12086_Miami_Miami-Dade
12086007200,714,12086_Miami_Miami-Dade
12086007300,1401,12086_Miami_Miami-Dade
12086007401,657,12086_Miami_Miami-Dade
12086007402,1453,12086_Miami_Miami-Dade
12086007403,5365,12086_Miami_Miami-Dade
12086007501,445,12086_Miami_Miami-Dade
12086007503,7750,12086_Miami_Miami-Dade
12086007601,385,12086_Miami_Miami-Dade
12086007603,2568,12086_Miami_Miami-Dade
12086007605,1271,12086_Miami_Miami-Dade
12086007607,475,12086_Miami_Miami-Dade
12086007608,679,12086_Miami_Miami-Dade
12086007609,1927,12086_Miami_Miami-Dade
12086007610,7210,12086_Miami_Miami-Dade
12086007704,313,12086_Miami_Miami-Dade
12086007705,671,12086_Miami_Miami-Dade
12086007706,7001,12086_Miami_Miami-Dade
12086007707,1039,12086_Miami_Miami-Dade
12086007708,1114,12086_Miami_Miami-Dade
12086007709,1497,12086_Miami_Miami-Dade
12086007801,154,12086_Miami_Miami-Dade
12086007805,2231,12086_Miami_Miami-Dade
12086007806,772,12086_Miami_Miami-Dade
12086007807,1156,12086_Miami_Miami-Dade
12086007808,13502,12086_Miami_Miami-Dade
12086007809,2490,12086_Miami_Miami-Dade
12086007901,3479,12086_Miami_Miami-Dade
12086007902,755,12086_Miami_Miami-Dade
12086008000,569,12086_Miami_Miami-Dade
12086008101,335,12086_Miami_Miami-Dade
12086008102,2150,12086_Miami_Miami-Dade
12086008202,571,12086_Miami_Miami-Dade
12086008205,766,12086_Miami_Miami-Dade
12086008206,2978,12086_Miami_Miami-Dade
12086008207,405,12086_Miami_Miami-Dade
12086008208,3577,12086_Miami_Miami-Dade
12086008209,901,12086_Miami_Miami-Dade
12086008305,482,12086_Miami_Miami-Dade
12086008308,217,12086_Miami_Miami-Dade
12086008309,729,12086_Miami_Miami-Dade
12086008310,265,12086_Miami_Miami-Dade
12086008311,612,12086_Miami_Miami-Dade
12086008312,351,12086_Miami_Miami-Dade
12086008313,130,12086_Miami_Miami-Dade
12086008314,102,12086_Miami_Miami-Dade
12086008315,65,12086_Miami_Miami-Dade
12086008409,4558,12086_Miami_Miami-Dade
12086008415,605,12086_Miami_Miami-Dade
12086008416,1107,12086_Miami_Miami-Dade
12086008418,402,12086_Miami_Miami-Dade
12086008419,5330,12086_Miami_Miami-Dade
12086008420,315,12086_Miami_Miami-Dade
12086008421,1368,12086_Miami_Miami-Dade
12086008422,2867,12086_Miami_Miami-Dade
12086008423,1713,12086_Miami_Miami-Dade
12086008424,1203,12086_Miami_Miami-Dade
12086008425,1126,12086_Miami_Miami-Dade
12086008426,187,12086_Miami_Miami-Dade
12086008427,814,12086_Miami_Miami-Dade
12086008428,239,12086_Miami_Miami-Dade
12086008429,7839,12086_Miami_Miami-Dade
12086008430,248,12086_Miami_Miami-Dade
12086008431,4073,12086_Miami_Miami-Dade
12086008502,1598,12086_Miami_Miami-Dade
12086008503,851,12086_Miami_Miami-Dade
12086008504,224,12086_Miami_Miami-Dade
12086008601,1810,12086_Miami_Miami-Dade
12086008603,115,12086_Miami_Miami-Dade
12086008604,451,12086_Miami_Miami-Dade
12086008702,384,12086_Miami_Miami-Dade
12086008703,113,12086_Miami_Miami-Dade
12086008704,129,12086_Miami_Miami-Dade
12086008805,1240,12086_Miami_Miami-Dade
12086008806,434,12086_Miami_Miami-Dade
12086008807,329,12086_Miami_Miami-Dade
12086008808,705,12086_Miami_Miami-Dade
12086008809,361,12086_Miami_Miami-Dade
12086008810,2108,12086_Miami_Miami-Dade
12086008904,6924,12086_Miami_Miami-Dade
12086008906,414,12086_Miami_Miami-Dade
12086008907,1094,12086_Miami_Miami-Dade
12086008908,465,12086_Miami_Miami-Dade
12086008909,455,12086_Miami_Miami-Dade
12086008910,1089,12086_Miami_Miami-Dade
12086008911,1158,12086_Miami_Miami-Dade
12086009010,71687,12086_Miami_Miami-Dade
12086009014,4172,12086_Miami_Miami-Dade
12086009015,1024,12086_Miami_Miami-Dade
12086009020,305,12086_Miami_Miami-Dade
12086009021,519,12086_Miami_Miami-Dade
12086009022,37,12086_Miami_Miami-Dade
12086009024,70,12086_Miami_Miami-Dade
12086009026,310,12086_Miami_Miami-Dade
12086009027,130,12086_Miami_Miami-Dade
12086009028,122,12086_Miami_Miami-Dade
12086009029,1178,12086_Miami_Miami-Dade
12086009030,97,12086_Miami_Miami-Dade
12086009031,73,12086_Miami_Miami-Dade
12086009039,530,12086_Miami_Miami-Dade
12086009040,18155,12086_Miami_Miami-Dade
12086009043,412,12086_Miami_Miami-Dade
12086009044,92,12086_Miami_Miami-Dade
12086009048,736,12086_Miami_Miami-Dade
12086009049,234,12086_Miami_Miami-Dade
12086009050,113,12086_Miami_Miami-Dade
12086009051,1073,12086_Miami_Miami-Dade
12086009052,1637,12086_Miami_Miami-Dade
12086009053,1036,12086_Miami_Miami-Dade
12086009054,352,12086_Miami_Miami-Dade
12086009055,360,12086_Miami_Miami-Dade
12086009056,1215,12086_Miami_Miami-Dade
12086009057,1779,12086_Miami_Miami-Dade
12086009058,922,12086_Miami_Miami-Dade
12086009059,120,12086_Miami_Miami-Dade
12086009060,261,12086_Miami_Miami-Dade
12086009061,150,12086_Miami_Miami-Dade
12086009062,302,12086_Miami_Miami-Dade
12086009063,47,12086_Miami_Miami-Dade
12086009064,1257,12086_Miami_Miami-Dade
12086009065,7423,12086_Miami_Miami-Dade
12086009066,19355,12086_Miami_Miami-Dade
12086009101,493,12086_Miami_Miami-Dade
12086009102,35621,12086_Miami_Miami-Dade
12086009200,240,12086_Miami_Miami-Dade
12086009305,5331,12086_Miami_Miami-Dade
12086009312,11237,12086_Miami_Miami-Dade
12086009314,378,12086_Miami_Miami-Dade
12086009315,426,12086_Miami_Miami-Dade
12086009316,900,12086_Miami_Miami-Dade
12086009317,491,12086_Miami_Miami-Dade
12086009318,114,12086_Miami_Miami-Dade
12086009319,399,12086_Miami_Miami-Dade
12086009320,160,12086_Miami_Miami-Dade
12086009321,39,12086_Miami_Miami-Dade
12086009322,89,12086_Miami_Miami-Dade
12086009323,535,12086_Miami_Miami-Dade
12086009324,212,12086_Miami_Miami-Dade
12086009325,655,12086_Miami_Miami-Dade
12086009326,175,12086_Miami_Miami-Dade
12086009327,145,12086_Miami_Miami-Dade
12086009401,717,12086_Miami_Miami-Dade
12086009402,541,12086_Miami_Miami-Dade
12086009503,946,12086_Miami_Miami-Dade
12086009504,3305,12086_Miami_Miami-Dade
12086009505,904,12086_Miami_Miami-Dade
12086009506,775,12086_Miami_Miami-Dade
12086009601,1020,12086_Miami_Miami-Dade
12086009602,2925,12086_Miami_Miami-Dade
12086009703,881,12086_Miami_Miami-Dade
12086009704,2388,12086_Miami_Miami-Dade
12086009705,52,12086_Miami_Miami-Dade
12086009706,78,12086_Miami_Miami-Dade
12086009803,720,12086_Miami_Miami-Dade
12086009804,1242,12086_Miami_Miami-Dade
12086009806,146,12086_Miami_Miami-Dade
12086009809,562,12086_Miami_Miami-Dade
12086009810,110,12086_Miami_Miami-Dade
12086009811,206,12086_Miami_Miami-Dade
12086009812,169,12086_Miami_Miami-Dade
12086009903,1788,12086_Miami_Miami-Dade
12086009904,444,12086_Miami_Miami-Dade
12086009905,270,12086_Miami_Miami-Dade
12086009906,614,12086_Miami_Miami-Dade
12086009907,332,12086_Miami_Miami-Dade
12086009908,792,12086_Miami_Miami-Dade
12086009909,15,12086_Miami_Miami-Dade
12086010010,104,12086_Miami_Miami-Dade
12086010012,113,12086_Miami_Miami-Dade
12086010013,820,12086_Miami_Miami-Dade
12086010015,234,12086_Miami_Miami-Dade
12086010016,212,12086_Miami_Miami-Dade
12086010017,366,12086_Miami_Miami-Dade
12086010018,444,12086_Miami_Miami-Dade
12086010019,96,12086_Miami_Miami-Dade
12086010020,137,12086_Miami_Miami-Dade
12086010021,249,12086_Miami_Miami-Dade
12086010022,309,12086_Miami_Miami-Dade
12086010023,753,12086_Miami_Miami-Dade
12086010024,924,12086_Miami_Miami-Dade
12086010025,56,12086_Miami_Miami-Dade
12086010026,633,12086_Miami_Miami-Dade
12086010193,1201,12086_Miami_Miami-Dade
12086010198,128,12086_Miami_Miami-Dade
12086010201,1578,12086_Miami_Miami-Dade
12086010205,398,12086_Miami_Miami-Dade
12086010207,5075,12086_Miami_Miami-Dade
12086010208,708,12086_Miami_Miami-Dade
12086010209,300,12086_Miami_Miami-Dade
12086010211,205,12086_Miami_Miami-Dade
12086010212,284,12086_Miami_Miami-Dade
12086010213,52,12086_Miami_Miami-Dade
12086010214,136,12086_Miami_Miami-Dade
12086010301,5971,12086_Miami_Miami-Dade
12086010302,1430,12086_Miami_Miami-Dade
12086010303,1556,12086_Miami_Miami-Dade
12086010400,1695,12086_Miami_Miami-Dade
12086010501,1382,12086_Miami_Miami-Dade
12086010502,725,12086_Miami_Miami-Dade
12086010604,342,12086_Miami_Miami-Dade
12086010608,179,12086_Miami_Miami-Dade
12086010609,2057,12086_Miami_Miami-Dade
12086010610,677,12086_Miami_Miami-Dade
12086010613,376,12086_Miami_Miami-Dade
12086010618,255,12086_Miami_Miami-Dade
12086010619,763,12086_Miami_Miami-Dade
12086010620,68,12086_Miami_Miami-Dade
12086010621,247,12086_Miami_Miami-Dade
12086010622,257,12086_Miami_Miami-Dade
12086010623,2433,12086_Miami_Miami-Dade
12086010624,180,12086_Miami_Miami-Dade
12086010625,81,12086_Miami_Miami-Dade
12086010626,88,12086_Miami_Miami-Dade
12086010705,440,12086_Miami_Miami-Dade
12086010706,374,12086_Miami_Miami-Dade
12086010707,753,12086_Miami_Miami-Dade
12086010708,493,12086_Miami_Miami-Dade
12086010709,46,12086_Miami_Miami-Dade
12086010710,518,12086_Miami_Miami-Dade
12086010803,157,12086_Miami_Miami-Dade
12086010804,1079,12086_Miami_Miami-Dade
12086010805,87,12086_Miami_Miami-Dade
12086010806,97,12086_Miami_Miami-Dade
12086010900,733,12086_Miami_Miami-Dade
12086011003,1112,12086_Miami_Miami-Dade
12086011008,334,12086_Miami_Miami-Dade
12086011009,705,12086_Miami_Miami-Dade
12086011010,885,12086_Miami_Miami-Dade
12086011011,1326,12086_Miami_Miami-Dade
12086011012,214,12086_Miami_Miami-Dade
12086011013,133,12086_Miami_Miami-Dade
12086011014,395,12086_Miami_Miami-Dade
12086011015,2307,12086_Miami_Miami-Dade
12086011103,751,12086_Miami_Miami-Dade
12086011104,1976,12086_Miami_Miami-Dade
12086011105,369,12086_Miami_Miami-Dade
12086011106,1209,12086_Miami_Miami-Dade
12086011203,678,12086_Miami_Miami-Dade
12086011204,387,12086_Miami_Miami-Dade
12086011205,88,12086_Miami_Miami-Dade
12086011206,694,12086_Miami_Miami-Dade
12086011301,949,12086_Miami_Miami-Dade
12086011302,587,12086_Miami_Miami-Dade
12086011405,1008,12086_Miami_Miami-Dade
12086011406,741,12086_Miami_Miami-Dade
12086011407,93,12086_Miami_Miami-Dade
12086011408,787,12086_Miami_Miami-Dade
12086011409,2020,12086_Miami_Miami-Dade
12086011410,1530,12086_Miami_Miami-Dade
12086011411,198,12086_Miami_Miami-Dade
12086011412,756,12086_Miami_Miami-Dade
12086011500,3903,12086_Miami_Miami-Dade
12086011601,170,12086_Miami_Miami-Dade
12086011602,2826,12086_Miami_Miami-Dade
12086011701,127,12086_Miami_Miami-Dade
12086011702,335,12086_Miami_Miami-Dade
12086011800,123,12086_Miami_Miami-Dade
12086011900,526,12086_Miami_Miami-Dade
12086012001,870,12086_Miami_Miami-Dade
12086012002,83,12086_Miami_Miami-Dade
12086012101,573,12086_Miami_Miami-Dade
12086012102,83,12086_Miami_Miami-Dade
12086012103,30,12086_Miami_Miami-Dade
12086012104,51,12086_Miami_Miami-Dade
12086012105,56,12086_Miami_Miami-Dade
12086012200,460,12086_Miami_Miami-Dade
12086012301,180,12086_Miami_Miami-Dade
12086012302,115,12086_Miami_Miami-Dade
12086012401,558,12086_Miami_Miami-Dade
12086012402,239,12086_Miami_Miami-Dade
12086012403,1283,12086_Miami_Miami-Dade
12086012501,1736,12086_Miami_Miami-Dade
12086012502,285,12086_Miami_Miami-Dade
12086012601,755,12086_Miami_Miami-Dade
12086012602,93,12086_Miami_Miami-Dade
12086012701,1541,12086_Miami_Miami-Dade
12086012702,2039,12086_Miami_Miami-Dade
12086012801,214,12086_Miami_Miami-Dade
12086012802,7537,12086_Miami_Miami-Dade
12086012900,6300,12086_Miami_Miami-Dade
12086013000,168,12086_Miami_Miami-Dade
12086013100,1427,12086_Miami_Miami-Dade
12086013201,131,12086_Miami_Miami-Dade
12086013202,426,12086_Miami_Miami-Dade
12086013301,428,12086_Miami_Miami-Dade
12086013302,751,12086_Miami_Miami-Dade
12086013400,387,12086_Miami_Miami-Dade
12086013500,1246,12086_Miami_Miami-Dade
12086013600,547,12086_Miami_Miami-Dade
12086013700,3388,12086_Miami_Miami-Dade
12086013801,24,12086_Miami_Miami-Dade
12086013802,422,12086_Miami_Miami-Dade
12086013900,489,12086_Miami_Miami-Dade
12086014100,7001,12086_Miami_Miami-Dade
12086014200,220,12086_Miami_Miami-Dade
12086014300,119,12086_Miami_Miami-Dade
12086014400,116,12086_Miami_Miami-Dade
12086014500,394,12086_Miami_Miami-Dade
12086014601,617,12086_Miami_Miami-Dade
12086014602,701,12086_Miami_Miami-Dade
12086014701,30,12086_Miami_Miami-Dade
12086014702,571,12086_Miami_Miami-Dade
12086014800,303,12086_Miami_Miami-Dade
12086014900,533,12086_Miami_Miami-Dade
12086015001,1013,12086_Miami_Miami-Dade
12086015002,912,12086_Miami_Miami-Dade
12086015101,169,12086_Miami_Miami-Dade
12086015102,166,12086_Miami_Miami-Dade
12086015103,127,12086_Miami_Miami-Dade
12086015201,200,12086_Miami_Miami-Dade
12086015202,386,12086_Miami_Miami-Dade
12086015300,1568,12086_Miami_Miami-Dade
12086015400,1575,12086_Miami_Miami-Dade
12086015501,2524,12086_Miami_Miami-Dade
12086015502,328,12086_Miami_Miami-Dade
12086015600,841,12086_Miami_Miami-Dade
12086015700,1845,12086_Miami_Miami-Dade
12086015800,84,12086_Miami_Miami-Dade
12086015900,241,12086_Miami_Miami-Dade
12086016000,205,12086_Miami_Miami-Dade
12086016100,353,12086_Miami_Miami-Dade
12086016200,151,12086_Miami_Miami-Dade
12086016300,662,12086_Miami_Miami-Dade
12086016401,206,12086_Miami_Miami-Dade
12086016402,68,12086_Miami_Miami-Dade
12086016501,204,12086_Miami_Miami-Dade
12086016502,261,12086_Miami_Miami-Dade
12086016600,104,12086_Miami_Miami-Dade
12086016700,415,12086_Miami_Miami-Dade
12086016800,1070,12086_Miami_Miami-Dade
12086016900,108,12086_Miami_Miami-Dade
12086017000,290,12086_Miami_Miami-Dade
12086017101,351,12086_Miami_Miami-Dade
12086017102,36,12086_Miami_Miami-Dade
12086017200,266,12086_Miami_Miami-Dade
12086017300,365,12086_Miami_Miami-Dade
12086017401,42,12086_Miami_Miami-Dade
12086017402,1042,12086_Miami_Miami-Dade
12086017500,318,12086_Miami_Miami-Dade
12086017600,430,12086_Miami_Miami-Dade
12086017700,242,12086_Miami_Miami-Dade
12086017800,196,12086_Miami_Miami-Dade
12086017901,709,12086_Miami_Miami-Dade
12086017902,857,12086_Miami_Miami-Dade
12086018001,80,12086_Miami_Miami-Dade
12086018002,102,12086_Miami_Miami-Dade
12086018003,2766,12086_Miami_Miami-Dade
12086018100,833,12086_Miami_Miami-Dade
12086018200,112,12086_Miami_Miami-Dade
12086018300,724,12086_Miami_Miami-Dade
12086018400,287,12086_Miami_Miami-Dade
12086018500,132,12086_Miami_Miami-Dade
12086018601,578,12086_Miami_Miami-Dade
12086018602,397,12086_Miami_Miami-Dade
12086018700,691,12086_Miami_Miami-Dade
12086018801,309,12086_Miami_Miami-Dade
12086018802,854,12086_Miami_Miami-Dade
12086018803,184,12086_Miami_Miami-Dade
12086018901,95,12086_Miami_Miami-Dade
12086018902,466,12086_Miami_Miami-Dade
12086019000,1659,12086_Miami_Miami-Dade
12086019100,746,12086_Miami_Miami-Dade
12086019200,236,12086_Miami_Miami-Dade
12086019301,1926,12086_Miami_Miami-Dade
12086019302,1224,12086_Miami_Miami-Dade
12086019401,718,12086_Miami_Miami-Dade
12086019402,11825,12086_Miami_Miami-Dade
12086019501,1487,12086_Miami_Miami-Dade
12086019502,3938,12086_Miami_Miami-Dade
12086019600,280,12086_Miami_Miami-Dade
12086019700,581,12086_Miami_Miami-Dade
12086019801,134,12086_Miami_Miami-Dade
12086019802,271,12086_Miami_Miami-Dade
12086019901,370,12086_Miami_Miami-Dade
12086019902,375,12086_Miami_Miami-Dade
12086020001,60,12086_Miami_Miami-Dade
12086020002,150,12086_Miami_Miami-Dade
12086020100,723,12086_Miami_Miami-Dade
12086020200,1779,12086_Miami_Miami-Dade
12086020300,85,12086_Miami_Miami-Dade
12086490100,1253,12086_Miami_Miami-Dade
12086980200,705,12086_Miami_Miami-Dade
12086980300,11392,12086_Miami_Miami-Dade
12086980400,375,12086_Miami_Miami-Dade
12086980500,36654,12086_Miami_Miami-Dade
12086980600,81,12086_Miami_Miami-Dade
12086980700,372,12086_Miami_Miami-Dade
12086980800,1607,12086_Miami_Miami-Dade
12086980900,27,12086_Miami_Miami-Dade
12086981000,7817,12086_Miami_Miami-Dade
12086981100,11142,12086_Miami_Miami-Dade
12086981200,9,12086_Miami_Miami-Dade
12086981300,258,12086_Miami_Miami-Dade
36081000101,1025,36081_NY_Queens
36081000102,620,36081_NY_Queens
36081000103,634,36081_NY_Queens
36081000104,7734,36081_NY_Queens
36081000200,168,36081_NY_Queens
36081000400,297,36081_NY_Queens
36081000600,167,36081_NY_Queens
36081000701,3680,36081_NY_Queens
36081000702,3778,36081_NY_Queens
36081000800,79,36081_NY_Queens
36081001000,264,36081_NY_Queens
36081001200,390,36081_NY_Queens
36081001400,221,36081_NY_Queens
36081001600,215,36081_NY_Queens
36081001800,543,36081_NY_Queens
36081001901,3324,36081_NY_Queens
36081001902,6580,36081_NY_Queens
36081001903,9481,36081_NY_Queens
36081002000,170,36081_NY_Queens
36081002200,262,36081_NY_Queens
36081002400,356,36081_NY_Queens
36081002500,305,36081_NY_Queens
36081002600,197,36081_NY_Queens
36081002800,284,36081_NY_Queens
36081003000,83,36081_NY_Queens
36081003100,1646,36081_NY_Queens
36081003200,3901,36081_NY_Queens
36081003301,13496,36081_NY_Queens
36081003302,2553,36081_NY_Queens
36081003400,390,36081_NY_Queens
36081003600,145,36081_NY_Queens
36081003700,412,36081_NY_Queens
36081003800,1439,36081_NY_Queens
36081003900,1341,36081_NY_Queens
36081004001,215,36081_NY_Queens
36081004002,583,36081_NY_Queens
36081004200,456,36081_NY_Queens
36081004300,1018,36081_NY_Queens
36081004401,315,36081_NY_Queens
36081004500,721,36081_NY_Queens
36081004700,181,36081_NY_Queens
36081005100,1773,36081_NY_Queens
36081005200,101,36081_NY_Queens
36081005300,620,36081_NY_Queens
36081005400,793,36081_NY_Queens
36081005500,7700,36081_NY_Queens
36081005700,2038,36081_NY_Queens
36081005800,687,36081_NY_Queens
36081005900,1004,36081_NY_Queens
36081006100,1336,36081_NY_Queens
36081006201,166,36081_NY_Queens
36081006202,705,36081_NY_Queens
36081006300,1376,36081_NY_Queens
36081006501,809,36081_NY_Queens
36081006502,894,36081_NY_Queens
36081006900,1976,36081_NY_Queens
36081007100,1202,36081_NY_Queens
36081007300,1886,36081_NY_Queens
36081007500,307,36081_NY_Queens
36081007700,541,36081_NY_Queens
36081007900,219,36081_NY_Queens
36081008100,833,36081_NY_Queens
36081008300,674,36081_NY_Queens
36081008500,2344,36081_NY_Queens
36081008600,1265,36081_NY_Queens
36081008700,183,36081_NY_Queens
36081008800,280,36081_NY_Queens
36081009100,217,36081_NY_Queens
36081009400,206,36081_NY_Queens
36081009500,56,36081_NY_Queens
36081009600,540,36081_NY_Queens
36081009700,237,36081_NY_Queens
36081009800,311,36081_NY_Queens
36081010000,153,36081_NY_Queens
36081010100,104,36081_NY_Queens
36081010200,286,36081_NY_Queens
36081010300,584,36081_NY_Queens
36081010400,147,36081_NY_Queens
36081010500,209,36081_NY_Queens
36081010600,364,36081_NY_Queens
36081010701,1136,36081_NY_Queens
36081010800,158,36081_NY_Queens
36081011000,296,36081_NY_Queens
36081011100,197,36081_NY_Queens
36081011200,3240,36081_NY_Queens
36081011300,1238,36081_NY_Queens
36081011400,548,36081_NY_Queens
36081011500,1236,36081_NY_Queens
36081011600,151,36081_NY_Queens
36081011700,564,36081_NY_Queens
36081011800,233,36081_NY_Queens
36081011900,553,36081_NY_Queens
36081012000,493,36081_NY_Queens
36081012100,161,36081_NY_Queens
36081012200,1062,36081_NY_Queens
36081012301,4014,36081_NY_Queens
36081012400,1671,36081_NY_Queens
36081012500,185,36081_NY_Queens
36081012601,167,36081_NY_Queens
36081012602,204,36081_NY_Queens
36081012800,337,36081_NY_Queens
36081013000,254,36081_NY_Queens
36081013200,1281,36081_NY_Queens
36081013400,277,36081_NY_Queens
36081013500,20,36081_NY_Queens
36081013600,873,36081_NY_Queens
36081013700,273,36081_NY_Queens
36081013800,256,36081_NY_Queens
36081014000,405,36081_NY_Queens
36081014100,1373,36081_NY_Queens
36081014201,237,36081_NY_Queens
36081014202,5945,36081_NY_Queens
36081014300,1126,36081_NY_Queens
36081014400,791,36081_NY_Queens
36081014500,417,36081_NY_Queens
36081014700,506,36081_NY_Queens
36081014800,59,36081_NY_Queens
36081014900,519,36081_NY_Queens
36081015000,54,36081_NY_Queens
36081015100,313,36081_NY_Queens
36081015200,110,36081_NY_Queens
36081015300,258,36081_NY_Queens
36081015400,409,36081_NY_Queens
36081015500,1447,36081_NY_Queens
36081015600,320,36081_NY_Queens
36081015700,686,36081_NY_Queens
36081015801,288,36081_NY_Queens
36081015802,714,36081_NY_Queens
36081015900,415,36081_NY_Queens
36081016100,256,36081_NY_Queens
36081016300,811,36081_NY_Queens
36081016400,136,36081_NY_Queens
36081016600,1128,36081_NY_Queens
36081016800,41,36081_NY_Queens
36081016900,1158,36081_NY_Queens
36081017000,193,36081_NY_Queens
36081017101,617,36081_NY_Queens
36081017102,5025,36081_NY_Queens
36081017200,163,36081_NY_Queens
36081017400,53,36081_NY_Queens
36081017600,121,36081_NY_Queens
36081017800,121,36081_NY_Queens
36081017901,1799,36081_NY_Queens
36081017902,16412,36081_NY_Queens
36081018000,178,36081_NY_Queens
36081018101,737,36081_NY_Queens
36081018102,268,36081_NY_Queens
36081018200,200,36081_NY_Queens
36081018300,1272,36081_NY_Queens
36081018401,219,36081_NY_Queens
36081018402,169,36081_NY_Queens
36081018501,153,36081_NY_Queens
36081018502,552,36081_NY_Queens
36081018600,29,36081_NY_Queens
36081018700,167,36081_NY_Queens
36081018800,17,36081_NY_Queens
36081018900,1597,36081_NY_Queens
36081019000,187,36081_NY_Queens
36081019200,118,36081_NY_Queens
36081019400,31,36081_NY_Queens
36081019600,221,36081_NY_Queens
36081019800,70,36081_NY_Queens
36081019901,4055,36081_NY_Queens
36081019902,5692,36081_NY_Queens
36081019903,91,36081_NY_Queens
36081020200,60,36081_NY_Queens
36081020400,543,36081_NY_Queens
36081020500,5834,36081_NY_Queens
36081020600,132,36081_NY_Queens
36081020800,1643,36081_NY_Queens
36081021200,1089,36081_NY_Queens
36081021400,1632,36081_NY_Queens
36081021601,2739,36081_NY_Queens
36081021602,364,36081_NY_Queens
36081021603,48,36081_NY_Queens
36081021900,5580,36081_NY_Queens
36081022001,382,36081_NY_Queens
36081022002,203,36081_NY_Queens
36081022900,322,36081_NY_Queens
36081023000,269,36081_NY_Queens
36081023200,1286,36081_NY_Queens
36081023501,473,36081_NY_Queens
36081023502,656,36081_NY_Queens
36081023600,532,36081_NY_Queens
36081023800,595,36081_NY_Queens
36081024000,3889,36081_NY_Queens
36081024300,4413,36081_NY_Queens
36081024500,1712,36081_NY_Queens
36081024600,1773,36081_NY_Queens
36081024700,130,36081_NY_Queens
36081024900,631,36081_NY_Queens
36081025100,1779,36081_NY_Queens
36081025301,588,36081_NY_Queens
36081025302,879,36081_NY_Queens
36081025401,282,36081_NY_Queens
36081025402,218,36081_NY_Queens
36081025500,878,36081_NY_Queens
36081025700,896,36081_NY_Queens
36081025800,380,36081_NY_Queens
36081025900,731,36081_NY_Queens
36081026000,168,36081_NY_Queens
36081026100,881,36081_NY_Queens
36081026200,143,36081_NY_Queens
36081026300,558,36081_NY_Queens
36081026400,104,36081_NY_Queens
36081026501,900,36081_NY_Queens
36081026502,72,36081_NY_Queens
36081026600,262,36081_NY_Queens
36081026700,6721,36081_NY_Queens
36081026901,1258,36081_NY_Queens
36081026902,304,36081_NY_Queens
36081027000,107,36081_NY_Queens
36081027101,494,36081_NY_Queens
36081027102,120,36081_NY_Queens
36081027200,119,36081_NY_Queens
36081027301,506,36081_NY_Queens
36081027302,789,36081_NY_Queens
36081027400,13,36081_NY_Queens
36081027500,471,36081_NY_Queens
36081027600,455,36081_NY_Queens
36081027701,286,36081_NY_Queens
36081027702,92,36081_NY_Queens
36081027800,254,36081_NY_Queens
36081027900,481,36081_NY_Queens
36081028000,352,36081_NY_Queens
36081028100,569,36081_NY_Queens
36081028200,130,36081_NY_Queens
36081028300,3074,36081_NY_Queens
36081028400,382,36081_NY_Queens
36081028500,956,36081_NY_Queens
36081028700,709,36081_NY_Queens
36081028801,187,36081_NY_Queens
36081028802,84,36081_NY_Queens
36081028803,48,36081_NY_Queens
36081028900,1262,36081_NY_Queens
36081029100,1170,36081_NY_Queens
36081029300,1013,36081_NY_Queens
36081029400,1588,36081_NY_Queens
36081029500,440,36081_NY_Queens
36081029700,2666,36081_NY_Queens
36081029900,595,36081_NY_Queens
36081030600,3191,36081_NY_Queens
36081030903,725,36081_NY_Queens
36081030904,2798,36081_NY_Queens
36081030905,294,36081_NY_Queens
36081030906,259,36081_NY_Queens
36081031700,1052,36081_NY_Queens
36081032000,3809,36081_NY_Queens
36081032700,280,36081_NY_Queens
36081032800,163,36081_NY_Queens
36081032900,709,36081_NY_Queens
36081033000,535,36081_NY_Queens
36081033100,9919,36081_NY_Queens
36081033401,345,36081_NY_Queens
36081033403,2220,36081_NY_Queens
36081033404,436,36081_NY_Queens
36081033405,165,36081_NY_Queens
36081033700,180,36081_NY_Queens
36081033900,627,36081_NY_Queens
36081034700,290,36081_NY_Queens
36081035100,432,36081_NY_Queens
36081035200,1629,36081_NY_Queens
36081035300,558,36081_NY_Queens
36081035700,4402,36081_NY_Queens
36081035800,1869,36081_NY_Queens
36081036100,170,36081_NY_Queens
36081036300,270,36081_NY_Queens
36081036500,149,36081_NY_Queens
36081036600,513,36081_NY_Queens
36081036700,214,36081_NY_Queens
36081036800,43,36081_NY_Queens
36081037100,16,36081_NY_Queens
36081037300,455,36081_NY_Queens
36081037501,149,36081_NY_Queens
36081037502,742,36081_NY_Queens
36081037600,76,36081_NY_Queens
36081037700,270,36081_NY_Queens
36081037900,259,36081_NY_Queens
36081038100,268,36081_NY_Queens
36081038301,1334,36081_NY_Queens
36081038302,3434,36081_NY_Queens
36081038400,186,36081_NY_Queens
36081039400,319,36081_NY_Queens
36081039800,99,36081_NY_Queens
36081039901,1432,36081_NY_Queens
36081039902,177,36081_NY_Queens
36081040000,37,36081_NY_Queens
36081040101,49,36081_NY_Queens
36081040102,175,36081_NY_Queens
36081040200,39,36081_NY_Queens
36081040301,429,36081_NY_Queens
36081040302,221,36081_NY_Queens
36081040400,111,36081_NY_Queens
36081040501,459,36081_NY_Queens
36081040502,245,36081_NY_Queens
36081040701,282,36081_NY_Queens
36081040702,1105,36081_NY_Queens
36081040901,206,36081_NY_Queens
36081040902,67,36081_NY_Queens
36081041100,66,36081_NY_Queens
36081041300,206,36081_NY_Queens
36081041400,625,36081_NY_Queens
36081041500,336,36081_NY_Queens
36081042400,49,36081_NY_Queens
36081042600,548,36081_NY_Queens
36081042700,259,36081_NY_Queens
36081043200,159,36081_NY_Queens
36081043400,63,36081_NY_Queens
36081043701,795,36081_NY_Queens
36081043702,157,36081_NY_Queens
36081043900,547,36081_NY_Queens
36081044000,370,36081_NY_Queens
36081044301,159,36081_NY_Queens
36081044302,1204,36081_NY_Queens
36081044400,2621,36081_NY_Queens
36081044601,4785,36081_NY_Queens
36081044602,517,36081_NY_Queens
36081044800,952,36081_NY_Queens
36081045000,126,36081_NY_Queens
36081045200,1076,36081_NY_Queens
36081045400,1618,36081_NY_Queens
36081045500,4359,36081_NY_Queens
36081045600,233,36081_NY_Queens
36081045700,545,36081_NY_Queens
36081045800,940,36081_NY_Queens
36081045900,48,36081_NY_Queens
36081046000,2496,36081_NY_Queens
36081046100,589,36081_NY_Queens
36081046200,638,36081_NY_Queens
36081046300,749,36081_NY_Queens
36081046400,24,36081_NY_Queens
36081046500,1095,36081_NY_Queens
36081046600,1394,36081_NY_Queens
36081046700,217,36081_NY_Queens
36081046800,830,36081_NY_Queens
36081046901,173,36081_NY_Queens
36081046902,147,36081_NY_Queens
36081047000,485,36081_NY_Queens
36081047100,322,36081_NY_Queens
36081047200,507,36081_NY_Queens
36081047300,2177,36081_NY_Queens
36081047500,1875,36081_NY_Queens
36081047600,375,36081_NY_Queens
36081047801,336,36081_NY_Queens
36081047802,151,36081_NY_Queens
36081047900,1008,36081_NY_Queens
36081048000,256,36081_NY_Queens
36081048100,312,36081_NY_Queens
36081048200,552,36081_NY_Queens
36081048301,52,36081_NY_Queens
36081048302,602,36081_NY_Queens
36081048400,120,36081_NY_Queens
36081048500,1016,36081_NY_Queens
36081048900,1234,36081_NY_Queens
36081049201,68,36081_NY_Queens
36081049202,257,36081_NY_Queens
36081049301,111,36081_NY_Queens
36081049302,1590,36081_NY_Queens
36081049500,24,36081_NY_Queens
36081049600,58,36081_NY_Queens
36081049700,509,36081_NY_Queens
36081049900,1002,36081_NY_Queens
36081050000,515,36081_NY_Queens
36081050201,12,36081_NY_Queens
36081050202,26,36081_NY_Queens
36081050400,113,36081_NY_Queens
36081050500,22,36081_NY_Queens
36081050600,39,36081_NY_Queens
36081050700,238,36081_NY_Queens
36081050800,345,36081_NY_Queens
36081051000,164,36081_NY_Queens
36081051100,293,36081_NY_Queens
36081051200,161,36081_NY_Queens
36081051300,357,36081_NY_Queens
36081051500,637,36081_NY_Queens
36081051600,10,36081_NY_Queens
36081051700,404,36081_NY_Queens
36081051800,28,36081_NY_Queens
36081052000,193,36081_NY_Queens
36081052100,537,36081_NY_Queens
36081052200,11,36081_NY_Queens
36081052400,31,36081_NY_Queens
36081052500,444,36081_NY_Queens
36081052600,71,36081_NY_Queens
36081052800,73,36081_NY_Queens
36081053000,75,36081_NY_Queens
36081053100,2575,36081_NY_Queens
36081053200,313,36081_NY_Queens
36081053401,357,36081_NY_Queens
36081053501,1301,36081_NY_Queens
36081053502,1649,36081_NY_Queens
36081053601,2,36081_NY_Queens
36081053800,175,36081_NY_Queens
36081053901,1104,36081_NY_Queens
36081053902,11,36081_NY_Queens
36081054000,832,36081_NY_Queens
36081054200,343,36081_NY_Queens
36081054500,480,36081_NY_Queens
36081054700,178,36081_NY_Queens
36081054800,874,36081_NY_Queens
36081054900,632,36081_NY_Queens
36081055100,797,36081_NY_Queens
36081055200,563,36081_NY_Queens
36081055300,895,36081_NY_Queens
36081055400,76,36081_NY_Queens
36081055500,643,36081_NY_Queens
36081055600,20,36081_NY_Queens
36081055700,1262,36081_NY_Queens
36081055800,187,36081_NY_Queens
36081055900,302,36081_NY_Queens
36081056000,732,36081_NY_Queens
36081056100,57,36081_NY_Queens
36081056200,61,36081_NY_Queens
36081056400,446,36081_NY_Queens
36081056500,64,36081_NY_Queens
36081056600,248,36081_NY_Queens
36081056700,160,36081_NY_Queens
36081056800,2038,36081_NY_Queens
36081057700,494,36081_NY_Queens
36081057900,29,36081_NY_Queens
36081058000,228,36081_NY_Queens
36081058100,518,36081_NY_Queens
36081058200,338,36081_NY_Queens
36081058300,312,36081_NY_Queens
36081058500,434,36081_NY_Queens
36081058700,327,36081_NY_Queens
36081058900,387,36081_NY_Queens
36081059100,107,36081_NY_Queens
36081059200,4,36081_NY_Queens
36081059300,432,36081_NY_Queens
36081059400,20,36081_NY_Queens
36081059501,655,36081_NY_Queens
36081059502,487,36081_NY_Queens
36081059600,255,36081_NY_Queens
36081059800,265,36081_NY_Queens
36081059900,93,36081_NY_Queens
36081060000,20,36081_NY_Queens
36081060100,728,36081_NY_Queens
36081060300,474,36081_NY_Queens
36081060600,94,36081_NY_Queens
36081060701,7,36081_NY_Queens
36081060800,236,36081_NY_Queens
36081061000,16,36081_NY_Queens
36081061200,17,36081_NY_Queens
36081061301,1865,36081_NY_Queens
36081061302,6,36081_NY_Queens
36081061400,39,36081_NY_Queens
36081061601,5,36081_NY_Queens
36081061602,695,36081_NY_Queens
36081061800,212,36081_NY_Queens
36081061900,485,36081_NY_Queens
36081062000,20,36081_NY_Queens
36081062100,529,36081_NY_Queens
36081062200,226,36081_NY_Queens
36081062300,237,36081_NY_Queens
36081062400,22,36081_NY_Queens
36081062500,238,36081_NY_Queens
36081062600,396,36081_NY_Queens
36081062700,984,36081_NY_Queens
36081062900,1397,36081_NY_Queens
36081063000,194,36081_NY_Queens
36081063200,327,36081_NY_Queens
36081063301,311,36081_NY_Queens
36081063302,274,36081_NY_Queens
36081063500,151,36081_NY_Queens
36081063700,3675,36081_NY_Queens
36081063800,514,36081_NY_Queens
36081063900,177,36081_NY_Queens
36081064101,84,36081_NY_Queens
36081064102,69,36081_NY_Queens
36081064500,1038,36081_NY_Queens
36081064600,126,36081_NY_Queens
36081065000,44,36081_NY_Queens
36081065401,297,36081_NY_Queens
36081065402,12,36081_NY_Queens
36081065501,75,36081_NY_Queens
36081065600,187,36081_NY_Queens
36081065702,265,36081_NY_Queens
36081065703,361,36081_NY_Queens
36081065900,378,36081_NY_Queens
36081066000,169,36081_NY_Queens
36081066100,52,36081_NY_Queens
36081066301,350,36081_NY_Queens
36081066302,3,36081_NY_Queens
36081066401,801,36081_NY_Queens
36081066402,65,36081_NY_Queens
36081066403,190,36081_NY_Queens
36081066404,425,36081_NY_Queens
36081066501,212,36081_NY_Queens
36081066701,161,36081_NY_Queens
36081066900,92,36081_NY_Queens
36081067100,280,36081_NY_Queens
36081067700,164,36081_NY_Queens
36081067900,805,36081_NY_Queens
36081068000,311,36081_NY_Queens
36081068200,291,36081_NY_Queens
36081068300,3996,36081_NY_Queens
36081068700,429,36081_NY_Queens
36081069000,362,36081_NY_Queens
36081069300,975,36081_NY_Queens
36081069400,206,36081_NY_Queens
36081069500,257,36081_NY_Queens
36081069701,479,36081_NY_Queens
36081069702,514,36081_NY_Queens
36081070300,293,36081_NY_Queens
36081070700,171,36081_NY_Queens
36081070900,189,36081_NY_Queens
36081071100,13826,36081_NY_Queens
36081071303,520,36081_NY_Queens
36081071304,2289,36081_NY_Queens
36081071305,1439,36081_NY_Queens
36081071306,459,36081_NY_Queens
36081071600,25722,36081_NY_Queens
36081071701,10716,36081_NY_Queens
36081071702,632,36081_NY_Queens
36081071900,96,36081_NY_Queens
36081072100,608,36081_NY_Queens
36081072300,411,36081_NY_Queens
36081072900,481,36081_NY_Queens
36081073100,217,36081_NY_Queens
36081073700,1726,36081_NY_Queens
36081073900,891,36081_NY_Queens
36081074100,261,36081_NY_Queens
36081074300,576,36081_NY_Queens
36081074500,368,36081_NY_Queens
36081074700,1086,36081_NY_Queens
36081074900,91,36081_NY_Queens
36081075701,7691,36081_NY_Queens
36081075702,714,36081_NY_Queens
36081076901,526,36081_NY_Queens
36081076902,1539,36081_NY_Queens
36081077300,2817,36081_NY_Queens
36081077500,569,36081_NY_Queens
36081077902,3524,36081_NY_Queens
36081077903,454,36081_NY_Queens
36081077904,495,36081_NY_Queens
36081077905,226,36081_NY_Queens
36081077906,654,36081_NY_Queens
36081077907,373,36081_NY_Queens
36081077908,409,36081_NY_Queens
36081078800,126,36081_NY_Queens
36081079000,168,36081_NY_Queens
36081079200,234,36081_NY_Queens
36081079300,6,36081_NY_Queens
36081079701,427,36081_NY_Queens
36081079702,581,36081_NY_Queens
36081079900,4096,36081_NY_Queens
36081080301,582,36081_NY_Queens
36081080302,136,36081_NY_Queens
36081080900,3534,36081_NY_Queens
36081081400,162,36081_NY_Queens
36081081800,315,36081_NY_Queens
36081083700,313,36081_NY_Queens
36081083800,166,36081_NY_Queens
36081084000,732,36081_NY_Queens
36081084500,921,36081_NY_Queens
36081084601,64,36081_NY_Queens
36081084602,1654,36081_NY_Queens
36081084901,1200,36081_NY_Queens
36081084902,5809,36081_NY_Queens
36081085300,4190,36081_NY_Queens
36081085500,509,36081_NY_Queens
36081085700,322,36081_NY_Queens
36081085900,421,36081_NY_Queens
36081086100,130,36081_NY_Queens
36081086300,588,36081_NY_Queens
36081086400,2026,36081_NY_Queens
36081086500,1205,36081_NY_Queens
36081086900,4363,36081_NY_Queens
36081087100,13486,36081_NY_Queens
36081088400,762,36081_NY_Queens
36081088902,9281,36081_NY_Queens
36081088903,1728,36081_NY_Queens
36081089201,2109,36081_NY_Queens
36081090700,7041,36081_NY_Queens
36081091603,590,36081_NY_Queens
36081091604,34,36081_NY_Queens
36081091800,12,36081_NY_Queens
36081091900,1059,36081_NY_Queens
36081092200,117,36081_NY_Queens
36081092500,967,36081_NY_Queens
36081092800,304,36081_NY_Queens
36081092900,4212,36081_NY_Queens
36081093401,408,36081_NY_Queens
36081093402,485,36081_NY_Queens
36081093800,1708,36081_NY_Queens
36081093900,1055,36081_NY_Queens
36081094201,594,36081_NY_Queens
36081094202,794,36081_NY_Queens
36081094203,313,36081_NY_Queens
36081094500,4871,36081_NY_Queens
36081094700,593,36081_NY_Queens
36081095400,741,36081_NY_Queens
36081096400,626,36081_NY_Queens
36081097202,105,36081_NY_Queens
36081097204,663,36081_NY_Queens
36081097205,52,36081_NY_Queens
36081097206,196,36081_NY_Queens
36081097300,220,36081_NY_Queens
36081098100,1139,36081_NY_Queens
36081098700,1828,36081_NY_Queens
36081099100,381,36081_NY_Queens
36081099200,450,36081_NY_Queens
36081099701,182,36081_NY_Queens
36081099703,583,36081_NY_Queens
36081099704,1222,36081_NY_Queens
36081099705,145,36081_NY_Queens
36081099801,2364,36081_NY_Queens
36081099802,278,36081_NY_Queens
36081099900,752,36081_NY_Queens
36081100801,168,36081_NY_Queens
36081100803,295,36081_NY_Queens
36081100804,408,36081_NY_Queens
36081101002,615,36081_NY_Queens
36081101003,1026,36081_NY_Queens
36081101004,1264,36081_NY_Queens
36081101700,997,36081_NY_Queens
36081102900,818,36081_NY_Queens
36081103201,205,36081_NY_Queens
36081103202,3876,36081_NY_Queens
36081103300,201,36081_NY_Queens
36081103900,773,36081_NY_Queens
36081104700,935,36081_NY_Queens
36081105900,343,36081_NY_Queens
36081107201,1396,36081_NY_Queens
36081107202,492,36081_NY_Queens
36081108500,247,36081_NY_Queens
36081109300,1328,36081_NY_Queens
36081109700,807,36081_NY_Queens
36081109900,957,36081_NY_Queens
36081111300,300,36081_NY_Queens
36081112300,1594,36081_NY_Queens
36081112900,202,36081_NY_Queens
36081113300,171,36081_NY_Queens
36081113900,542,36081_NY_Queens
36081114100,457,36081_NY_Queens
36081114700,61,36081_NY_Queens
36081115100,34,36081_NY_Queens
36081115500,182,36081_NY_Queens
36081115700,469,36081_NY_Queens
36081115900,186,36081_NY_Queens
36081116100,1180,36081_NY_Queens
36081116301,1347,36081_NY_Queens
36081116302,189,36081_NY_Queens
36081116700,4103,36081_NY_Queens
36081117100,2919,36081_NY_Queens
36081117500,661,36081_NY_Queens
36081118100,330,36081_NY_Queens
36081118500,194,36081_NY_Queens
36081118700,76,36081_NY_Queens
36081118900,252,36081_NY_Queens
36081119100,322,36081_NY_Queens
36081119300,146,36081_NY_Queens
36081119500,231,36081_NY_Queens
36081119900,74,36081_NY_Queens
36081120100,2183,36081_NY_Queens
36081120300,89,36081_NY_Queens
36081120500,494,36081_NY_Queens
36081120701,223,36081_NY_Queens
36081120702,25,36081_NY_Queens
36081121100,14,36081_NY_Queens
36081121500,410,36081_NY_Queens
36081122300,462,36081_NY_Queens
36081122702,1013,36081_NY_Queens
36081122703,1091,36081_NY_Queens
36081122704,1922,36081_NY_Queens
36081124100,334,36081_NY_Queens
36081124700,367,36081_NY_Queens
36081125700,1187,36081_NY_Queens
36081126500,1128,36081_NY_Queens
36081126700,5626,36081_NY_Queens
36081127700,702,36081_NY_Queens
36081128300,103,36081_NY_Queens
36081129102,547,36081_NY_Queens
36081129103,360,36081_NY_Queens
36081129104,183,36081_NY_Queens
36081130100,483,36081_NY_Queens
36081133300,420,36081_NY_Queens
36081133900,158,36081_NY_Queens
36081134100,1815,36081_NY_Queens
36081134701,2830,36081_NY_Queens
36081134702,726,36081_NY_Queens
36081136700,892,36081_NY_Queens
36081137700,382,36081_NY_Queens
36081138501,1401,36081_NY_Queens
36081138502,108,36081_NY_Queens
36081139900,119,36081_NY_Queens
36081140300,126,36081_NY_Queens
36081140901,234,36081_NY_Queens
36081140902,538,36081_NY_Queens
36081141700,1274,36081_NY_Queens
36081142900,303,36081_NY_Queens
36081143500,148,36081_NY_Queens
36081144100,148,36081_NY_Queens
36081144700,2531,36081_NY_Queens
36081145101,491,36081_NY_Queens
36081145102,217,36081_NY_Queens
36081145900,399,36081_NY_Queens
36081146300,977,36081_NY_Queens
36081146700,2201,36081_NY_Queens
36081147100,1362,36081_NY_Queens
36081147900,1048,36081_NY_Queens
36081148300,300,36081_NY_Queens
36081150701,680,36081_NY_Queens
36081150702,1149,36081_NY_Queens
36081152901,1240,36081_NY_Queens
36081152902,1726,36081_NY_Queens
36081155101,216,36081_NY_Queens
36081155103,331,36081_NY_Queens
36081155104,13048,36081_NY_Queens
36081156700,3673,36081_NY_Queens
36081157101,486,36081_NY_Queens
36081157102,229,36081_NY_Queens
36081157901,319,36081_NY_Queens
36081157902,867,36081_NY_Queens
36081157903,564,36081_NY_Queens
36081161700,661,36081_NY_Queens
36081162100,633,36081_NY_Queens
29095000300,585,29095_KC_Jackson
29095000600,411,29095_KC_Jackson
29095000700,433,29095_KC_Jackson
29095000800,265,29095_KC_Jackson
29095000900,95,29095_KC_Jackson
29095001000,703,29095_KC_Jackson
29095001100,2081,29095_KC_Jackson
29095001800,574,29095_KC_Jackson
29095001900,1088,29095_KC_Jackson
29095002000,1398,29095_KC_Jackson
29095002100,677,29095_KC_Jackson
29095002200,269,29095_KC_Jackson
29095002300,419,29095_KC_Jackson
29095003400,95,29095_KC_Jackson
29095003700,120,29095_KC_Jackson
29095003800,127,29095_KC_Jackson
29095004300,14420,29095_KC_Jackson
29095004400,4987,29095_KC_Jackson
29095004600,1771,29095_KC_Jackson
29095005100,347,29095_KC_Jackson
29095005200,433,29095_KC_Jackson
29095005300,95,29095_KC_Jackson
29095005400,369,29095_KC_Jackson
29095005500,90,29095_KC_Jackson
29095005601,121,29095_KC_Jackson
29095005602,26,29095_KC_Jackson
29095005700,237,29095_KC_Jackson
29095005801,2605,29095_KC_Jackson
29095006000,134,29095_KC_Jackson
29095006100,56,29095_KC_Jackson
29095006300,562,29095_KC_Jackson
29095006500,86,29095_KC_Jackson
29095006600,1121,29095_KC_Jackson
29095006700,373,29095_KC_Jackson
29095006900,6762,29095_KC_Jackson
29095007100,1217,29095_KC_Jackson
29095007200,1158,29095_KC_Jackson
29095007301,2117,29095_KC_Jackson
29095007302,6972,29095_KC_Jackson
29095007400,6325,29095_KC_Jackson
29095007500,1209,29095_KC_Jackson
29095007600,204,29095_KC_Jackson
29095007700,154,29095_KC_Jackson
29095007802,1673,29095_KC_Jackson
29095007900,147,29095_KC_Jackson
29095008000,511,29095_KC_Jackson
29095008100,320,29095_KC_Jackson
29095008200,345,29095_KC_Jackson
29095008300,884,29095_KC_Jackson
29095008400,148,29095_KC_Jackson
29095008500,294,29095_KC_Jackson
29095008600,2587,29095_KC_Jackson
29095008700,6073,29095_KC_Jackson
29095008800,397,29095_KC_Jackson
29095008900,219,29095_KC_Jackson
29095009000,406,29095_KC_Jackson
29095009100,1064,29095_KC_Jackson
29095009200,1132,29095_KC_Jackson
29095009300,2717,29095_KC_Jackson
29095009400,1132,29095_KC_Jackson
29095009500,328,29095_KC_Jackson
29095009600,2226,29095_KC_Jackson
29095009700,1146,29095_KC_Jackson
29095009800,1256,29095_KC_Jackson
29095009900,7599,29095_KC_Jackson
29095010001,1727,29095_KC_Jackson
29095010002,589,29095_KC_Jackson
29095010103,1018,29095_KC_Jackson
29095010105,3208,29095_KC_Jackson
29095010201,271,29095_KC_Jackson
29095010203,407,29095_KC_Jackson
29095010204,430,29095_KC_Jackson
29095010500,1382,29095_KC_Jackson
29095010600,249,29095_KC_Jackson
29095010702,1421,29095_KC_Jackson
29095011001,87,29095_KC_Jackson
29095011002,653,29095_KC_Jackson
29095011100,356,29095_KC_Jackson
29095011200,314,29095_KC_Jackson
29095011300,1024,29095_KC_Jackson
29095011405,202,29095_KC_Jackson
29095011406,413,29095_KC_Jackson
29095011407,1857,29095_KC_Jackson
29095011408,327,29095_KC_Jackson
29095011409,973,29095_KC_Jackson
29095011410,419,29095_KC_Jackson
29095011501,571,29095_KC_Jackson
29095011502,300,29095_KC_Jackson
29095011601,1412,29095_KC_Jackson
29095011602,543,29095_KC_Jackson
29095011701,1143,29095_KC_Jackson
29095011702,590,29095_KC_Jackson
29095011800,335,29095_KC_Jackson
29095011900,443,29095_KC_Jackson
29095012000,707,29095_KC_Jackson
29095012100,519,29095_KC_Jackson
29095012200,1928,29095_KC_Jackson
29095012300,1047,29095_KC_Jackson
29095012400,2533,29095_KC_Jackson
29095012501,1335,29095_KC_Jackson
29095012502,732,29095_KC_Jackson
29095012600,3059,29095_KC_Jackson
29095012702,1244,29095_KC_Jackson
29095012703,459,29095_KC_Jackson
29095012802,658,29095_KC_Jackson
29095012803,747,29095_KC_Jackson
29095012804,283,29095_KC_Jackson
29095012903,280,29095_KC_Jackson
29095012904,70,29095_KC_Jackson
29095012906,536,29095_KC_Jackson
29095013003,2943,29095_KC_Jackson
29095013100,2746,29095_KC_Jackson
29095013203,45,29095_KC_Jackson
29095013208,251,29095_KC_Jackson
29095013210,262,29095_KC_Jackson
29095013301,3884,29095_KC_Jackson
29095013307,44,29095_KC_Jackson
29095013309,1001,29095_KC_Jackson
29095013313,386,29095_KC_Jackson
29095013401,4226,29095_KC_Jackson
29095013405,9918,29095_KC_Jackson
29095013407,377,29095_KC_Jackson
29095013410,492,29095_KC_Jackson
29095013416,242,29095_KC_Jackson
29095013417,515,29095_KC_Jackson
29095013418,250,29095_KC_Jackson
29095013502,1088,29095_KC_Jackson
29095013504,1234,29095_KC_Jackson
29095013606,2053,29095_KC_Jackson
29095013612,1025,29095_KC_Jackson
29095013613,1422,29095_KC_Jackson
29095013614,117,29095_KC_Jackson
29095013615,27,29095_KC_Jackson
29095013705,1165,29095_KC_Jackson
29095013706,2676,29095_KC_Jackson
29095013707,1149,29095_KC_Jackson
29095013708,1002,29095_KC_Jackson
29095013801,1407,29095_KC_Jackson
29095013803,1380,29095_KC_Jackson
29095013804,3477,29095_KC_Jackson
29095013902,541,29095_KC_Jackson
29095013904,1523,29095_KC_Jackson
29095013916,550,29095_KC_Jackson
29095013917,372,29095_KC_Jackson
29095013918,653,29095_KC_Jackson
29095014002,288,29095_KC_Jackson
29095014004,996,29095_KC_Jackson
29095014005,799,29095_KC_Jackson
29095014006,503,29095_KC_Jackson
29095014008,1189,29095_KC_Jackson
29095014009,982,29095_KC_Jackson
29095014111,299,29095_KC_Jackson
29095014112,330,29095_KC_Jackson
29095014120,269,29095_KC_Jackson
29095014121,1377,29095_KC_Jackson
29095014122,324,29095_KC_Jackson
29095014123,903,29095_KC_Jackson
29095014124,1663,29095_KC_Jackson
29095014125,374,29095_KC_Jackson
29095014126,1486,29095_KC_Jackson
29095014127,2583,29095_KC_Jackson
29095014128,5038,29095_KC_Jackson
29095014203,1486,29095_KC_Jackson
29095014205,4240,29095_KC_Jackson
29095014206,575,29095_KC_Jackson
29095014300,2045,29095_KC_Jackson
29095014400,160,29095_KC_Jackson
29095014501,3631,29095_KC_Jackson
29095014503,3236,29095_KC_Jackson
29095014504,817,29095_KC_Jackson
29095014601,1466,29095_KC_Jackson
29095014603,238,29095_KC_Jackson
29095014604,2562,29095_KC_Jackson
29095014701,4378,29095_KC_Jackson
29095014702,1358,29095_KC_Jackson
29095014804,2005,29095_KC_Jackson
29095014806,1829,29095_KC_Jackson
29095014902,283,29095_KC_Jackson
29095014903,1116,29095_KC_Jackson
29095014904,939,29095_KC_Jackson
29095014905,1200,29095_KC_Jackson
29095015000,1371,29095_KC_Jackson
29095015100,1570,29095_KC_Jackson
29095015200,5561,29095_KC_Jackson
29095015300,3923,29095_KC_Jackson
29095015401,2013,29095_KC_Jackson
29095015402,647,29095_KC_Jackson
29095015500,16373,29095_KC_Jackson
29095015600,786,29095_KC_Jackson
29095015701,11281,29095_KC_Jackson
29095015702,12430,29095_KC_Jackson
29095015800,16580,29095_KC_Jackson
29095015900,7876,29095_KC_Jackson
29095016000,1501,29095_KC_Jackson
29095016100,3300,29095_KC_Jackson
29095016200,1294,29095_KC_Jackson
29095016300,3076,29095_KC_Jackson
29095016400,213,29095_KC_Jackson
29095016500,78,29095_KC_Jackson
29095016600,223,29095_KC_Jackson
29095016700,5385,29095_KC_Jackson
29095016801,4235,29095_KC_Jackson
29095016802,410,29095_KC_Jackson
29095016900,134,29095_KC_Jackson
29095017000,1501,29095_KC_Jackson
29095017100,2300,29095_KC_Jackson
29095017200,1285,29095_KC_Jackson
29095017300,3937,29095_KC_Jackson
29095017400,12687,29095_KC_Jackson
29095017500,1865,29095_KC_Jackson
29095017600,237,29095_KC_Jackson
29095017700,882,29095_KC_Jackson
29095017800,2374,29095_KC_Jackson
29095017900,12475,29095_KC_Jackson
29095018000,2754,29095_KC_Jackson
29095018101,782,29095_KC_Jackson
29095018102,223,29095_KC_Jackson
29095018200,151,29095_KC_Jackson
29095018500,1740,29095_KC_Jackson
29095018600,824,29095_KC_Jackson
29095019301,286,29095_KC_Jackson
29095019302,455,29095_KC_Jackson
29095980101,586,29095_KC_Jackson
29095980802,2801,29095_KC_Jackson
29095988300,41,29095_KC_Jackson
29095989100,102,29095_KC_Jackson
36005000100,7671,36005_NY_Bronx
36005000200,60,36005_NY_Bronx
36005000400,727,36005_NY_Bronx
36005001600,1389,36005_NY_Bronx
36005001901,1332,36005_NY_Bronx
36005001902,2010,36005_NY_Bronx
36005001903,2270,36005_NY_Bronx
36005002001,288,36005_NY_Bronx
36005002002,138,36005_NY_Bronx
36005002300,464,36005_NY_Bronx
36005002400,178,36005_NY_Bronx
36005002500,418,36005_NY_Bronx
36005002701,400,36005_NY_Bronx
36005002702,654,36005_NY_Bronx
36005002800,1041,36005_NY_Bronx
36005003100,821,36005_NY_Bronx
36005003300,409,36005_NY_Bronx
36005003500,422,36005_NY_Bronx
36005003700,18,36005_NY_Bronx
36005003800,39,36005_NY_Bronx
36005003900,1406,36005_NY_Bronx
36005004001,422,36005_NY_Bronx
36005004100,1185,36005_NY_Bronx
36005004200,1396,36005_NY_Bronx
36005004300,4742,36005_NY_Bronx
36005004400,901,36005_NY_Bronx
36005004600,665,36005_NY_Bronx
36005004800,324,36005_NY_Bronx
36005005001,92,36005_NY_Bronx
36005005002,165,36005_NY_Bronx
36005005100,3806,36005_NY_Bronx
36005005200,948,36005_NY_Bronx
36005005300,67,36005_NY_Bronx
36005005400,725,36005_NY_Bronx
36005005600,557,36005_NY_Bronx
36005005902,462,36005_NY_Bronx
36005006000,410,36005_NY_Bronx
36005006100,1806,36005_NY_Bronx
36005006200,164,36005_NY_Bronx
36005006301,4998,36005_NY_Bronx
36005006302,343,36005_NY_Bronx
36005006400,21,36005_NY_Bronx
36005006500,12912,36005_NY_Bronx
36005006700,712,36005_NY_Bronx
36005006800,266,36005_NY_Bronx
36005006900,667,36005_NY_Bronx
36005007000,177,36005_NY_Bronx
36005007100,2557,36005_NY_Bronx
36005007200,240,36005_NY_Bronx
36005007300,489,36005_NY_Bronx
36005007400,173,36005_NY_Bronx
36005007500,685,36005_NY_Bronx
36005007600,571,36005_NY_Bronx
36005007700,1017,36005_NY_Bronx
36005007800,395,36005_NY_Bronx
36005007900,620,36005_NY_Bronx
36005008300,1066,36005_NY_Bronx
36005008400,25,36005_NY_Bronx
36005008500,341,36005_NY_Bronx
36005008600,68,36005_NY_Bronx
36005008700,828,36005_NY_Bronx
36005008900,824,36005_NY_Bronx
36005009000,6708,36005_NY_Bronx
36005009200,2025,36005_NY_Bronx
36005009301,4466,36005_NY_Bronx
36005009302,6744,36005_NY_Bronx
36005009600,5879,36005_NY_Bronx
36005009800,535,36005_NY_Bronx
36005011000,152,36005_NY_Bronx
36005011502,1186,36005_NY_Bronx
36005011701,1051,36005_NY_Bronx
36005011702,6299,36005_NY_Bronx
36005011800,1186,36005_NY_Bronx
36005011900,749,36005_NY_Bronx
36005012101,437,36005_NY_Bronx
36005012102,87,36005_NY_Bronx
36005012300,635,36005_NY_Bronx
36005012500,219,36005_NY_Bronx
36005012701,1377,36005_NY_Bronx
36005012901,727,36005_NY_Bronx
36005013000,183,36005_NY_Bronx
36005013100,635,36005_NY_Bronx
36005013200,256,36005_NY_Bronx
36005013300,424,36005_NY_Bronx
36005013500,476,36005_NY_Bronx
36005013800,58,36005_NY_Bronx
36005014100,1232,36005_NY_Bronx
36005014300,248,36005_NY_Bronx
36005014400,361,36005_NY_Bronx
36005014500,1120,36005_NY_Bronx
36005014701,673,36005_NY_Bronx
36005014702,491,36005_NY_Bronx
36005014900,2043,36005_NY_Bronx
36005015100,455,36005_NY_Bronx
36005015200,973,36005_NY_Bronx
36005015300,535,36005_NY_Bronx
36005015500,730,36005_NY_Bronx
36005015700,690,36005_NY_Bronx
36005015800,514,36005_NY_Bronx
36005015900,1055,36005_NY_Bronx
36005016000,141,36005_NY_Bronx
36005016100,1107,36005_NY_Bronx
36005016200,406,36005_NY_Bronx
36005016400,537,36005_NY_Bronx
36005016500,934,36005_NY_Bronx
36005016600,1302,36005_NY_Bronx
36005016700,2071,36005_NY_Bronx
36005016900,516,36005_NY_Bronx
36005017300,770,36005_NY_Bronx
36005017500,389,36005_NY_Bronx
36005017701,664,36005_NY_Bronx
36005017702,251,36005_NY_Bronx
36005017901,265,36005_NY_Bronx
36005017902,147,36005_NY_Bronx
36005018101,111,36005_NY_Bronx
36005018102,831,36005_NY_Bronx
36005018301,519,36005_NY_Bronx
36005018302,1888,36005_NY_Bronx
36005018400,521,36005_NY_Bronx
36005018501,794,36005_NY_Bronx
36005018502,1591,36005_NY_Bronx
36005018900,502,36005_NY_Bronx
36005019300,287,36005_NY_Bronx
36005019400,309,36005_NY_Bronx
36005019500,1117,36005_NY_Bronx
36005019700,1092,36005_NY_Bronx
36005019900,551,36005_NY_Bronx
36005020000,3026,36005_NY_Bronx
36005020100,955,36005_NY_Bronx
36005020200,527,36005_NY_Bronx
36005020400,444,36005_NY_Bronx
36005020501,81,36005_NY_Bronx
36005020502,175,36005_NY_Bronx
36005020601,276,36005_NY_Bronx
36005020900,633,36005_NY_Bronx
36005021001,1072,36005_NY_Bronx
36005021002,218,36005_NY_Bronx
36005021100,700,36005_NY_Bronx
36005021200,289,36005_NY_Bronx
36005021301,154,36005_NY_Bronx
36005021302,270,36005_NY_Bronx
36005021501,288,36005_NY_Bronx
36005021502,471,36005_NY_Bronx
36005021601,357,36005_NY_Bronx
36005021602,467,36005_NY_Bronx
36005021700,502,36005_NY_Bronx
36005021800,331,36005_NY_Bronx
36005021900,1332,36005_NY_Bronx
36005022000,563,36005_NY_Bronx
36005022101,307,36005_NY_Bronx
36005022102,211,36005_NY_Bronx
36005022200,1978,36005_NY_Bronx
36005022300,395,36005_NY_Bronx
36005022401,236,36005_NY_Bronx
36005022403,313,36005_NY_Bronx
36005022404,439,36005_NY_Bronx
36005022500,395,36005_NY_Bronx
36005022701,284,36005_NY_Bronx
36005022702,140,36005_NY_Bronx
36005022703,191,36005_NY_Bronx
36005022800,1019,36005_NY_Bronx
36005022901,2104,36005_NY_Bronx
36005022902,78,36005_NY_Bronx
36005023000,157,36005_NY_Bronx
36005023100,1224,36005_NY_Bronx
36005023200,1304,36005_NY_Bronx
36005023301,568,36005_NY_Bronx
36005023302,44,36005_NY_Bronx
36005023501,968,36005_NY_Bronx
36005023502,739,36005_NY_Bronx
36005023600,385,36005_NY_Bronx
36005023702,1768,36005_NY_Bronx
36005023703,511,36005_NY_Bronx
36005023704,412,36005_NY_Bronx
36005023800,6060,36005_NY_Bronx
36005023900,1093,36005_NY_Bronx
36005024000,91,36005_NY_Bronx
36005024100,662,36005_NY_Bronx
36005024300,407,36005_NY_Bronx
36005024400,643,36005_NY_Bronx
36005024501,184,36005_NY_Bronx
36005024502,202,36005_NY_Bronx
36005024600,155,36005_NY_Bronx
36005024700,154,36005_NY_Bronx
36005024800,705,36005_NY_Bronx
36005024900,132,36005_NY_Bronx
36005025000,344,36005_NY_Bronx
36005025100,1597,36005_NY_Bronx
36005025200,347,36005_NY_Bronx
36005025300,376,36005_NY_Bronx
36005025400,323,36005_NY_Bronx
36005025500,541,36005_NY_Bronx
36005025600,280,36005_NY_Bronx
36005025700,151,36005_NY_Bronx
36005026100,2137,36005_NY_Bronx
36005026300,787,36005_NY_Bronx
36005026400,431,36005_NY_Bronx
36005026500,531,36005_NY_Bronx
36005026601,1265,36005_NY_Bronx
36005026602,969,36005_NY_Bronx
36005026701,249,36005_NY_Bronx
36005026702,72,36005_NY_Bronx
36005026900,1343,36005_NY_Bronx
36005027300,572,36005_NY_Bronx
36005027401,179,36005_NY_Bronx
36005027402,429,36005_NY_Bronx
36005027600,7,36005_NY_Bronx
36005027700,743,36005_NY_Bronx
36005027900,1086,36005_NY_Bronx
36005028100,706,36005_NY_Bronx
36005028300,1944,36005_NY_Bronx
36005028400,7104,36005_NY_Bronx
36005028500,842,36005_NY_Bronx
36005028600,3462,36005_NY_Bronx
36005028700,630,36005_NY_Bronx
36005028800,373,36005_NY_Bronx
36005028900,1338,36005_NY_Bronx
36005029301,280,36005_NY_Bronx
36005029302,460,36005_NY_Bronx
36005029500,801,36005_NY_Bronx
36005029600,8112,36005_NY_Bronx
36005029700,1026,36005_NY_Bronx
36005030000,654,36005_NY_Bronx
36005030100,433,36005_NY_Bronx
36005030201,275,36005_NY_Bronx
36005030202,239,36005_NY_Bronx
36005030701,495,36005_NY_Bronx
36005030900,1540,36005_NY_Bronx
36005031000,1837,36005_NY_Bronx
36005031200,385,36005_NY_Bronx
36005031400,715,36005_NY_Bronx
36005031600,50,36005_NY_Bronx
36005031800,187,36005_NY_Bronx
36005031900,927,36005_NY_Bronx
36005032300,1137,36005_NY_Bronx
36005032400,1142,36005_NY_Bronx
36005032600,916,36005_NY_Bronx
36005032800,410,36005_NY_Bronx
36005033000,711,36005_NY_Bronx
36005033201,997,36005_NY_Bronx
36005033202,460,36005_NY_Bronx
36005033400,438,36005_NY_Bronx
36005033500,1133,36005_NY_Bronx
36005033601,142,36005_NY_Bronx
36005033602,21,36005_NY_Bronx
36005033700,863,36005_NY_Bronx
36005033801,134,36005_NY_Bronx
36005033802,141,36005_NY_Bronx
36005034000,401,36005_NY_Bronx
36005034200,424,36005_NY_Bronx
36005034300,1387,36005_NY_Bronx
36005034400,107,36005_NY_Bronx
36005034500,500,36005_NY_Bronx
36005034800,478,36005_NY_Bronx
36005035000,171,36005_NY_Bronx
36005035100,2316,36005_NY_Bronx
36005035600,77,36005_NY_Bronx
36005035800,316,36005_NY_Bronx
36005035900,442,36005_NY_Bronx
36005036000,348,36005_NY_Bronx
36005036100,313,36005_NY_Bronx
36005036300,492,36005_NY_Bronx
36005036400,192,36005_NY_Bronx
36005036501,240,36005_NY_Bronx
36005036502,126,36005_NY_Bronx
36005036700,437,36005_NY_Bronx
36005036800,364,36005_NY_Bronx
36005036901,1131,36005_NY_Bronx
36005036902,293,36005_NY_Bronx
36005037000,93,36005_NY_Bronx
36005037100,543,36005_NY_Bronx
36005037200,666,36005_NY_Bronx
36005037300,404,36005_NY_Bronx
36005037400,452,36005_NY_Bronx
36005037504,3556,36005_NY_Bronx
36005037600,149,36005_NY_Bronx
36005037800,171,36005_NY_Bronx
36005037900,525,36005_NY_Bronx
36005038000,450,36005_NY_Bronx
36005038100,543,36005_NY_Bronx
36005038200,57,36005_NY_Bronx
36005038301,388,36005_NY_Bronx
36005038303,441,36005_NY_Bronx
36005038304,2630,36005_NY_Bronx
36005038500,370,36005_NY_Bronx
36005038600,603,36005_NY_Bronx
36005038700,1568,36005_NY_Bronx
36005038800,23,36005_NY_Bronx
36005038900,2326,36005_NY_Bronx
36005039000,279,36005_NY_Bronx
36005039100,1025,36005_NY_Bronx
36005039200,81,36005_NY_Bronx
36005039300,1646,36005_NY_Bronx
36005039400,415,36005_NY_Bronx
36005039500,2543,36005_NY_Bronx
36005039600,158,36005_NY_Bronx
36005039700,3933,36005_NY_Bronx
36005039800,136,36005_NY_Bronx
36005039901,2413,36005_NY_Bronx
36005039902,913,36005_NY_Bronx
36005040100,1803,36005_NY_Bronx
36005040302,50,36005_NY_Bronx
36005040303,351,36005_NY_Bronx
36005040304,268,36005_NY_Bronx
36005040400,227,36005_NY_Bronx
36005040501,312,36005_NY_Bronx
36005040502,213,36005_NY_Bronx
36005040600,306,36005_NY_Bronx
36005040701,124,36005_NY_Bronx
36005040702,387,36005_NY_Bronx
36005040800,132,36005_NY_Bronx
36005040900,4416,36005_NY_Bronx
36005041100,571,36005_NY_Bronx
36005041300,283,36005_NY_Bronx
36005041400,778,36005_NY_Bronx
36005041500,294,36005_NY_Bronx
36005041800,780,36005_NY_Bronx
36005041900,749,36005_NY_Bronx
36005042000,2845,36005_NY_Bronx
36005042100,16163,36005_NY_Bronx
36005042200,309,36005_NY_Bronx
36005042300,392,36005_NY_Bronx
36005042400,244,36005_NY_Bronx
36005042500,1397,36005_NY_Bronx
36005042600,490,36005_NY_Bronx
36005042800,143,36005_NY_Bronx
36005042901,136,36005_NY_Bronx
36005042902,196,36005_NY_Bronx
36005043000,91,36005_NY_Bronx
36005043101,438,36005_NY_Bronx
36005043102,1410,36005_NY_Bronx
36005043400,591,36005_NY_Bronx
36005043501,896,36005_NY_Bronx
36005043502,75,36005_NY_Bronx
36005043503,122,36005_NY_Bronx
36005043600,218,36005_NY_Bronx
36005044200,1535,36005_NY_Bronx
36005044400,211,36005_NY_Bronx
36005044800,6,36005_NY_Bronx
36005044901,110,36005_NY_Bronx
36005044902,411,36005_NY_Bronx
36005045101,392,36005_NY_Bronx
36005045102,432,36005_NY_Bronx
36005045600,771,36005_NY_Bronx
36005045800,110,36005_NY_Bronx
36005046000,515,36005_NY_Bronx
36005046203,1491,36005_NY_Bronx
36005046204,58,36005_NY_Bronx
36005046205,4942,36005_NY_Bronx
36005046206,609,36005_NY_Bronx
36005046207,620,36005_NY_Bronx
36005046208,1266,36005_NY_Bronx
36005046209,1189,36005_NY_Bronx
36005048401,647,36005_NY_Bronx
36005048402,497,36005_NY_Bronx
36005050400,198,36005_NY_Bronx
36005051601,980,36005_NY_Bronx
29037060001,782,29037_KC_Cass
29037060003,1218,29037_KC_Cass
29037060004,4262,29037_KC_Cass
29037060100,263,29037_KC_Cass
29037060202,694,29037_KC_Cass
29037060305,109,29037_KC_Cass
29037060306,2463,29037_KC_Cass
29037060307,1125,29037_KC_Cass
29037060308,699,29037_KC_Cass
29037060309,1004,29037_KC_Cass
29037060401,103,29037_KC_Cass
29037060402,740,29037_KC_Cass
29037060500,300,29037_KC_Cass
29037060601,834,29037_KC_Cass
29037060602,1587,29037_KC_Cass
29037060700,421,29037_KC_Cass
29037060800,3943,29037_KC_Cass
29037060904,2190,29037_KC_Cass
29037061001,578,29037_KC_Cass
29037061002,2027,29037_KC_Cass
29037061100,565,29037_KC_Cass
29037061200,678,29037_KC_Cass
29037061300,2403,29037_KC_Cass
29037061400,1737,29037_KC_Cass
48121020109,1557,48121_Dallas_Denton
48121020110,1057,48121_Dallas_Denton
48121020111,313,48121_Dallas_Denton
48121020112,995,48121_Dallas_Denton
48121020115,734,48121_Dallas_Denton
48121020116,1389,48121_Dallas_Denton
48121020117,816,48121_Dallas_Denton
48121020118,1011,48121_Dallas_Denton
48121020119,68,48121_Dallas_Denton
48121020120,257,48121_Dallas_Denton
48121020121,866,48121_Dallas_Denton
48121020122,250,48121_Dallas_Denton
48121020123,320,48121_Dallas_Denton
48121020124,71,48121_Dallas_Denton
48121020125,350,48121_Dallas_Denton
48121020126,161,48121_Dallas_Denton
48121020127,2153,48121_Dallas_Denton
48121020128,1002,48121_Dallas_Denton
48121020129,1264,48121_Dallas_Denton
48121020130,1243,48121_Dallas_Denton
48121020131,690,48121_Dallas_Denton
48121020132,421,48121_Dallas_Denton
48121020133,412,48121_Dallas_Denton
48121020134,271,48121_Dallas_Denton
48121020135,116,48121_Dallas_Denton
48121020136,87,48121_Dallas_Denton
48121020137,201,48121_Dallas_Denton
48121020203,1554,48121_Dallas_Denton
48121020204,2731,48121_Dallas_Denton
48121020205,240,48121_Dallas_Denton
48121020206,1166,48121_Dallas_Denton
48121020207,615,48121_Dallas_Denton
48121020208,403,48121_Dallas_Denton
48121020305,1045,48121_Dallas_Denton
48121020310,626,48121_Dallas_Denton
48121020311,6141,48121_Dallas_Denton
48121020312,7510,48121_Dallas_Denton
48121020313,1293,48121_Dallas_Denton
48121020314,1381,48121_Dallas_Denton
48121020315,1887,48121_Dallas_Denton
48121020316,1591,48121_Dallas_Denton
48121020317,486,48121_Dallas_Denton
48121020318,1204,48121_Dallas_Denton
48121020319,3204,48121_Dallas_Denton
48121020320,13272,48121_Dallas_Denton
48121020321,563,48121_Dallas_Denton
48121020322,2346,48121_Dallas_Denton
48121020402,4316,48121_Dallas_Denton
48121020403,2500,48121_Dallas_Denton
48121020404,269,48121_Dallas_Denton
48121020405,3800,48121_Dallas_Denton
48121020504,58,48121_Dallas_Denton
48121020505,313,48121_Dallas_Denton
48121020506,1304,48121_Dallas_Denton
48121020507,49,48121_Dallas_Denton
48121020508,64,48121_Dallas_Denton
48121020601,9471,48121_Dallas_Denton
48121020603,289,48121_Dallas_Denton
48121020604,124,48121_Dallas_Denton
48121020605,880,48121_Dallas_Denton
48121020700,3002,48121_Dallas_Denton
48121020800,5089,48121_Dallas_Denton
48121020900,77,48121_Dallas_Denton
48121021000,9306,48121_Dallas_Denton
48121021100,2590,48121_Dallas_Denton
48121021202,2888,48121_Dallas_Denton
48121021203,2105,48121_Dallas_Denton
48121021204,7009,48121_Dallas_Denton
48121021301,2292,48121_Dallas_Denton
48121021304,1475,48121_Dallas_Denton
48121021305,3836,48121_Dallas_Denton
48121021306,1981,48121_Dallas_Denton
48121021307,491,48121_Dallas_Denton
48121021410,933,48121_Dallas_Denton
48121021411,1413,48121_Dallas_Denton
48121021412,1462,48121_Dallas_Denton
48121021413,902,48121_Dallas_Denton
48121021414,1794,48121_Dallas_Denton
48121021415,1904,48121_Dallas_Denton
48121021416,528,48121_Dallas_Denton
48121021417,380,48121_Dallas_Denton
48121021418,936,48121_Dallas_Denton
48121021419,383,48121_Dallas_Denton
48121021420,106,48121_Dallas_Denton
48121021421,975,48121_Dallas_Denton
48121021422,1067,48121_Dallas_Denton
48121021423,123,48121_Dallas_Denton
48121021502,4105,48121_Dallas_Denton
48121021505,1694,48121_Dallas_Denton
48121021512,475,48121_Dallas_Denton
48121021513,389,48121_Dallas_Denton
48121021514,371,48121_Dallas_Denton
48121021516,277,48121_Dallas_Denton
48121021517,1881,48121_Dallas_Denton
48121021518,1150,48121_Dallas_Denton
48121021520,362,48121_Dallas_Denton
48121021521,1044,48121_Dallas_Denton
48121021522,386,48121_Dallas_Denton
48121021526,3435,48121_Dallas_Denton
48121021528,478,48121_Dallas_Denton
48121021529,372,48121_Dallas_Denton
48121021530,2044,48121_Dallas_Denton
48121021531,796,48121_Dallas_Denton
48121021532,1344,48121_Dallas_Denton
48121021533,440,48121_Dallas_Denton
48121021534,416,48121_Dallas_Denton
48121021535,79,48121_Dallas_Denton
48121021536,703,48121_Dallas_Denton
48121021537,462,48121_Dallas_Denton
48121021538,1434,48121_Dallas_Denton
48121021539,902,48121_Dallas_Denton
48121021540,937,48121_Dallas_Denton
48121021611,794,48121_Dallas_Denton
48121021612,185,48121_Dallas_Denton
48121021613,1131,48121_Dallas_Denton
48121021614,751,48121_Dallas_Denton
48121021615,210,48121_Dallas_Denton
48121021616,89,48121_Dallas_Denton
48121021618,8143,48121_Dallas_Denton
48121021619,11907,48121_Dallas_Denton
48121021620,1163,48121_Dallas_Denton
48121021621,4032,48121_Dallas_Denton
48121021622,920,48121_Dallas_Denton
48121021626,508,48121_Dallas_Denton
48121021630,640,48121_Dallas_Denton
48121021631,1052,48121_Dallas_Denton
48121021632,6063,48121_Dallas_Denton
48121021633,597,48121_Dallas_Denton
48121021634,87,48121_Dallas_Denton
48121021635,331,48121_Dallas_Denton
48121021637,1131,48121_Dallas_Denton
48121021638,88,48121_Dallas_Denton
48121021639,243,48121_Dallas_Denton
48121021640,946,48121_Dallas_Denton
48121021641,275,48121_Dallas_Denton
48121021642,761,48121_Dallas_Denton
48121021643,1877,48121_Dallas_Denton
48121021644,184,48121_Dallas_Denton
48121021645,1607,48121_Dallas_Denton
48121021646,591,48121_Dallas_Denton
48121021647,232,48121_Dallas_Denton
48121021648,553,48121_Dallas_Denton
48121021649,456,48121_Dallas_Denton
48121021650,523,48121_Dallas_Denton
48121021651,2177,48121_Dallas_Denton
48121021652,379,48121_Dallas_Denton
48121021653,2997,48121_Dallas_Denton
48121021654,779,48121_Dallas_Denton
48121021655,3969,48121_Dallas_Denton
48121021715,451,48121_Dallas_Denton
48121021716,3456,48121_Dallas_Denton
48121021717,464,48121_Dallas_Denton
48121021719,4210,48121_Dallas_Denton
48121021720,584,48121_Dallas_Denton
48121021721,40,48121_Dallas_Denton
48121021722,9622,48121_Dallas_Denton
48121021723,59,48121_Dallas_Denton
48121021724,1187,48121_Dallas_Denton
48121021725,1616,48121_Dallas_Denton
48121021726,380,48121_Dallas_Denton
48121021727,7181,48121_Dallas_Denton
48121021728,4738,48121_Dallas_Denton
48121021729,371,48121_Dallas_Denton
48121021730,342,48121_Dallas_Denton
48121021731,496,48121_Dallas_Denton
48121021732,143,48121_Dallas_Denton
48121021733,361,48121_Dallas_Denton
48121021734,171,48121_Dallas_Denton
48121021735,1739,48121_Dallas_Denton
48121021736,889,48121_Dallas_Denton
48121021737,3493,48121_Dallas_Denton
48121021738,7942,48121_Dallas_Denton
48121021739,855,48121_Dallas_Denton
48121021740,831,48121_Dallas_Denton
48121021741,216,48121_Dallas_Denton
48121021742,857,48121_Dallas_Denton
48121021743,995,48121_Dallas_Denton
48121021744,1177,48121_Dallas_Denton
48121021745,656,48121_Dallas_Denton
48121021746,1821,48121_Dallas_Denton
48121021748,1376,48121_Dallas_Denton
48121021749,446,48121_Dallas_Denton
48121021750,2668,48121_Dallas_Denton
48121021751,546,48121_Dallas_Denton
48121021752,211,48121_Dallas_Denton
48121021754,684,48121_Dallas_Denton
48121021755,633,48121_Dallas_Denton
48121021756,1041,48121_Dallas_Denton
48121021757,377,48121_Dallas_Denton
48121021758,1773,48121_Dallas_Denton
48121021759,2587,48121_Dallas_Denton
48121021800,1908,48121_Dallas_Denton
48121021900,938,48121_Dallas_Denton
22071000100,305,22071_NewOrleans_Orleans
22071000200,86,22071_NewOrleans_Orleans
22071000300,87,22071_NewOrleans_Orleans
22071000400,381,22071_NewOrleans_Orleans
22071000601,19,22071_NewOrleans_Orleans
22071000602,111,22071_NewOrleans_Orleans
22071000603,692,22071_NewOrleans_Orleans
22071000604,424,22071_NewOrleans_Orleans
22071000605,610,22071_NewOrleans_Orleans
22071000606,1016,22071_NewOrleans_Orleans
22071000607,109,22071_NewOrleans_Orleans
22071000611,39,22071_NewOrleans_Orleans
22071000612,319,22071_NewOrleans_Orleans
22071000615,629,22071_NewOrleans_Orleans
22071000616,346,22071_NewOrleans_Orleans
22071000617,140,22071_NewOrleans_Orleans
22071000618,708,22071_NewOrleans_Orleans
22071000619,643,22071_NewOrleans_Orleans
22071000620,1338,22071_NewOrleans_Orleans
22071000701,3,22071_NewOrleans_Orleans
22071000702,264,22071_NewOrleans_Orleans
22071000800,39,22071_NewOrleans_Orleans
22071000901,5,22071_NewOrleans_Orleans
22071000902,7,22071_NewOrleans_Orleans
22071000903,228,22071_NewOrleans_Orleans
22071000904,29,22071_NewOrleans_Orleans
22071001100,608,22071_NewOrleans_Orleans
22071001200,595,22071_NewOrleans_Orleans
22071001301,195,22071_NewOrleans_Orleans
22071001302,55,22071_NewOrleans_Orleans
22071001401,42,22071_NewOrleans_Orleans
22071001402,6,22071_NewOrleans_Orleans
22071001500,424,22071_NewOrleans_Orleans
22071001600,7,22071_NewOrleans_Orleans
22071001701,422,22071_NewOrleans_Orleans
22071001702,423,22071_NewOrleans_Orleans
22071001720,2145,22071_NewOrleans_Orleans
22071001723,217,22071_NewOrleans_Orleans
22071001724,251,22071_NewOrleans_Orleans
22071001736,919,22071_NewOrleans_Orleans
22071001737,81,22071_NewOrleans_Orleans
22071001739,137,22071_NewOrleans_Orleans
22071001740,164,22071_NewOrleans_Orleans
22071001741,84,22071_NewOrleans_Orleans
22071001743,245,22071_NewOrleans_Orleans
22071001744,117,22071_NewOrleans_Orleans
22071001745,57,22071_NewOrleans_Orleans
22071001746,275,22071_NewOrleans_Orleans
22071001747,1601,22071_NewOrleans_Orleans
22071001748,113,22071_NewOrleans_Orleans
22071001749,259,22071_NewOrleans_Orleans
22071001750,156,22071_NewOrleans_Orleans
22071001751,7074,22071_NewOrleans_Orleans
22071001752,60,22071_NewOrleans_Orleans
22071001753,65,22071_NewOrleans_Orleans
22071001754,43,22071_NewOrleans_Orleans
22071001755,163,22071_NewOrleans_Orleans
22071001756,132,22071_NewOrleans_Orleans
22071001757,8,22071_NewOrleans_Orleans
22071001758,1050,22071_NewOrleans_Orleans
22071001800,614,22071_NewOrleans_Orleans
22071001900,231,22071_NewOrleans_Orleans
22071002000,257,22071_NewOrleans_Orleans
22071002100,32,22071_NewOrleans_Orleans
22071002200,109,22071_NewOrleans_Orleans
22071002300,1187,22071_NewOrleans_Orleans
22071002401,210,22071_NewOrleans_Orleans
22071002402,31,22071_NewOrleans_Orleans
22071002501,227,22071_NewOrleans_Orleans
22071002502,57,22071_NewOrleans_Orleans
22071002503,136,22071_NewOrleans_Orleans
22071002504,135,22071_NewOrleans_Orleans
22071002600,875,22071_NewOrleans_Orleans
22071002700,132,22071_NewOrleans_Orleans
22071002800,62,22071_NewOrleans_Orleans
22071002900,74,22071_NewOrleans_Orleans
22071003000,17,22071_NewOrleans_Orleans
22071003100,94,22071_NewOrleans_Orleans
22071003301,234,22071_NewOrleans_Orleans
22071003302,196,22071_NewOrleans_Orleans
22071003303,164,22071_NewOrleans_Orleans
22071003304,99,22071_NewOrleans_Orleans
22071003307,21,22071_NewOrleans_Orleans
22071003308,1351,22071_NewOrleans_Orleans
22071003400,136,22071_NewOrleans_Orleans
22071003500,64,22071_NewOrleans_Orleans
22071003600,422,22071_NewOrleans_Orleans
22071003701,422,22071_NewOrleans_Orleans
22071003702,1054,22071_NewOrleans_Orleans
22071003800,991,22071_NewOrleans_Orleans
22071003900,369,22071_NewOrleans_Orleans
22071004000,311,22071_NewOrleans_Orleans
22071004100,282,22071_NewOrleans_Orleans
22071004401,189,22071_NewOrleans_Orleans
22071004402,19,22071_NewOrleans_Orleans
22071004500,444,22071_NewOrleans_Orleans
22071004600,490,22071_NewOrleans_Orleans
22071004800,59,22071_NewOrleans_Orleans
22071004900,4999,22071_NewOrleans_Orleans
22071005000,3523,22071_NewOrleans_Orleans
22071005400,2301,22071_NewOrleans_Orleans
22071005500,1163,22071_NewOrleans_Orleans
22071005601,403,22071_NewOrleans_Orleans
22071005602,545,22071_NewOrleans_Orleans
22071005603,278,22071_NewOrleans_Orleans
22071005604,693,22071_NewOrleans_Orleans
22071006000,3715,22071_NewOrleans_Orleans
22071006300,1013,22071_NewOrleans_Orleans
22071006400,914,22071_NewOrleans_Orleans
22071006500,942,22071_NewOrleans_Orleans
22071006900,188,22071_NewOrleans_Orleans
22071007000,2226,22071_NewOrleans_Orleans
22071007101,2035,22071_NewOrleans_Orleans
22071007200,1527,22071_NewOrleans_Orleans
22071007501,126,22071_NewOrleans_Orleans
22071007502,84,22071_NewOrleans_Orleans
22071007604,521,22071_NewOrleans_Orleans
22071007605,479,22071_NewOrleans_Orleans
22071007607,428,22071_NewOrleans_Orleans
22071007608,383,22071_NewOrleans_Orleans
22071007700,3830,22071_NewOrleans_Orleans
22071007800,496,22071_NewOrleans_Orleans
22071008200,1201,22071_NewOrleans_Orleans
22071008300,406,22071_NewOrleans_Orleans
22071008400,541,22071_NewOrleans_Orleans
22071008500,96,22071_NewOrleans_Orleans
22071008600,131,22071_NewOrleans_Orleans
22071008800,185,22071_NewOrleans_Orleans
22071009000,1170,22071_NewOrleans_Orleans
22071009100,181,22071_NewOrleans_Orleans
22071009200,22,22071_NewOrleans_Orleans
22071009400,455,22071_NewOrleans_Orleans
22071009600,1044,22071_NewOrleans_Orleans
22071009700,539,22071_NewOrleans_Orleans
22071009900,4183,22071_NewOrleans_Orleans
22071010000,182,22071_NewOrleans_Orleans
22071010100,473,22071_NewOrleans_Orleans
22071010200,446,22071_NewOrleans_Orleans
22071010300,180,22071_NewOrleans_Orleans
22071010600,348,22071_NewOrleans_Orleans
22071010700,563,22071_NewOrleans_Orleans
22071010800,409,22071_NewOrleans_Orleans
22071010900,708,22071_NewOrleans_Orleans
22071011100,3023,22071_NewOrleans_Orleans
22071011200,132,22071_NewOrleans_Orleans
22071011400,781,22071_NewOrleans_Orleans
22071011500,417,22071_NewOrleans_Orleans
22071011600,667,22071_NewOrleans_Orleans
22071011700,409,22071_NewOrleans_Orleans
22071011900,69,22071_NewOrleans_Orleans
22071012000,897,22071_NewOrleans_Orleans
22071012101,202,22071_NewOrleans_Orleans
22071012102,7355,22071_NewOrleans_Orleans
22071012200,652,22071_NewOrleans_Orleans
22071012300,145,22071_NewOrleans_Orleans
22071012400,59,22071_NewOrleans_Orleans
22071012500,478,22071_NewOrleans_Orleans
22071012600,556,22071_NewOrleans_Orleans
22071012700,489,22071_NewOrleans_Orleans
22071012800,756,22071_NewOrleans_Orleans
22071012900,974,22071_NewOrleans_Orleans
22071013000,116,22071_NewOrleans_Orleans
22071013100,18,22071_NewOrleans_Orleans
22071013200,379,22071_NewOrleans_Orleans
22071013301,914,22071_NewOrleans_Orleans
22071013302,2873,22071_NewOrleans_Orleans
22071013400,52747,22071_NewOrleans_Orleans
22071013501,2103,22071_NewOrleans_Orleans
22071013502,8189,22071_NewOrleans_Orleans
22071013600,477,22071_NewOrleans_Orleans
22071013701,698,22071_NewOrleans_Orleans
22071013702,840,22071_NewOrleans_Orleans
22071013800,296,22071_NewOrleans_Orleans
22071013900,2336,22071_NewOrleans_Orleans
22071014000,1187,22071_NewOrleans_Orleans
22071014101,45,22071_NewOrleans_Orleans
22071014102,807,22071_NewOrleans_Orleans
22071014200,588,22071_NewOrleans_Orleans
22071014300,486,22071_NewOrleans_Orleans
22071014400,4638,22071_NewOrleans_Orleans
22071014500,2476,22071_NewOrleans_Orleans
22071980000,382,22071_NewOrleans_Orleans
22071980100,124,22071_NewOrleans_Orleans
36085000300,3551,36085_NY_Richmond
36085000600,1149,36085_NY_Richmond
36085000700,1120,36085_NY_Richmond
36085000800,628,36085_NY_Richmond
36085000900,264,36085_NY_Richmond
36085001100,507,36085_NY_Richmond
36085001700,101,36085_NY_Richmond
36085001800,80,36085_NY_Richmond
36085002001,50,36085_NY_Richmond
36085002002,410,36085_NY_Richmond
36085002100,2006,36085_NY_Richmond
36085002700,1323,36085_NY_Richmond
36085002900,887,36085_NY_Richmond
36085003300,140,36085_NY_Richmond
36085003600,120,36085_NY_Richmond
36085003900,169,36085_NY_Richmond
36085004001,99,36085_NY_Richmond
36085004002,78,36085_NY_Richmond
36085004003,332,36085_NY_Richmond
36085004004,277,36085_NY_Richmond
36085004700,1252,36085_NY_Richmond
36085005000,1074,36085_NY_Richmond
36085005901,269,36085_NY_Richmond
36085005902,440,36085_NY_Richmond
36085006400,858,36085_NY_Richmond
36085006700,3407,36085_NY_Richmond
36085007001,782,36085_NY_Richmond
36085007002,6747,36085_NY_Richmond
36085007400,402,36085_NY_Richmond
36085007500,726,36085_NY_Richmond
36085007700,93,36085_NY_Richmond
36085008100,646,36085_NY_Richmond
36085009601,1709,36085_NY_Richmond
36085009602,519,36085_NY_Richmond
36085009701,852,36085_NY_Richmond
36085009702,369,36085_NY_Richmond
36085010500,920,36085_NY_Richmond
36085011201,921,36085_NY_Richmond
36085011203,1981,36085_NY_Richmond
36085011204,564,36085_NY_Richmond
36085011401,507,36085_NY_Richmond
36085011402,485,36085_NY_Richmond
36085012100,723,36085_NY_Richmond
36085012200,1553,36085_NY_Richmond
36085012500,495,36085_NY_Richmond
36085012804,1196,36085_NY_Richmond
36085012805,186,36085_NY_Richmond
36085012806,544,36085_NY_Richmond
36085013201,195,36085_NY_Richmond
36085013203,679,36085_NY_Richmond
36085013204,466,36085_NY_Richmond
36085013301,43,36085_NY_Richmond
36085013302,2104,36085_NY_Richmond
36085013400,1566,36085_NY_Richmond
36085013800,462,36085_NY_Richmond
36085014100,424,36085_NY_Richmond
36085014604,819,36085_NY_Richmond
36085014605,558,36085_NY_Richmond
36085014606,1754,36085_NY_Richmond
36085014607,746,36085_NY_Richmond
36085014608,166,36085_NY_Richmond
36085014700,748,36085_NY_Richmond
36085015100,880,36085_NY_Richmond
36085015601,1150,36085_NY_Richmond
36085015602,423,36085_NY_Richmond
36085015603,1043,36085_NY_Richmond
36085016901,706,36085_NY_Richmond
36085017005,944,36085_NY_Richmond
36085017007,125,36085_NY_Richmond
36085017009,321,36085_NY_Richmond
36085017011,222,36085_NY_Richmond
36085017012,306,36085_NY_Richmond
36085017013,360,36085_NY_Richmond
36085017014,266,36085_NY_Richmond
36085017015,166,36085_NY_Richmond
36085017016,78,36085_NY_Richmond
36085017300,146,36085_NY_Richmond
36085017600,507,36085_NY_Richmond
36085017701,369,36085_NY_Richmond
36085017702,204,36085_NY_Richmond
36085018100,1892,36085_NY_Richmond
36085018701,243,36085_NY_Richmond
36085018703,257,36085_NY_Richmond
36085018704,751,36085_NY_Richmond
36085018901,675,36085_NY_Richmond
36085018902,359,36085_NY_Richmond
36085019700,58,36085_NY_Richmond
36085019800,1810,36085_NY_Richmond
36085020100,825,36085_NY_Richmond
36085020701,246,36085_NY_Richmond
36085020702,1693,36085_NY_Richmond
36085020803,464,36085_NY_Richmond
36085020804,432,36085_NY_Richmond
36085020805,567,36085_NY_Richmond
36085020806,518,36085_NY_Richmond
36085021300,1029,36085_NY_Richmond
36085022300,566,36085_NY_Richmond
36085022601,639,36085_NY_Richmond
36085022602,5507,36085_NY_Richmond
36085022801,270,36085_NY_Richmond
36085022802,412,36085_NY_Richmond
36085023100,514,36085_NY_Richmond
36085023900,1161,36085_NY_Richmond
36085024401,650,36085_NY_Richmond
36085024402,220,36085_NY_Richmond
36085024700,574,36085_NY_Richmond
36085024800,1162,36085_NY_Richmond
36085025100,622,36085_NY_Richmond
36085027301,3568,36085_NY_Richmond
36085027302,289,36085_NY_Richmond
36085027702,5453,36085_NY_Richmond
36085027704,143,36085_NY_Richmond
36085027705,265,36085_NY_Richmond
36085027706,703,36085_NY_Richmond
36085027900,835,36085_NY_Richmond
36085029102,22294,36085_NY_Richmond
36085029104,1527,36085_NY_Richmond
36085029105,2401,36085_NY_Richmond
36085029106,143,36085_NY_Richmond
36085030301,726,36085_NY_Richmond
36085030302,877,36085_NY_Richmond
36085031901,473,36085_NY_Richmond
36085031902,692,36085_NY_Richmond
36085032300,1580,36085_NY_Richmond
36061000100,93,36061_NY_New_York
36061000201,392,36061_NY_New_York
36061000202,1331,36061_NY_New_York
36061000500,198,36061_NY_New_York
36061000600,2148,36061_NY_New_York
36061000700,51313,36061_NY_New_York
36061000800,3513,36061_NY_New_York
36061000900,62289,36061_NY_New_York
36061001001,74,36061_NY_New_York
36061001002,346,36061_NY_New_York
36061001200,1655,36061_NY_New_York
36061001300,47989,36061_NY_New_York
36061001401,1167,36061_NY_New_York
36061001402,933,36061_NY_New_York
36061001501,14354,36061_NY_New_York
36061001502,28041,36061_NY_New_York
36061001600,6129,36061_NY_New_York
36061001800,5360,36061_NY_New_York
36061002000,481,36061_NY_New_York
36061002100,37826,36061_NY_New_York
36061002201,1624,36061_NY_New_York
36061002202,355,36061_NY_New_York
36061002400,65,36061_NY_New_York
36061002500,178,36061_NY_New_York
36061002601,624,36061_NY_New_York
36061002602,980,36061_NY_New_York
36061002700,1619,36061_NY_New_York
36061002800,898,36061_NY_New_York
36061002901,16440,36061_NY_New_York
36061002902,3858,36061_NY_New_York
36061003001,2728,36061_NY_New_York
36061003002,748,36061_NY_New_York
36061003100,23903,36061_NY_New_York
36061003200,2162,36061_NY_New_York
36061003300,23206,36061_NY_New_York
36061003400,2162,36061_NY_New_York
36061003601,2007,36061_NY_New_York
36061003602,1314,36061_NY_New_York
36061003700,31776,36061_NY_New_York
36061003800,3432,36061_NY_New_York
36061003900,20584,36061_NY_New_York
36061004001,2011,36061_NY_New_York
36061004002,1213,36061_NY_New_York
36061004100,11069,36061_NY_New_York
36061004200,5903,36061_NY_New_York
36061004300,15423,36061_NY_New_York
36061004400,1340,36061_NY_New_York
36061004500,8542,36061_NY_New_York
36061004700,12224,36061_NY_New_York
36061004800,6715,36061_NY_New_York
36061004900,10126,36061_NY_New_York
36061005000,18713,36061_NY_New_York
36061005200,23287,36061_NY_New_York
36061005400,27960,36061_NY_New_York
36061005501,2180,36061_NY_New_York
36061005502,6715,36061_NY_New_York
36061005600,27426,36061_NY_New_York
36061005700,12895,36061_NY_New_York
36061005800,28687,36061_NY_New_York
36061005900,1160,36061_NY_New_York
36061006000,331,36061_NY_New_York
36061006100,7352,36061_NY_New_York
36061006200,37890,36061_NY_New_York
36061006300,10025,36061_NY_New_York
36061006400,6515,36061_NY_New_York
36061006500,18070,36061_NY_New_York
36061006600,6212,36061_NY_New_York
36061006700,5166,36061_NY_New_York
36061006800,14190,36061_NY_New_York
36061006900,7240,36061_NY_New_York
36061007001,794,36061_NY_New_York
36061007002,1794,36061_NY_New_York
36061007100,6366,36061_NY_New_York
36061007200,12123,36061_NY_New_York
36061007300,3490,36061_NY_New_York
36061007400,26463,36061_NY_New_York
36061007500,2226,36061_NY_New_York
36061007600,42924,36061_NY_New_York
36061007700,4986,36061_NY_New_York
36061007800,1834,36061_NY_New_York
36061007900,7333,36061_NY_New_York
36061008000,36842,36061_NY_New_York
36061008100,5115,36061_NY_New_York
36061008200,47461,36061_NY_New_York
36061008300,22050,36061_NY_New_York
36061008400,30372,36061_NY_New_York
36061008601,743,36061_NY_New_York
36061008602,226,36061_NY_New_York
36061008603,1007,36061_NY_New_York
36061008700,8208,36061_NY_New_York
36061008800,24235,36061_NY_New_York
36061008900,1953,36061_NY_New_York
36061009000,15771,36061_NY_New_York
36061009100,15506,36061_NY_New_York
36061009200,48193,36061_NY_New_York
36061009300,1999,36061_NY_New_York
36061009400,45930,36061_NY_New_York
36061009500,29392,36061_NY_New_York
36061009600,59977,36061_NY_New_York
36061009700,612,36061_NY_New_York
36061009800,8081,36061_NY_New_York
36061009901,13729,36061_NY_New_York
36061009902,7550,36061_NY_New_York
36061009903,17389,36061_NY_New_York
36061010000,34110,36061_NY_New_York
36061010100,63616,36061_NY_New_York
36061010200,46605,36061_NY_New_York
36061010300,25379,36061_NY_New_York
36061010400,59165,36061_NY_New_York
36061010601,1412,36061_NY_New_York
36061010602,1904,36061_NY_New_York
36061010801,9433,36061_NY_New_York
36061010802,1508,36061_NY_New_York
36061010803,2038,36061_NY_New_York
36061010900,77398,36061_NY_New_York
36061011000,2800,36061_NY_New_York
36061011100,17369,36061_NY_New_York
36061011201,12451,36061_NY_New_York
36061011202,20292,36061_NY_New_York
36061011203,16685,36061_NY_New_York
36061011300,46437,36061_NY_New_York
36061011401,9357,36061_NY_New_York
36061011402,7675,36061_NY_New_York
36061011500,15610,36061_NY_New_York
36061011600,28769,36061_NY_New_York
36061011700,1055,36061_NY_New_York
36061011800,4617,36061_NY_New_York
36061011900,46345,36061_NY_New_York
36061012000,6362,36061_NY_New_York
36061012101,6801,36061_NY_New_York
36061012102,6642,36061_NY_New_York
36061012200,4168,36061_NY_New_York
36061012400,12718,36061_NY_New_York
36061012500,40271,36061_NY_New_York
36061012601,2272,36061_NY_New_York
36061012602,2062,36061_NY_New_York
36061012700,7676,36061_NY_New_York
36061012800,6658,36061_NY_New_York
36061012901,5596,36061_NY_New_York
36061012902,2712,36061_NY_New_York
36061013000,4465,36061_NY_New_York
36061013100,44270,36061_NY_New_York
36061013201,1256,36061_NY_New_York
36061013202,431,36061_NY_New_York
36061013203,473,36061_NY_New_York
36061013300,4526,36061_NY_New_York
36061013400,3532,36061_NY_New_York
36061013501,2377,36061_NY_New_York
36061013502,6052,36061_NY_New_York
36061013601,546,36061_NY_New_York
36061013602,2573,36061_NY_New_York
36061013603,835,36061_NY_New_York
36061013604,569,36061_NY_New_York
36061013700,36410,36061_NY_New_York
36061013800,3636,36061_NY_New_York
36061013900,7316,36061_NY_New_York
36061014000,3062,36061_NY_New_York
36061014200,5816,36061_NY_New_York
36061014300,815,36061_NY_New_York
36061014401,769,36061_NY_New_York
36061014402,1140,36061_NY_New_York
36061014500,7637,36061_NY_New_York
36061014601,3140,36061_NY_New_York
36061014602,1528,36061_NY_New_York
36061014700,2599,36061_NY_New_York
36061014801,1549,36061_NY_New_York
36061014802,3162,36061_NY_New_York
36061014900,8932,36061_NY_New_York
36061015001,1256,36061_NY_New_York
36061015002,2876,36061_NY_New_York
36061015101,1805,36061_NY_New_York
36061015102,1538,36061_NY_New_York
36061015200,3200,36061_NY_New_York
36061015301,7535,36061_NY_New_York
36061015302,2588,36061_NY_New_York
36061015401,718,36061_NY_New_York
36061015402,1077,36061_NY_New_York
36061015403,1401,36061_NY_New_York
36061015501,968,36061_NY_New_York
36061015502,514,36061_NY_New_York
36061015601,1884,36061_NY_New_York
36061015602,3062,36061_NY_New_York
36061015700,4414,36061_NY_New_York
36061015801,2021,36061_NY_New_York
36061015802,444,36061_NY_New_York
36061015900,2971,36061_NY_New_York
36061016001,2343,36061_NY_New_York
36061016002,502,36061_NY_New_York
36061016100,2965,36061_NY_New_York
36061016200,604,36061_NY_New_York
36061016300,3332,36061_NY_New_York
36061016400,1022,36061_NY_New_York
36061016500,1795,36061_NY_New_York
36061016600,1289,36061_NY_New_York
36061016700,2390,36061_NY_New_York
36061016800,24454,36061_NY_New_York
36061016900,3532,36061_NY_New_York
36061017000,1695,36061_NY_New_York
36061017100,3221,36061_NY_New_York
36061017200,1743,36061_NY_New_York
36061017300,2569,36061_NY_New_York
36061017401,969,36061_NY_New_York
36061017402,330,36061_NY_New_York
36061017500,2083,36061_NY_New_York
36061017700,2490,36061_NY_New_York
36061017800,1523,36061_NY_New_York
36061017900,2271,36061_NY_New_York
36061018000,701,36061_NY_New_York
36061018100,2033,36061_NY_New_York
36061018200,1140,36061_NY_New_York
36061018300,1796,36061_NY_New_York
36061018400,904,36061_NY_New_York
36061018500,1819,36061_NY_New_York
36061018600,406,36061_NY_New_York
36061018700,1408,36061_NY_New_York
36061018800,944,36061_NY_New_York
36061018900,6909,36061_NY_New_York
36061019000,1068,36061_NY_New_York
36061019100,1268,36061_NY_New_York
36061019200,1572,36061_NY_New_York
36061019300,939,36061_NY_New_York
36061019400,1988,36061_NY_New_York
36061019500,1772,36061_NY_New_York
36061019600,3066,36061_NY_New_York
36061019701,724,36061_NY_New_York
36061019702,206,36061_NY_New_York
36061019800,1172,36061_NY_New_York
36061019900,1687,36061_NY_New_York
36061020000,2960,36061_NY_New_York
36061020101,150,36061_NY_New_York
36061020102,515,36061_NY_New_York
36061020300,32686,36061_NY_New_York
36061020500,3803,36061_NY_New_York
36061020600,1697,36061_NY_New_York
36061020701,269,36061_NY_New_York
36061020800,437,36061_NY_New_York
36061020901,1443,36061_NY_New_York
36061021000,160,36061_NY_New_York
36061021100,1846,36061_NY_New_York
36061021200,3524,36061_NY_New_York
36061021303,1321,36061_NY_New_York
36061021400,182,36061_NY_New_York
36061021500,203,36061_NY_New_York
36061021600,884,36061_NY_New_York
36061021703,1103,36061_NY_New_York
36061021800,1837,36061_NY_New_York
36061021900,1723,36061_NY_New_York
36061022000,659,36061_NY_New_York
36061022102,674,36061_NY_New_York
36061022200,3639,36061_NY_New_York
36061022301,858,36061_NY_New_York
36061022302,665,36061_NY_New_York
36061022400,1527,36061_NY_New_York
36061022500,600,36061_NY_New_York
36061022600,995,36061_NY_New_York
36061022700,708,36061_NY_New_York
36061022800,958,36061_NY_New_York
36061022900,3356,36061_NY_New_York
36061023000,986,36061_NY_New_York
36061023100,406,36061_NY_New_York
36061023200,891,36061_NY_New_York
36061023300,618,36061_NY_New_York
36061023400,317,36061_NY_New_York
36061023501,548,36061_NY_New_York
36061023502,113,36061_NY_New_York
36061023600,713,36061_NY_New_York
36061023700,473,36061_NY_New_York
36061023802,808,36061_NY_New_York
36061023803,375,36061_NY_New_York
36061023804,453,36061_NY_New_York
36061023900,265,36061_NY_New_York
36061024000,3333,36061_NY_New_York
36061024100,595,36061_NY_New_York
36061024200,1376,36061_NY_New_York
36061024301,384,36061_NY_New_York
36061024302,377,36061_NY_New_York
36061024500,1759,36061_NY_New_York
36061024700,378,36061_NY_New_York
36061024900,373,36061_NY_New_York
36061025100,11947,36061_NY_New_York
36061025300,984,36061_NY_New_York
36061025500,2096,36061_NY_New_York
36061025700,1292,36061_NY_New_York
36061025900,381,36061_NY_New_York
36061026100,853,36061_NY_New_York
36061026300,5049,36061_NY_New_York
36061026500,702,36061_NY_New_York
36061026700,42,36061_NY_New_York
36061026900,3734,36061_NY_New_York
36061027100,2495,36061_NY_New_York
36061027300,855,36061_NY_New_York
36061027500,132,36061_NY_New_York
36061027700,1439,36061_NY_New_York
36061027900,799,36061_NY_New_York
36061028100,335,36061_NY_New_York
36061028300,1012,36061_NY_New_York
36061028500,1015,36061_NY_New_York
36061028700,411,36061_NY_New_York
36061029100,939,36061_NY_New_York
36061029300,969,36061_NY_New_York
36061029500,411,36061_NY_New_York
36061029700,19,36061_NY_New_York
36061029900,1736,36061_NY_New_York
36061030300,1161,36061_NY_New_York
36061030700,159,36061_NY_New_York
36061030900,1175,36061_NY_New_York
36061031100,29,36061_NY_New_York
36061031703,23330,36061_NY_New_York
36061031704,3176,36061_NY_New_York
36061031900,1302,36061_NY_New_York
06037101110,682,06037_LA_LosAngeles
06037101122,289,06037_LA_LosAngeles
06037101220,436,06037_LA_LosAngeles
06037101221,449,06037_LA_LosAngeles
06037101222,617,06037_LA_LosAngeles
06037101300,966,06037_LA_LosAngeles
06037101400,1053,06037_LA_LosAngeles
06037102103,249,06037_LA_LosAngeles
06037102104,1771,06037_LA_LosAngeles
06037102105,316,06037_LA_LosAngeles
06037102107,1310,06037_LA_LosAngeles
06037103101,267,06037_LA_LosAngeles
06037103102,1027,06037_LA_LosAngeles
06037103201,610,06037_LA_LosAngeles
06037103202,263,06037_LA_LosAngeles
06037103300,1080,06037_LA_LosAngeles
06037103401,206,06037_LA_LosAngeles
06037103402,527,06037_LA_LosAngeles
06037104103,671,06037_LA_LosAngeles
06037104105,802,06037_LA_LosAngeles
06037104108,620,06037_LA_LosAngeles
06037104124,248,06037_LA_LosAngeles
06037104201,584,06037_LA_LosAngeles
06037104203,693,06037_LA_LosAngeles
06037104204,760,06037_LA_LosAngeles
06037104310,2148,06037_LA_LosAngeles
06037104321,206,06037_LA_LosAngeles
06037104322,1071,06037_LA_LosAngeles
06037104401,307,06037_LA_LosAngeles
06037104403,431,06037_LA_LosAngeles
06037104404,383,06037_LA_LosAngeles
06037104500,297,06037_LA_LosAngeles
06037104610,350,06037_LA_LosAngeles
06037104620,161,06037_LA_LosAngeles
06037104701,489,06037_LA_LosAngeles
06037104703,2354,06037_LA_LosAngeles
06037104704,810,06037_LA_LosAngeles
06037104821,340,06037_LA_LosAngeles
06037104822,888,06037_LA_LosAngeles
06037104823,122,06037_LA_LosAngeles
06037104824,677,06037_LA_LosAngeles
06037106010,350,06037_LA_LosAngeles
06037106020,200,06037_LA_LosAngeles
06037106111,689,06037_LA_LosAngeles
06037106112,2999,06037_LA_LosAngeles
06037106113,981,06037_LA_LosAngeles
06037106114,897,06037_LA_LosAngeles
06037106403,398,06037_LA_LosAngeles
06037106405,533,06037_LA_LosAngeles
06037106406,312,06037_LA_LosAngeles
06037106407,677,06037_LA_LosAngeles
06037106408,112,06037_LA_LosAngeles
06037106510,2684,06037_LA_LosAngeles
06037106520,3083,06037_LA_LosAngeles
06037106603,363,06037_LA_LosAngeles
06037106604,4676,06037_LA_LosAngeles
06037106641,313,06037_LA_LosAngeles
06037106642,315,06037_LA_LosAngeles
06037106643,461,06037_LA_LosAngeles
06037106645,316,06037_LA_LosAngeles
06037106646,1268,06037_LA_LosAngeles
06037106648,375,06037_LA_LosAngeles
06037106649,236,06037_LA_LosAngeles
06037107010,597,06037_LA_LosAngeles
06037107020,298,06037_LA_LosAngeles
06037108101,169,06037_LA_LosAngeles
06037108102,790,06037_LA_LosAngeles
06037108103,235,06037_LA_LosAngeles
06037108104,172,06037_LA_LosAngeles
06037108202,1313,06037_LA_LosAngeles
06037108203,194,06037_LA_LosAngeles
06037108204,1418,06037_LA_LosAngeles
06037109100,6532,06037_LA_LosAngeles
06037109200,291,06037_LA_LosAngeles
06037109300,360,06037_LA_LosAngeles
06037109400,178,06037_LA_LosAngeles
06037109500,1068,06037_LA_LosAngeles
06037109601,333,06037_LA_LosAngeles
06037109603,674,06037_LA_LosAngeles
06037109604,1402,06037_LA_LosAngeles
06037109700,572,06037_LA_LosAngeles
06037109800,505,06037_LA_LosAngeles
06037111100,882,06037_LA_LosAngeles
06037111201,785,06037_LA_LosAngeles
06037111202,2357,06037_LA_LosAngeles
06037111204,570,06037_LA_LosAngeles
06037111205,796,06037_LA_LosAngeles
06037111206,1036,06037_LA_LosAngeles
06037111302,996,06037_LA_LosAngeles
06037111303,2076,06037_LA_LosAngeles
06037111304,1196,06037_LA_LosAngeles
06037111401,600,06037_LA_LosAngeles
06037111402,841,06037_LA_LosAngeles
06037113101,1255,06037_LA_LosAngeles
06037113102,437,06037_LA_LosAngeles
06037113211,424,06037_LA_LosAngeles
06037113212,1553,06037_LA_LosAngeles
06037113213,887,06037_LA_LosAngeles
06037113231,2400,06037_LA_LosAngeles
06037113232,827,06037_LA_LosAngeles
06037113234,1196,06037_LA_LosAngeles
06037113235,107,06037_LA_LosAngeles
06037113237,8878,06037_LA_LosAngeles
06037113238,742,06037_LA_LosAngeles
06037113239,1045,06037_LA_LosAngeles
06037113301,5784,06037_LA_LosAngeles
06037113303,16538,06037_LA_LosAngeles
06037113322,712,06037_LA_LosAngeles
06037113323,1355,06037_LA_LosAngeles
06037113324,440,06037_LA_LosAngeles
06037113423,144,06037_LA_LosAngeles
06037113424,3566,06037_LA_LosAngeles
06037113425,2510,06037_LA_LosAngeles
06037113426,5453,06037_LA_LosAngeles
06037113427,94,06037_LA_LosAngeles
06037113428,530,06037_LA_LosAngeles
06037115101,1579,06037_LA_LosAngeles
06037115103,6936,06037_LA_LosAngeles
06037115104,333,06037_LA_LosAngeles
06037115202,2940,06037_LA_LosAngeles
06037115203,674,06037_LA_LosAngeles
06037115204,776,06037_LA_LosAngeles
06037115301,701,06037_LA_LosAngeles
06037115302,1348,06037_LA_LosAngeles
06037115401,852,06037_LA_LosAngeles
06037115403,959,06037_LA_LosAngeles
06037115404,1616,06037_LA_LosAngeles
06037117101,696,06037_LA_LosAngeles
06037117102,332,06037_LA_LosAngeles
06037117201,482,06037_LA_LosAngeles
06037117202,660,06037_LA_LosAngeles
06037117301,552,06037_LA_LosAngeles
06037117302,4046,06037_LA_LosAngeles
06037117303,1454,06037_LA_LosAngeles
06037117404,1116,06037_LA_LosAngeles
06037117405,226,06037_LA_LosAngeles
06037117407,241,06037_LA_LosAngeles
06037117408,773,06037_LA_LosAngeles
06037117510,993,06037_LA_LosAngeles
06037117520,363,06037_LA_LosAngeles
06037117530,832,06037_LA_LosAngeles
06037119001,132,06037_LA_LosAngeles
06037119003,207,06037_LA_LosAngeles
06037119004,258,06037_LA_LosAngeles
06037119201,687,06037_LA_LosAngeles
06037119202,322,06037_LA_LosAngeles
06037119310,541,06037_LA_LosAngeles
06037119320,291,06037_LA_LosAngeles
06037119340,90,06037_LA_LosAngeles
06037119341,400,06037_LA_LosAngeles
06037119342,180,06037_LA_LosAngeles
06037119400,236,06037_LA_LosAngeles
06037119700,585,06037_LA_LosAngeles
06037119801,422,06037_LA_LosAngeles
06037119802,242,06037_LA_LosAngeles
06037119900,484,06037_LA_LosAngeles
06037120010,348,06037_LA_LosAngeles
06037120020,1657,06037_LA_LosAngeles
06037120030,676,06037_LA_LosAngeles
06037120103,183,06037_LA_LosAngeles
06037120104,1529,06037_LA_LosAngeles
06037120105,975,06037_LA_LosAngeles
06037120106,215,06037_LA_LosAngeles
06037120107,229,06037_LA_LosAngeles
06037120108,276,06037_LA_LosAngeles
06037120300,2670,06037_LA_LosAngeles
06037120400,3979,06037_LA_LosAngeles
06037121010,1503,06037_LA_LosAngeles
06037121020,416,06037_LA_LosAngeles
06037121101,338,06037_LA_LosAngeles
06037121102,7291,06037_LA_LosAngeles
06037121210,2075,06037_LA_LosAngeles
06037121221,128,06037_LA_LosAngeles
06037121222,1582,06037_LA_LosAngeles
06037121600,799,06037_LA_LosAngeles
06037121801,368,06037_LA_LosAngeles
06037121802,1318,06037_LA_LosAngeles
06037121900,1535,06037_LA_LosAngeles
06037122000,3724,06037_LA_LosAngeles
06037122120,224,06037_LA_LosAngeles
06037122121,149,06037_LA_LosAngeles
06037122122,1529,06037_LA_LosAngeles
06037122200,2798,06037_LA_LosAngeles
06037122410,1460,06037_LA_LosAngeles
06037122420,1838,06037_LA_LosAngeles
06037123010,1244,06037_LA_LosAngeles
06037123020,398,06037_LA_LosAngeles
06037123103,941,06037_LA_LosAngeles
06037123104,454,06037_LA_LosAngeles
06037123203,1090,06037_LA_LosAngeles
06037123204,266,06037_LA_LosAngeles
06037123205,1374,06037_LA_LosAngeles
06037123206,775,06037_LA_LosAngeles
06037123301,1327,06037_LA_LosAngeles
06037123303,1195,06037_LA_LosAngeles
06037123304,1220,06037_LA_LosAngeles
06037123410,556,06037_LA_LosAngeles
06037123420,1204,06037_LA_LosAngeles
06037123510,679,06037_LA_LosAngeles
06037123520,530,06037_LA_LosAngeles
06037123601,2488,06037_LA_LosAngeles
06037123602,753,06037_LA_LosAngeles
06037123700,1166,06037_LA_LosAngeles
06037123800,1031,06037_LA_LosAngeles
06037123901,2542,06037_LA_LosAngeles
06037123902,240,06037_LA_LosAngeles
06037124000,711,06037_LA_LosAngeles
06037124102,615,06037_LA_LosAngeles
06037124103,1055,06037_LA_LosAngeles
06037124104,242,06037_LA_LosAngeles
06037124105,511,06037_LA_LosAngeles
06037124201,838,06037_LA_LosAngeles
06037124203,89,06037_LA_LosAngeles
06037124204,561,06037_LA_LosAngeles
06037124300,1154,06037_LA_LosAngeles
06037124400,440,06037_LA_LosAngeles
06037124500,338,06037_LA_LosAngeles
06037124600,1534,06037_LA_LosAngeles
06037124700,1742,06037_LA_LosAngeles
06037124902,760,06037_LA_LosAngeles
06037124903,613,06037_LA_LosAngeles
06037125101,994,06037_LA_LosAngeles
06037125102,443,06037_LA_LosAngeles
06037125200,836,06037_LA_LosAngeles
06037125310,1695,06037_LA_LosAngeles
06037125321,432,06037_LA_LosAngeles
06037125322,2006,06037_LA_LosAngeles
06037125402,1068,06037_LA_LosAngeles
06037125403,1097,06037_LA_LosAngeles
06037125404,657,06037_LA_LosAngeles
06037125501,500,06037_LA_LosAngeles
06037125502,633,06037_LA_LosAngeles
06037125600,416,06037_LA_LosAngeles
06037127102,1481,06037_LA_LosAngeles
06037127103,397,06037_LA_LosAngeles
06037127104,564,06037_LA_LosAngeles
06037127210,3607,06037_LA_LosAngeles
06037127220,1023,06037_LA_LosAngeles
06037127300,1470,06037_LA_LosAngeles
06037127400,7615,06037_LA_LosAngeles
06037127520,960,06037_LA_LosAngeles
06037127603,500,06037_LA_LosAngeles
06037127604,972,06037_LA_LosAngeles
06037127605,758,06037_LA_LosAngeles
06037127606,202,06037_LA_LosAngeles
06037127711,671,06037_LA_LosAngeles
06037127712,1367,06037_LA_LosAngeles
06037127803,956,06037_LA_LosAngeles
06037127804,2961,06037_LA_LosAngeles
06037127805,1194,06037_LA_LosAngeles
06037127806,1501,06037_LA_LosAngeles
06037127910,1271,06037_LA_LosAngeles
06037127920,455,06037_LA_LosAngeles
06037128101,457,06037_LA_LosAngeles
06037128102,1194,06037_LA_LosAngeles
06037128210,1209,06037_LA_LosAngeles
06037128220,515,06037_LA_LosAngeles
06037128302,1661,06037_LA_LosAngeles
06037128303,1452,06037_LA_LosAngeles
06037128400,5464,06037_LA_LosAngeles
06037128500,1196,06037_LA_LosAngeles
06037128601,727,06037_LA_LosAngeles
06037128602,451,06037_LA_LosAngeles
06037128703,1247,06037_LA_LosAngeles
06037128704,2240,06037_LA_LosAngeles
06037128801,916,06037_LA_LosAngeles
06037128802,1117,06037_LA_LosAngeles
06037128910,2419,06037_LA_LosAngeles
06037131021,271,06037_LA_LosAngeles
06037131022,385,06037_LA_LosAngeles
06037131023,826,06037_LA_LosAngeles
06037131024,766,06037_LA_LosAngeles
06037131100,502,06037_LA_LosAngeles
06037131200,309,06037_LA_LosAngeles
06037131300,324,06037_LA_LosAngeles
06037131400,2841,06037_LA_LosAngeles
06037131600,1065,06037_LA_LosAngeles
06037131701,378,06037_LA_LosAngeles
06037131702,264,06037_LA_LosAngeles
06037131801,957,06037_LA_LosAngeles
06037131802,233,06037_LA_LosAngeles
06037131900,1090,06037_LA_LosAngeles
06037132001,448,06037_LA_LosAngeles
06037132002,3925,06037_LA_LosAngeles
06037132101,566,06037_LA_LosAngeles
06037132102,3354,06037_LA_LosAngeles
06037132301,1083,06037_LA_LosAngeles
06037132302,2056,06037_LA_LosAngeles
06037132501,1303,06037_LA_LosAngeles
06037132502,445,06037_LA_LosAngeles
06037132700,838,06037_LA_LosAngeles
06037132900,351,06037_LA_LosAngeles
06037133000,625,06037_LA_LosAngeles
06037133101,351,06037_LA_LosAngeles
06037133102,1157,06037_LA_LosAngeles
06037134001,512,06037_LA_LosAngeles
06037134002,537,06037_LA_LosAngeles
06037134101,356,06037_LA_LosAngeles
06037134103,581,06037_LA_LosAngeles
06037134104,668,06037_LA_LosAngeles
06037134201,1994,06037_LA_LosAngeles
06037134302,340,06037_LA_LosAngeles
06037134303,2015,06037_LA_LosAngeles
06037134304,695,06037_LA_LosAngeles
06037134305,644,06037_LA_LosAngeles
06037134306,881,06037_LA_LosAngeles
06037134421,240,06037_LA_LosAngeles
06037134422,2211,06037_LA_LosAngeles
06037134423,415,06037_LA_LosAngeles
06037134424,283,06037_LA_LosAngeles
06037134520,4180,06037_LA_LosAngeles
06037134521,627,06037_LA_LosAngeles
06037134522,1221,06037_LA_LosAngeles
06037134710,236,06037_LA_LosAngeles
06037134720,760,06037_LA_LosAngeles
06037134801,302,06037_LA_LosAngeles
06037134802,802,06037_LA_LosAngeles
06037134901,612,06037_LA_LosAngeles
06037134904,412,06037_LA_LosAngeles
06037134905,8551,06037_LA_LosAngeles
06037134906,139,06037_LA_LosAngeles
06037134907,1996,06037_LA_LosAngeles
06037135102,1649,06037_LA_LosAngeles
06037135111,740,06037_LA_LosAngeles
06037135113,1218,06037_LA_LosAngeles
06037135115,665,06037_LA_LosAngeles
06037135116,6288,06037_LA_LosAngeles
06037135201,2405,06037_LA_LosAngeles
06037135202,1203,06037_LA_LosAngeles
06037135204,719,06037_LA_LosAngeles
06037135205,219,06037_LA_LosAngeles
06037137000,2189,06037_LA_LosAngeles
06037137103,10190,06037_LA_LosAngeles
06037137104,18331,06037_LA_LosAngeles
06037137202,917,06037_LA_LosAngeles
06037137203,1342,06037_LA_LosAngeles
06037137301,349,06037_LA_LosAngeles
06037137302,365,06037_LA_LosAngeles
06037137401,2310,06037_LA_LosAngeles
06037137402,1919,06037_LA_LosAngeles
06037137501,4787,06037_LA_LosAngeles
06037137502,5342,06037_LA_LosAngeles
06037137504,248,06037_LA_LosAngeles
06037138000,337,06037_LA_LosAngeles
06037139001,624,06037_LA_LosAngeles
06037139200,576,06037_LA_LosAngeles
06037139301,1290,06037_LA_LosAngeles
06037139302,818,06037_LA_LosAngeles
06037139303,865,06037_LA_LosAngeles
06037139401,5568,06037_LA_LosAngeles
06037139402,2955,06037_LA_LosAngeles
06037139502,1273,06037_LA_LosAngeles
06037139504,734,06037_LA_LosAngeles
06037139505,532,06037_LA_LosAngeles
06037139506,476,06037_LA_LosAngeles
06037139600,5526,06037_LA_LosAngeles
06037139701,13346,06037_LA_LosAngeles
06037139703,393,06037_LA_LosAngeles
06037139704,292,06037_LA_LosAngeles
06037139705,492,06037_LA_LosAngeles
06037139801,1163,06037_LA_LosAngeles
06037139802,395,06037_LA_LosAngeles
06037141101,1498,06037_LA_LosAngeles
06037141102,1808,06037_LA_LosAngeles
06037141201,4145,06037_LA_LosAngeles
06037141202,2321,06037_LA_LosAngeles
06037141303,438,06037_LA_LosAngeles
06037141304,2309,06037_LA_LosAngeles
06037141305,4225,06037_LA_LosAngeles
06037141306,3976,06037_LA_LosAngeles
06037141400,9345,06037_LA_LosAngeles
06037141500,597,06037_LA_LosAngeles
06037141600,311,06037_LA_LosAngeles
06037141700,445,06037_LA_LosAngeles
06037143101,1240,06037_LA_LosAngeles
06037143102,963,06037_LA_LosAngeles
06037143200,1245,06037_LA_LosAngeles
06037143301,477,06037_LA_LosAngeles
06037143302,496,06037_LA_LosAngeles
06037143401,544,06037_LA_LosAngeles
06037143402,792,06037_LA_LosAngeles
06037143500,418,06037_LA_LosAngeles
06037143602,1635,06037_LA_LosAngeles
06037143603,597,06037_LA_LosAngeles
06037143605,117,06037_LA_LosAngeles
06037143606,1260,06037_LA_LosAngeles
06037143700,45797,06037_LA_LosAngeles
06037143801,2126,06037_LA_LosAngeles
06037143802,1113,06037_LA_LosAngeles
06037143901,4015,06037_LA_LosAngeles
06037143902,1104,06037_LA_LosAngeles
06037181000,2603,06037_LA_LosAngeles
06037181300,1059,06037_LA_LosAngeles
06037181400,1642,06037_LA_LosAngeles
06037181500,825,06037_LA_LosAngeles
06037181600,1338,06037_LA_LosAngeles
06037183101,610,06037_LA_LosAngeles
06037183103,171,06037_LA_LosAngeles
06037183104,165,06037_LA_LosAngeles
06037183220,522,06037_LA_LosAngeles
06037183221,180,06037_LA_LosAngeles
06037183222,367,06037_LA_LosAngeles
06037183300,584,06037_LA_LosAngeles
06037183401,511,06037_LA_LosAngeles
06037183402,691,06037_LA_LosAngeles
06037183510,272,06037_LA_LosAngeles
06037183520,301,06037_LA_LosAngeles
06037183610,641,06037_LA_LosAngeles
06037183620,311,06037_LA_LosAngeles
06037183701,613,06037_LA_LosAngeles
06037183702,200,06037_LA_LosAngeles
06037183810,947,06037_LA_LosAngeles
06037183820,92,06037_LA_LosAngeles
06037185101,523,06037_LA_LosAngeles
06037185102,351,06037_LA_LosAngeles
06037185202,226,06037_LA_LosAngeles
06037185203,464,06037_LA_LosAngeles
06037185204,114,06037_LA_LosAngeles
06037185310,284,06037_LA_LosAngeles
06037185320,1374,06037_LA_LosAngeles
06037186100,461,06037_LA_LosAngeles
06037186201,763,06037_LA_LosAngeles
06037186202,1591,06037_LA_LosAngeles
06037186203,123,06037_LA_LosAngeles
06037186301,220,06037_LA_LosAngeles
06037186302,978,06037_LA_LosAngeles
06037186401,2033,06037_LA_LosAngeles
06037186403,336,06037_LA_LosAngeles
06037186404,615,06037_LA_LosAngeles
06037187101,575,06037_LA_LosAngeles
06037187102,2700,06037_LA_LosAngeles
06037187200,1229,06037_LA_LosAngeles
06037187300,874,06037_LA_LosAngeles
06037188100,4545,06037_LA_LosAngeles
06037188201,367,06037_LA_LosAngeles
06037188202,166,06037_LA_LosAngeles
06037188300,997,06037_LA_LosAngeles
06037189101,1510,06037_LA_LosAngeles
06037189102,1176,06037_LA_LosAngeles
06037189201,1040,06037_LA_LosAngeles
06037189202,199,06037_LA_LosAngeles
06037189300,770,06037_LA_LosAngeles
06037189400,714,06037_LA_LosAngeles
06037189501,598,06037_LA_LosAngeles
06037189502,280,06037_LA_LosAngeles
06037189600,1484,06037_LA_LosAngeles
06037189702,2021,06037_LA_LosAngeles
06037189703,582,06037_LA_LosAngeles
06037189704,541,06037_LA_LosAngeles
06037189801,1477,06037_LA_LosAngeles
06037189802,587,06037_LA_LosAngeles
06037189903,234,06037_LA_LosAngeles
06037189904,712,06037_LA_LosAngeles
06037189905,687,06037_LA_LosAngeles
06037189906,543,06037_LA_LosAngeles
06037189907,435,06037_LA_LosAngeles
06037190101,3074,06037_LA_LosAngeles
06037190102,2417,06037_LA_LosAngeles
06037190201,1721,06037_LA_LosAngeles
06037190202,935,06037_LA_LosAngeles
06037190302,167,06037_LA_LosAngeles
06037190303,528,06037_LA_LosAngeles
06037190401,413,06037_LA_LosAngeles
06037190402,889,06037_LA_LosAngeles
06037190510,850,06037_LA_LosAngeles
06037190520,1065,06037_LA_LosAngeles
06037190701,5346,06037_LA_LosAngeles
06037190702,652,06037_LA_LosAngeles
06037190801,1983,06037_LA_LosAngeles
06037190802,3363,06037_LA_LosAngeles
06037190901,1464,06037_LA_LosAngeles
06037190902,6303,06037_LA_LosAngeles
06037191000,6054,06037_LA_LosAngeles
06037191110,1038,06037_LA_LosAngeles
06037191120,939,06037_LA_LosAngeles
06037191201,8193,06037_LA_LosAngeles
06037191203,397,06037_LA_LosAngeles
06037191204,305,06037_LA_LosAngeles
06037191301,757,06037_LA_LosAngeles
06037191302,9171,06037_LA_LosAngeles
06037191410,639,06037_LA_LosAngeles
06037191420,308,06037_LA_LosAngeles
06037191500,1674,06037_LA_LosAngeles
06037191610,562,06037_LA_LosAngeles
06037191620,529,06037_LA_LosAngeles
06037191710,11028,06037_LA_LosAngeles
06037191720,710,06037_LA_LosAngeles
06037191810,1559,06037_LA_LosAngeles
06037191820,1514,06037_LA_LosAngeles
06037191901,3717,06037_LA_LosAngeles
06037191902,1551,06037_LA_LosAngeles
06037192001,1502,06037_LA_LosAngeles
06037192002,1892,06037_LA_LosAngeles
06037192300,1898,06037_LA_LosAngeles
06037192410,484,06037_LA_LosAngeles
06037192420,327,06037_LA_LosAngeles
06037192510,348,06037_LA_LosAngeles
06037192520,207,06037_LA_LosAngeles
06037192610,424,06037_LA_LosAngeles
06037192620,512,06037_LA_LosAngeles
06037192700,662,06037_LA_LosAngeles
06037194101,769,06037_LA_LosAngeles
06037194102,460,06037_LA_LosAngeles
06037194200,762,06037_LA_LosAngeles
06037194300,421,06037_LA_LosAngeles
06037194401,1262,06037_LA_LosAngeles
06037194402,2181,06037_LA_LosAngeles
06037194500,2854,06037_LA_LosAngeles
06037195100,1466,06037_LA_LosAngeles
06037195201,898,06037_LA_LosAngeles
06037195202,1394,06037_LA_LosAngeles
06037195300,866,06037_LA_LosAngeles
06037195400,970,06037_LA_LosAngeles
06037195500,756,06037_LA_LosAngeles
06037195600,821,06037_LA_LosAngeles
06037195710,1119,06037_LA_LosAngeles
06037195720,259,06037_LA_LosAngeles
06037195802,659,06037_LA_LosAngeles
06037195803,254,06037_LA_LosAngeles
06037195804,252,06037_LA_LosAngeles
06037195901,403,06037_LA_LosAngeles
06037195902,527,06037_LA_LosAngeles
06037195903,200,06037_LA_LosAngeles
06037197200,458,06037_LA_LosAngeles
06037197300,506,06037_LA_LosAngeles
06037197410,521,06037_LA_LosAngeles
06037197420,1071,06037_LA_LosAngeles
06037197500,792,06037_LA_LosAngeles
06037197600,331,06037_LA_LosAngeles
06037197700,2908,06037_LA_LosAngeles
06037199001,672,06037_LA_LosAngeles
06037199002,1764,06037_LA_LosAngeles
06037199110,116,06037_LA_LosAngeles
06037199120,1274,06037_LA_LosAngeles
06037199201,564,06037_LA_LosAngeles
06037199202,322,06037_LA_LosAngeles
06037199300,338,06037_LA_LosAngeles
06037199400,440,06037_LA_LosAngeles
06037199700,3484,06037_LA_LosAngeles
06037199801,234,06037_LA_LosAngeles
06037199802,387,06037_LA_LosAngeles
06037199900,729,06037_LA_LosAngeles
06037201110,211,06037_LA_LosAngeles
06037201120,305,06037_LA_LosAngeles
06037201200,322,06037_LA_LosAngeles
06037201301,664,06037_LA_LosAngeles
06037201302,148,06037_LA_LosAngeles
06037201401,511,06037_LA_LosAngeles
06037201402,906,06037_LA_LosAngeles
06037201501,351,06037_LA_LosAngeles
06037201503,370,06037_LA_LosAngeles
06037201504,77,06037_LA_LosAngeles
06037201601,175,06037_LA_LosAngeles
06037201602,2239,06037_LA_LosAngeles
06037201700,3862,06037_LA_LosAngeles
06037203100,441,06037_LA_LosAngeles
06037203200,221,06037_LA_LosAngeles
06037203300,8675,06037_LA_LosAngeles
06037203500,3582,06037_LA_LosAngeles
06037203601,564,06037_LA_LosAngeles
06037203602,341,06037_LA_LosAngeles
06037203710,88,06037_LA_LosAngeles
06037203720,297,06037_LA_LosAngeles
06037203800,245,06037_LA_LosAngeles
06037203900,595,06037_LA_LosAngeles
06037204110,203,06037_LA_LosAngeles
06037204120,58,06037_LA_LosAngeles
06037204200,240,06037_LA_LosAngeles
06037204300,763,06037_LA_LosAngeles
06037204410,233,06037_LA_LosAngeles
06037204420,670,06037_LA_LosAngeles
06037204600,740,06037_LA_LosAngeles
06037204700,767,06037_LA_LosAngeles
06037204810,853,06037_LA_LosAngeles
06037204820,74,06037_LA_LosAngeles
06037204910,461,06037_LA_LosAngeles
06037204920,1780,06037_LA_LosAngeles
06037205110,348,06037_LA_LosAngeles
06037205120,2697,06037_LA_LosAngeles
06037206010,2243,06037_LA_LosAngeles
06037206020,5907,06037_LA_LosAngeles
06037206050,3942,06037_LA_LosAngeles
06037206051,12855,06037_LA_LosAngeles
06037206052,4163,06037_LA_LosAngeles
06037206053,1117,06037_LA_LosAngeles
06037206054,377,06037_LA_LosAngeles
06037206201,1997,06037_LA_LosAngeles
06037206202,4057,06037_LA_LosAngeles
06037206301,848,06037_LA_LosAngeles
06037206302,299,06037_LA_LosAngeles
06037206303,2407,06037_LA_LosAngeles
06037207101,863,06037_LA_LosAngeles
06037207102,11824,06037_LA_LosAngeles
06037207103,1687,06037_LA_LosAngeles
06037207303,3326,06037_LA_LosAngeles
06037207304,836,06037_LA_LosAngeles
06037207305,6577,06037_LA_LosAngeles
06037207306,2518,06037_LA_LosAngeles
06037207307,1292,06037_LA_LosAngeles
06037207308,1680,06037_LA_LosAngeles
06037207400,113389,06037_LA_LosAngeles
06037207501,1017,06037_LA_LosAngeles
06037207502,34289,06037_LA_LosAngeles
06037207711,34925,06037_LA_LosAngeles
06037207712,30504,06037_LA_LosAngeles
06037207901,2294,06037_LA_LosAngeles
06037207902,10409,06037_LA_LosAngeles
06037208001,3860,06037_LA_LosAngeles
06037208002,331,06037_LA_LosAngeles
06037208301,123,06037_LA_LosAngeles
06037208302,937,06037_LA_LosAngeles
06037208401,661,06037_LA_LosAngeles
06037208402,1323,06037_LA_LosAngeles
06037208501,651,06037_LA_LosAngeles
06037208502,1072,06037_LA_LosAngeles
06037208610,1140,06037_LA_LosAngeles
06037208620,1045,06037_LA_LosAngeles
06037208710,404,06037_LA_LosAngeles
06037208720,1693,06037_LA_LosAngeles
06037208801,533,06037_LA_LosAngeles
06037208802,1088,06037_LA_LosAngeles
06037208902,4395,06037_LA_LosAngeles
06037208903,945,06037_LA_LosAngeles
06037208904,307,06037_LA_LosAngeles
06037209103,232,06037_LA_LosAngeles
06037209104,344,06037_LA_LosAngeles
06037209105,124,06037_LA_LosAngeles
06037209106,1625,06037_LA_LosAngeles
06037209201,9179,06037_LA_LosAngeles
06037209202,17327,06037_LA_LosAngeles
06037209300,1392,06037_LA_LosAngeles
06037209401,1062,06037_LA_LosAngeles
06037209402,304,06037_LA_LosAngeles
06037209403,769,06037_LA_LosAngeles
06037209510,708,06037_LA_LosAngeles
06037209520,2111,06037_LA_LosAngeles
06037209810,532,06037_LA_LosAngeles
06037209820,158,06037_LA_LosAngeles
06037210010,3320,06037_LA_LosAngeles
06037211000,7088,06037_LA_LosAngeles
06037211121,345,06037_LA_LosAngeles
06037211122,1016,06037_LA_LosAngeles
06037211123,1958,06037_LA_LosAngeles
06037211124,9446,06037_LA_LosAngeles
06037211201,166,06037_LA_LosAngeles
06037211202,216,06037_LA_LosAngeles
06037211310,138,06037_LA_LosAngeles
06037211320,343,06037_LA_LosAngeles
06037211410,617,06037_LA_LosAngeles
06037211420,618,06037_LA_LosAngeles
06037211500,435,06037_LA_LosAngeles
06037211701,2522,06037_LA_LosAngeles
06037211703,198,06037_LA_LosAngeles
06037211704,5001,06037_LA_LosAngeles
06037211802,4591,06037_LA_LosAngeles
06037211803,125,06037_LA_LosAngeles
06037211804,646,06037_LA_LosAngeles
06037211910,144,06037_LA_LosAngeles
06037211921,283,06037_LA_LosAngeles
06037211922,85,06037_LA_LosAngeles
06037212101,4210,06037_LA_LosAngeles
06037212102,2554,06037_LA_LosAngeles
06037212202,530,06037_LA_LosAngeles
06037212203,584,06037_LA_LosAngeles
06037212204,1151,06037_LA_LosAngeles
06037212303,2232,06037_LA_LosAngeles
06037212304,4770,06037_LA_LosAngeles
06037212305,309,06037_LA_LosAngeles
06037212306,398,06037_LA_LosAngeles
06037212410,4369,06037_LA_LosAngeles
06037212420,266,06037_LA_LosAngeles
06037212501,100,06037_LA_LosAngeles
06037212502,3748,06037_LA_LosAngeles
06037212610,2764,06037_LA_LosAngeles
06037212620,290,06037_LA_LosAngeles
06037212701,711,06037_LA_LosAngeles
06037212702,1365,06037_LA_LosAngeles
06037212800,636,06037_LA_LosAngeles
06037212900,309,06037_LA_LosAngeles
06037213100,1065,06037_LA_LosAngeles
06037213201,1623,06037_LA_LosAngeles
06037213202,557,06037_LA_LosAngeles
06037213310,411,06037_LA_LosAngeles
06037213320,1091,06037_LA_LosAngeles
06037213401,379,06037_LA_LosAngeles
06037213402,709,06037_LA_LosAngeles
06037214000,3266,06037_LA_LosAngeles
06037214100,1238,06037_LA_LosAngeles
06037214400,1428,06037_LA_LosAngeles
06037214501,5903,06037_LA_LosAngeles
06037214503,141,06037_LA_LosAngeles
06037214504,113,06037_LA_LosAngeles
06037214505,414,06037_LA_LosAngeles
06037214600,3585,06037_LA_LosAngeles
06037214700,2497,06037_LA_LosAngeles
06037214800,2910,06037_LA_LosAngeles
06037214902,19804,06037_LA_LosAngeles
06037214903,553,06037_LA_LosAngeles
06037214904,486,06037_LA_LosAngeles
06037215101,3720,06037_LA_LosAngeles
06037215102,652,06037_LA_LosAngeles
06037216100,364,06037_LA_LosAngeles
06037216201,890,06037_LA_LosAngeles
06037216202,382,06037_LA_LosAngeles
06037216301,6466,06037_LA_LosAngeles
06037216302,8170,06037_LA_LosAngeles
06037216401,1229,06037_LA_LosAngeles
06037216402,618,06037_LA_LosAngeles
06037216700,1261,06037_LA_LosAngeles
06037216800,957,06037_LA_LosAngeles
06037216901,775,06037_LA_LosAngeles
06037216902,402,06037_LA_LosAngeles
06037217001,1364,06037_LA_LosAngeles
06037217002,1089,06037_LA_LosAngeles
06037217101,382,06037_LA_LosAngeles
06037217102,674,06037_LA_LosAngeles
06037217200,2363,06037_LA_LosAngeles
06037218110,802,06037_LA_LosAngeles
06037218120,478,06037_LA_LosAngeles
06037218210,419,06037_LA_LosAngeles
06037218220,173,06037_LA_LosAngeles
06037218300,1074,06037_LA_LosAngeles
06037218400,628,06037_LA_LosAngeles
06037218500,203,06037_LA_LosAngeles
06037218600,243,06037_LA_LosAngeles
06037218701,1665,06037_LA_LosAngeles
06037218702,270,06037_LA_LosAngeles
06037218800,263,06037_LA_LosAngeles
06037218900,393,06037_LA_LosAngeles
06037219010,233,06037_LA_LosAngeles
06037219020,339,06037_LA_LosAngeles
06037219300,804,06037_LA_LosAngeles
06037219500,284,06037_LA_LosAngeles
06037219700,1066,06037_LA_LosAngeles
06037219800,1101,06037_LA_LosAngeles
06037219901,381,06037_LA_LosAngeles
06037219902,1375,06037_LA_LosAngeles
06037220000,1027,06037_LA_LosAngeles
06037220100,2217,06037_LA_LosAngeles
06037221110,269,06037_LA_LosAngeles
06037221120,790,06037_LA_LosAngeles
06037221210,277,06037_LA_LosAngeles
06037221220,720,06037_LA_LosAngeles
06037221302,645,06037_LA_LosAngeles
06037221303,339,06037_LA_LosAngeles
06037221304,294,06037_LA_LosAngeles
06037221401,1048,06037_LA_LosAngeles
06037221402,672,06037_LA_LosAngeles
06037221500,1078,06037_LA_LosAngeles
06037221601,286,06037_LA_LosAngeles
06037221602,1022,06037_LA_LosAngeles
06037221710,222,06037_LA_LosAngeles
06037221810,609,06037_LA_LosAngeles
06037221820,52,06037_LA_LosAngeles
06037221900,781,06037_LA_LosAngeles
06037222001,335,06037_LA_LosAngeles
06037222002,331,06037_LA_LosAngeles
06037222100,217,06037_LA_LosAngeles
06037222200,369,06037_LA_LosAngeles
06037222500,393,06037_LA_LosAngeles
06037222600,410,06037_LA_LosAngeles
06037222700,22171,06037_LA_LosAngeles
06037224010,4585,06037_LA_LosAngeles
06037224020,5712,06037_LA_LosAngeles
06037224200,296,06037_LA_LosAngeles
06037224310,429,06037_LA_LosAngeles
06037224320,553,06037_LA_LosAngeles
06037224410,1019,06037_LA_LosAngeles
06037224420,988,06037_LA_LosAngeles
06037224600,2726,06037_LA_LosAngeles
06037224701,3299,06037_LA_LosAngeles
06037224702,1503,06037_LA_LosAngeles
06037226001,4651,06037_LA_LosAngeles
06037226002,19320,06037_LA_LosAngeles
06037226410,339,06037_LA_LosAngeles
06037226420,335,06037_LA_LosAngeles
06037226701,381,06037_LA_LosAngeles
06037226702,781,06037_LA_LosAngeles
06037227010,1002,06037_LA_LosAngeles
06037227020,462,06037_LA_LosAngeles
06037228100,1405,06037_LA_LosAngeles
06037228210,377,06037_LA_LosAngeles
06037228220,315,06037_LA_LosAngeles
06037228310,597,06037_LA_LosAngeles
06037228320,535,06037_LA_LosAngeles
06037228410,314,06037_LA_LosAngeles
06037228420,312,06037_LA_LosAngeles
06037228500,231,06037_LA_LosAngeles
06037228600,663,06037_LA_LosAngeles
06037228710,337,06037_LA_LosAngeles
06037228720,234,06037_LA_LosAngeles
06037228800,1067,06037_LA_LosAngeles
06037228900,342,06037_LA_LosAngeles
06037229100,239,06037_LA_LosAngeles
06037229200,377,06037_LA_LosAngeles
06037229300,341,06037_LA_LosAngeles
06037229410,644,06037_LA_LosAngeles
06037229420,753,06037_LA_LosAngeles
06037231100,2990,06037_LA_LosAngeles
06037231210,134,06037_LA_LosAngeles
06037231220,2501,06037_LA_LosAngeles
06037231301,140,06037_LA_LosAngeles
06037231302,406,06037_LA_LosAngeles
06037231400,470,06037_LA_LosAngeles
06037231500,932,06037_LA_LosAngeles
06037231601,381,06037_LA_LosAngeles
06037231602,102,06037_LA_LosAngeles
06037231603,652,06037_LA_LosAngeles
06037231710,267,06037_LA_LosAngeles
06037231720,768,06037_LA_LosAngeles
06037231800,610,06037_LA_LosAngeles
06037231901,178,06037_LA_LosAngeles
06037231902,249,06037_LA_LosAngeles
06037232110,334,06037_LA_LosAngeles
06037232120,365,06037_LA_LosAngeles
06037232200,414,06037_LA_LosAngeles
06037232300,741,06037_LA_LosAngeles
06037232401,316,06037_LA_LosAngeles
06037232402,184,06037_LA_LosAngeles
06037232500,612,06037_LA_LosAngeles
06037232601,97,06037_LA_LosAngeles
06037232602,290,06037_LA_LosAngeles
06037232701,1015,06037_LA_LosAngeles
06037232702,275,06037_LA_LosAngeles
06037232800,468,06037_LA_LosAngeles
06037234001,236,06037_LA_LosAngeles
06037234002,286,06037_LA_LosAngeles
06037234200,2079,06037_LA_LosAngeles
06037234301,582,06037_LA_LosAngeles
06037234302,293,06037_LA_LosAngeles
06037234501,498,06037_LA_LosAngeles
06037234502,845,06037_LA_LosAngeles
06037234600,1149,06037_LA_LosAngeles
06037234700,602,06037_LA_LosAngeles
06037234800,331,06037_LA_LosAngeles
06037234901,812,06037_LA_LosAngeles
06037234902,398,06037_LA_LosAngeles
06037235100,564,06037_LA_LosAngeles
06037235201,396,06037_LA_LosAngeles
06037235202,579,06037_LA_LosAngeles
06037236001,1539,06037_LA_LosAngeles
06037236101,688,06037_LA_LosAngeles
06037236102,3889,06037_LA_LosAngeles
06037236203,268,06037_LA_LosAngeles
06037236204,280,06037_LA_LosAngeles
06037236205,201,06037_LA_LosAngeles
06037236206,433,06037_LA_LosAngeles
06037236400,308,06037_LA_LosAngeles
06037237101,1270,06037_LA_LosAngeles
06037237102,315,06037_LA_LosAngeles
06037237201,243,06037_LA_LosAngeles
06037237202,1867,06037_LA_LosAngeles
06037237300,315,06037_LA_LosAngeles
06037237401,203,06037_LA_LosAngeles
06037237402,161,06037_LA_LosAngeles
06037237500,259,06037_LA_LosAngeles
06037237600,459,06037_LA_LosAngeles
06037237710,517,06037_LA_LosAngeles
06037237720,277,06037_LA_LosAngeles
06037237800,303,06037_LA_LosAngeles
06037237900,370,06037_LA_LosAngeles
06037238000,632,06037_LA_LosAngeles
06037238100,403,06037_LA_LosAngeles
06037238200,778,06037_LA_LosAngeles
06037238310,215,06037_LA_LosAngeles
06037238320,494,06037_LA_LosAngeles
06037238400,834,06037_LA_LosAngeles
06037239201,413,06037_LA_LosAngeles
06037239202,3381,06037_LA_LosAngeles
06037239310,440,06037_LA_LosAngeles
06037239320,153,06037_LA_LosAngeles
06037239330,1127,06037_LA_LosAngeles
06037239501,329,06037_LA_LosAngeles
06037239502,496,06037_LA_LosAngeles
06037239601,326,06037_LA_LosAngeles
06037239602,122,06037_LA_LosAngeles
06037239701,240,06037_LA_LosAngeles
06037239702,591,06037_LA_LosAngeles
06037239801,103,06037_LA_LosAngeles
06037239802,392,06037_LA_LosAngeles
06037240010,674,06037_LA_LosAngeles
06037240020,251,06037_LA_LosAngeles
06037240200,359,06037_LA_LosAngeles
06037240301,473,06037_LA_LosAngeles
06037240302,241,06037_LA_LosAngeles
06037240401,406,06037_LA_LosAngeles
06037240402,258,06037_LA_LosAngeles
06037240500,514,06037_LA_LosAngeles
06037240600,711,06037_LA_LosAngeles
06037240700,507,06037_LA_LosAngeles
06037240800,449,06037_LA_LosAngeles
06037240901,189,06037_LA_LosAngeles
06037240902,278,06037_LA_LosAngeles
06037241001,254,06037_LA_LosAngeles
06037241002,212,06037_LA_LosAngeles
06037241110,443,06037_LA_LosAngeles
06037241120,215,06037_LA_LosAngeles
06037241201,117,06037_LA_LosAngeles
06037241202,556,06037_LA_LosAngeles
06037241300,213,06037_LA_LosAngeles
06037241400,226,06037_LA_LosAngeles
06037242000,388,06037_LA_LosAngeles
06037242100,404,06037_LA_LosAngeles
06037242201,276,06037_LA_LosAngeles
06037242202,312,06037_LA_LosAngeles
06037242300,986,06037_LA_LosAngeles
06037242600,333,06037_LA_LosAngeles
06037242700,615,06037_LA_LosAngeles
06037243001,153,06037_LA_LosAngeles
06037243002,146,06037_LA_LosAngeles
06037243100,414,06037_LA_LosAngeles
06037261102,525,06037_LA_LosAngeles
06037261103,187,06037_LA_LosAngeles
06037261104,254,06037_LA_LosAngeles
06037261200,871,06037_LA_LosAngeles
06037262100,1314,06037_LA_LosAngeles
06037262200,1351,06037_LA_LosAngeles
06037262301,1136,06037_LA_LosAngeles
06037262302,2046,06037_LA_LosAngeles
06037262303,319,06037_LA_LosAngeles
06037262400,235,06037_LA_LosAngeles
06037262501,1021,06037_LA_LosAngeles
06037262601,244,06037_LA_LosAngeles
06037262604,919,06037_LA_LosAngeles
06037262704,851,06037_LA_LosAngeles
06037262706,2173,06037_LA_LosAngeles
06037262802,887,06037_LA_LosAngeles
06037264000,901,06037_LA_LosAngeles
06037264102,897,06037_LA_LosAngeles
06037264103,2396,06037_LA_LosAngeles
06037264303,1808,06037_LA_LosAngeles
06037264304,4551,06037_LA_LosAngeles
06037264305,1305,06037_LA_LosAngeles
06037264306,2505,06037_LA_LosAngeles
06037265100,760,06037_LA_LosAngeles
06037265201,341,06037_LA_LosAngeles
06037265203,997,06037_LA_LosAngeles
06037265204,5102,06037_LA_LosAngeles
06037265301,16959,06037_LA_LosAngeles
06037265303,50,06037_LA_LosAngeles
06037265304,33,06037_LA_LosAngeles
06037265306,27,06037_LA_LosAngeles
06037265307,388,06037_LA_LosAngeles
06037265410,642,06037_LA_LosAngeles
06037265420,11274,06037_LA_LosAngeles
06037265521,49020,06037_LA_LosAngeles
06037265522,3001,06037_LA_LosAngeles
06037265523,971,06037_LA_LosAngeles
06037265524,5974,06037_LA_LosAngeles
06037265601,3587,06037_LA_LosAngeles
06037265602,524,06037_LA_LosAngeles
06037265701,883,06037_LA_LosAngeles
06037265702,636,06037_LA_LosAngeles
06037267101,1030,06037_LA_LosAngeles
06037267102,1669,06037_LA_LosAngeles
06037267201,4289,06037_LA_LosAngeles
06037267202,1282,06037_LA_LosAngeles
06037267300,1212,06037_LA_LosAngeles
06037267403,1418,06037_LA_LosAngeles
06037267404,1930,06037_LA_LosAngeles
06037267405,3207,06037_LA_LosAngeles
06037267406,698,06037_LA_LosAngeles
06037267502,772,06037_LA_LosAngeles
06037267503,390,06037_LA_LosAngeles
06037267504,299,06037_LA_LosAngeles
06037267600,20382,06037_LA_LosAngeles
06037267700,7202,06037_LA_LosAngeles
06037267800,4362,06037_LA_LosAngeles
06037267901,61818,06037_LA_LosAngeles
06037267902,44147,06037_LA_LosAngeles
06037269000,981,06037_LA_LosAngeles
06037269100,2093,06037_LA_LosAngeles
06037269300,789,06037_LA_LosAngeles
06037269500,521,06037_LA_LosAngeles
06037269601,807,06037_LA_LosAngeles
06037269602,309,06037_LA_LosAngeles
06037269700,3382,06037_LA_LosAngeles
06037269800,438,06037_LA_LosAngeles
06037269903,1004,06037_LA_LosAngeles
06037269905,1923,06037_LA_LosAngeles
06037269906,212,06037_LA_LosAngeles
06037269907,616,06037_LA_LosAngeles
06037269908,264,06037_LA_LosAngeles
06037269909,716,06037_LA_LosAngeles
06037270101,1198,06037_LA_LosAngeles
06037270102,840,06037_LA_LosAngeles
06037270200,2073,06037_LA_LosAngeles
06037270300,3285,06037_LA_LosAngeles
06037271100,816,06037_LA_LosAngeles
06037271200,751,06037_LA_LosAngeles
06037271300,1081,06037_LA_LosAngeles
06037271400,348,06037_LA_LosAngeles
06037271500,316,06037_LA_LosAngeles
06037271600,467,06037_LA_LosAngeles
06037271702,1715,06037_LA_LosAngeles
06037271703,438,06037_LA_LosAngeles
06037271704,2143,06037_LA_LosAngeles
06037271801,380,06037_LA_LosAngeles
06037271803,411,06037_LA_LosAngeles
06037271804,144,06037_LA_LosAngeles
06037271901,391,06037_LA_LosAngeles
06037271902,779,06037_LA_LosAngeles
06037272100,681,06037_LA_LosAngeles
06037272201,244,06037_LA_LosAngeles
06037272202,159,06037_LA_LosAngeles
06037272301,369,06037_LA_LosAngeles
06037272302,739,06037_LA_LosAngeles
06037273100,757,06037_LA_LosAngeles
06037273200,1073,06037_LA_LosAngeles
06037273300,4948,06037_LA_LosAngeles
06037273403,780,06037_LA_LosAngeles
06037273404,2186,06037_LA_LosAngeles
06037273502,2228,06037_LA_LosAngeles
06037273600,1984,06037_LA_LosAngeles
06037273700,435,06037_LA_LosAngeles
06037273800,1539,06037_LA_LosAngeles
06037273902,1137,06037_LA_LosAngeles
06037274100,1682,06037_LA_LosAngeles
06037274202,1038,06037_LA_LosAngeles
06037275101,283,06037_LA_LosAngeles
06037275102,122,06037_LA_LosAngeles
06037275200,174,06037_LA_LosAngeles
06037275311,636,06037_LA_LosAngeles
06037275312,1307,06037_LA_LosAngeles
06037275313,4879,06037_LA_LosAngeles
06037275400,3166,06037_LA_LosAngeles
06037275500,498,06037_LA_LosAngeles
06037275603,1080,06037_LA_LosAngeles
06037275604,7766,06037_LA_LosAngeles
06037275605,7961,06037_LA_LosAngeles
06037276000,4991,06037_LA_LosAngeles
06037276101,665,06037_LA_LosAngeles
06037276102,1787,06037_LA_LosAngeles
06037276400,196,06037_LA_LosAngeles
06037276500,3676,06037_LA_LosAngeles
06037276601,675,06037_LA_LosAngeles
06037276605,96,06037_LA_LosAngeles
06037276606,138,06037_LA_LosAngeles
06037276607,1213,06037_LA_LosAngeles
06037276608,200,06037_LA_LosAngeles
06037277000,1211,06037_LA_LosAngeles
06037277100,1072,06037_LA_LosAngeles
06037277200,7547,06037_LA_LosAngeles
06037277400,372,06037_LA_LosAngeles
06037278001,4745,06037_LA_LosAngeles
06037278102,909,06037_LA_LosAngeles
06037291110,251,06037_LA_LosAngeles
06037291120,1712,06037_LA_LosAngeles
06037291130,2336,06037_LA_LosAngeles
06037291210,1092,06037_LA_LosAngeles
06037291220,810,06037_LA_LosAngeles
06037291300,4297,06037_LA_LosAngeles
06037292001,21191,06037_LA_LosAngeles
06037292002,53,06037_LA_LosAngeles
06037293203,202,06037_LA_LosAngeles
06037293204,456,06037_LA_LosAngeles
06037293205,1595,06037_LA_LosAngeles
06037293206,69,06037_LA_LosAngeles
06037293301,555,06037_LA_LosAngeles
06037293302,882,06037_LA_LosAngeles
06037293304,337,06037_LA_LosAngeles
06037293306,197,06037_LA_LosAngeles
06037293307,590,06037_LA_LosAngeles
06037294110,464,06037_LA_LosAngeles
06037294120,583,06037_LA_LosAngeles
06037294200,387,06037_LA_LosAngeles
06037294301,285,06037_LA_LosAngeles
06037294302,346,06037_LA_LosAngeles
06037294410,491,06037_LA_LosAngeles
06037294421,4218,06037_LA_LosAngeles
06037294510,975,06037_LA_LosAngeles
06037294520,366,06037_LA_LosAngeles
06037294610,573,06037_LA_LosAngeles
06037294620,506,06037_LA_LosAngeles
06037294701,2064,06037_LA_LosAngeles
06037294810,110,06037_LA_LosAngeles
06037294820,1052,06037_LA_LosAngeles
06037294830,514,06037_LA_LosAngeles
06037294900,771,06037_LA_LosAngeles
06037295103,1611,06037_LA_LosAngeles
06037296210,226,06037_LA_LosAngeles
06037296220,1902,06037_LA_LosAngeles
06037296300,1289,06037_LA_LosAngeles
06037296401,235,06037_LA_LosAngeles
06037296402,280,06037_LA_LosAngeles
06037296500,367,06037_LA_LosAngeles
06037296600,1840,06037_LA_LosAngeles
06037296901,904,06037_LA_LosAngeles
06037296902,396,06037_LA_LosAngeles
06037297001,197,06037_LA_LosAngeles
06037297002,215,06037_LA_LosAngeles
06037297110,479,06037_LA_LosAngeles
06037297120,439,06037_LA_LosAngeles
06037297201,164,06037_LA_LosAngeles
06037297202,156,06037_LA_LosAngeles
06037297300,507,06037_LA_LosAngeles
06037297400,382,06037_LA_LosAngeles
06037297501,107,06037_LA_LosAngeles
06037297502,154,06037_LA_LosAngeles
06037297601,193,06037_LA_LosAngeles
06037297602,147,06037_LA_LosAngeles
06037300100,306,06037_LA_LosAngeles
06037300200,1361,06037_LA_LosAngeles
06037300301,1316,06037_LA_LosAngeles
06037300400,1577,06037_LA_LosAngeles
06037300501,965,06037_LA_LosAngeles
06037300503,763,06037_LA_LosAngeles
06037300601,453,06037_LA_LosAngeles
06037300602,3244,06037_LA_LosAngeles
06037300701,726,06037_LA_LosAngeles
06037300702,466,06037_LA_LosAngeles
06037300800,3165,06037_LA_LosAngeles
06037300901,541,06037_LA_LosAngeles
06037300902,242,06037_LA_LosAngeles
06037301000,4766,06037_LA_LosAngeles
06037301100,1963,06037_LA_LosAngeles
06037301203,1129,06037_LA_LosAngeles
06037301204,1977,06037_LA_LosAngeles
06037301205,332,06037_LA_LosAngeles
06037301206,1629,06037_LA_LosAngeles
06037301300,120,06037_LA_LosAngeles
06037301400,560,06037_LA_LosAngeles
06037301501,299,06037_LA_LosAngeles
06037301502,2186,06037_LA_LosAngeles
06037301601,10540,06037_LA_LosAngeles
06037301602,1071,06037_LA_LosAngeles
06037301701,1770,06037_LA_LosAngeles
06037301702,1693,06037_LA_LosAngeles
06037301801,9833,06037_LA_LosAngeles
06037301802,8652,06037_LA_LosAngeles
06037301901,4447,06037_LA_LosAngeles
06037301902,1115,06037_LA_LosAngeles
06037302002,8889,06037_LA_LosAngeles
06037302003,1820,06037_LA_LosAngeles
06037302004,1012,06037_LA_LosAngeles
06037302102,1387,06037_LA_LosAngeles
06037302103,1380,06037_LA_LosAngeles
06037302104,1051,06037_LA_LosAngeles
06037302201,3078,06037_LA_LosAngeles
06037302202,1530,06037_LA_LosAngeles
06037302301,8769,06037_LA_LosAngeles
06037302302,1793,06037_LA_LosAngeles
06037302401,6394,06037_LA_LosAngeles
06037302503,832,06037_LA_LosAngeles
06037302504,1477,06037_LA_LosAngeles
06037302505,2081,06037_LA_LosAngeles
06037302506,1245,06037_LA_LosAngeles
06037310100,516,06037_LA_LosAngeles
06037310201,500,06037_LA_LosAngeles
06037310202,436,06037_LA_LosAngeles
06037310300,332,06037_LA_LosAngeles
06037310400,89789,06037_LA_LosAngeles
06037310501,37106,06037_LA_LosAngeles
06037310601,2421,06037_LA_LosAngeles
06037310602,925,06037_LA_LosAngeles
06037310701,2262,06037_LA_LosAngeles
06037310703,4770,06037_LA_LosAngeles
06037310704,4868,06037_LA_LosAngeles
06037310705,8230,06037_LA_LosAngeles
06037310800,4435,06037_LA_LosAngeles
06037310900,3489,06037_LA_LosAngeles
06037311000,1517,06037_LA_LosAngeles
06037311100,1202,06037_LA_LosAngeles
06037311200,1418,06037_LA_LosAngeles
06037311300,1969,06037_LA_LosAngeles
06037311400,953,06037_LA_LosAngeles
06037311500,1596,06037_LA_LosAngeles
06037311601,41212,06037_LA_LosAngeles
06037311602,5965,06037_LA_LosAngeles
06037311700,34247,06037_LA_LosAngeles
06037311801,899,06037_LA_LosAngeles
06037311802,2498,06037_LA_LosAngeles
06037320101,302,06037_LA_LosAngeles
06037320102,3079,06037_LA_LosAngeles
06037320201,1529,06037_LA_LosAngeles
06037320202,1845,06037_LA_LosAngeles
06037320300,3457,06037_LA_LosAngeles
06037400205,588,06037_LA_LosAngeles
06037400206,358,06037_LA_LosAngeles
06037400207,166,06037_LA_LosAngeles
06037400208,104,06037_LA_LosAngeles
06037400209,690,06037_LA_LosAngeles
06037400304,2986,06037_LA_LosAngeles
06037400402,1111,06037_LA_LosAngeles
06037400403,1304,06037_LA_LosAngeles
06037400404,486,06037_LA_LosAngeles
06037400501,259,06037_LA_LosAngeles
06037400602,1864,06037_LA_LosAngeles
06037400603,2664,06037_LA_LosAngeles
06037400605,1135,06037_LA_LosAngeles
06037400801,5083,06037_LA_LosAngeles
06037401001,180,06037_LA_LosAngeles
06037401002,1658,06037_LA_LosAngeles
06037401101,972,06037_LA_LosAngeles
06037401102,2486,06037_LA_LosAngeles
06037401201,1541,06037_LA_LosAngeles
06037401202,7997,06037_LA_LosAngeles
06037401203,410,06037_LA_LosAngeles
06037401303,1044,06037_LA_LosAngeles
06037401304,868,06037_LA_LosAngeles
06037401311,8683,06037_LA_LosAngeles
06037401312,2293,06037_LA_LosAngeles
06037401500,5175,06037_LA_LosAngeles
06037401601,1679,06037_LA_LosAngeles
06037401602,1701,06037_LA_LosAngeles
06037401705,263,06037_LA_LosAngeles
06037401706,905,06037_LA_LosAngeles
06037401707,2793,06037_LA_LosAngeles
06037401801,1436,06037_LA_LosAngeles
06037401802,1309,06037_LA_LosAngeles
06037401901,7004,06037_LA_LosAngeles
06037401902,3601,06037_LA_LosAngeles
06037402001,1889,06037_LA_LosAngeles
06037402002,1498,06037_LA_LosAngeles
06037402101,981,06037_LA_LosAngeles
06037402102,5505,06037_LA_LosAngeles
06037402200,2417,06037_LA_LosAngeles
06037402301,243,06037_LA_LosAngeles
06037402303,1258,06037_LA_LosAngeles
06037402304,259,06037_LA_LosAngeles
06037402403,2871,06037_LA_LosAngeles
06037402404,4752,06037_LA_LosAngeles
06037402405,441,06037_LA_LosAngeles
06037402406,1036,06037_LA_LosAngeles
06037402501,424,06037_LA_LosAngeles
06037402503,168,06037_LA_LosAngeles
06037402504,227,06037_LA_LosAngeles
06037402601,496,06037_LA_LosAngeles
06037402602,443,06037_LA_LosAngeles
06037402702,1864,06037_LA_LosAngeles
06037402703,377,06037_LA_LosAngeles
06037402705,147,06037_LA_LosAngeles
06037402706,225,06037_LA_LosAngeles
06037402801,1589,06037_LA_LosAngeles
06037402803,197,06037_LA_LosAngeles
06037402804,1637,06037_LA_LosAngeles
06037402902,805,06037_LA_LosAngeles
06037402903,1830,06037_LA_LosAngeles
06037402904,3848,06037_LA_LosAngeles
06037403000,1719,06037_LA_LosAngeles
06037403305,60,06037_LA_LosAngeles
06037403316,1161,06037_LA_LosAngeles
06037403317,260,06037_LA_LosAngeles
06037403318,1921,06037_LA_LosAngeles
06037403319,1684,06037_LA_LosAngeles
06037403320,800,06037_LA_LosAngeles
06037403321,843,06037_LA_LosAngeles
06037403323,6004,06037_LA_LosAngeles
06037403324,598,06037_LA_LosAngeles
06037403325,1666,06037_LA_LosAngeles
06037403326,3454,06037_LA_LosAngeles
06037403327,11889,06037_LA_LosAngeles
06037403328,1958,06037_LA_LosAngeles
06037403401,1412,06037_LA_LosAngeles
06037403402,3310,06037_LA_LosAngeles
06037403403,696,06037_LA_LosAngeles
06037403404,232,06037_LA_LosAngeles
06037403407,434,06037_LA_LosAngeles
06037403408,865,06037_LA_LosAngeles
06037403409,3735,06037_LA_LosAngeles
06037403500,360,06037_LA_LosAngeles
06037403601,4395,06037_LA_LosAngeles
06037403702,536,06037_LA_LosAngeles
06037403703,183,06037_LA_LosAngeles
06037403721,2323,06037_LA_LosAngeles
06037403722,1639,06037_LA_LosAngeles
06037403801,2170,06037_LA_LosAngeles
06037403802,518,06037_LA_LosAngeles
06037403901,467,06037_LA_LosAngeles
06037403902,1385,06037_LA_LosAngeles
06037404000,835,06037_LA_LosAngeles
06037404100,224,06037_LA_LosAngeles
06037404201,703,06037_LA_LosAngeles
06037404203,372,06037_LA_LosAngeles
06037404301,775,06037_LA_LosAngeles
06037404302,227,06037_LA_LosAngeles
06037404401,1362,06037_LA_LosAngeles
06037404402,2610,06037_LA_LosAngeles
06037404501,966,06037_LA_LosAngeles
06037404503,199,06037_LA_LosAngeles
06037404504,264,06037_LA_LosAngeles
06037404600,17024,06037_LA_LosAngeles
06037404701,466,06037_LA_LosAngeles
06037404702,1168,06037_LA_LosAngeles
06037404703,6443,06037_LA_LosAngeles
06037404804,902,06037_LA_LosAngeles
06037404805,335,06037_LA_LosAngeles
06037404806,1829,06037_LA_LosAngeles
06037404901,1243,06037_LA_LosAngeles
06037404902,127,06037_LA_LosAngeles
06037404903,126,06037_LA_LosAngeles
06037405001,1297,06037_LA_LosAngeles
06037405002,1053,06037_LA_LosAngeles
06037405101,726,06037_LA_LosAngeles
06037405102,1620,06037_LA_LosAngeles
06037405201,1291,06037_LA_LosAngeles
06037405202,948,06037_LA_LosAngeles
06037405203,589,06037_LA_LosAngeles
06037405301,754,06037_LA_LosAngeles
06037405302,953,06037_LA_LosAngeles
06037405400,311,06037_LA_LosAngeles
06037405500,505,06037_LA_LosAngeles
06037405600,2288,06037_LA_LosAngeles
06037405701,690,06037_LA_LosAngeles
06037405702,1729,06037_LA_LosAngeles
06037405800,1315,06037_LA_LosAngeles
06037405900,472,06037_LA_LosAngeles
06037406000,1402,06037_LA_LosAngeles
06037406101,3274,06037_LA_LosAngeles
06037406103,3893,06037_LA_LosAngeles
06037406201,766,06037_LA_LosAngeles
06037406300,3504,06037_LA_LosAngeles
06037406413,1331,06037_LA_LosAngeles
06037406500,979,06037_LA_LosAngeles
06037406601,341,06037_LA_LosAngeles
06037406602,553,06037_LA_LosAngeles
06037406701,377,06037_LA_LosAngeles
06037406702,9989,06037_LA_LosAngeles
06037406801,1350,06037_LA_LosAngeles
06037406903,1496,06037_LA_LosAngeles
06037407001,175,06037_LA_LosAngeles
06037407002,6756,06037_LA_LosAngeles
06037407101,519,06037_LA_LosAngeles
06037407102,205,06037_LA_LosAngeles
06037407201,161,06037_LA_LosAngeles
06037407202,541,06037_LA_LosAngeles
06037407301,343,06037_LA_LosAngeles
06037407302,177,06037_LA_LosAngeles
06037407400,355,06037_LA_LosAngeles
06037407501,1362,06037_LA_LosAngeles
06037407502,375,06037_LA_LosAngeles
06037407601,881,06037_LA_LosAngeles
06037407602,364,06037_LA_LosAngeles
06037407701,424,06037_LA_LosAngeles
06037407702,1473,06037_LA_LosAngeles
06037407801,331,06037_LA_LosAngeles
06037407802,758,06037_LA_LosAngeles
06037407901,240,06037_LA_LosAngeles
06037407902,214,06037_LA_LosAngeles
06037408003,253,06037_LA_LosAngeles
06037408004,158,06037_LA_LosAngeles
06037408005,405,06037_LA_LosAngeles
06037408006,1304,06037_LA_LosAngeles
06037408133,531,06037_LA_LosAngeles
06037408134,179,06037_LA_LosAngeles
06037408135,265,06037_LA_LosAngeles
06037408136,225,06037_LA_LosAngeles
06037408137,1546,06037_LA_LosAngeles
06037408138,188,06037_LA_LosAngeles
06037408139,367,06037_LA_LosAngeles
06037408140,538,06037_LA_LosAngeles
06037408141,479,06037_LA_LosAngeles
06037408212,3931,06037_LA_LosAngeles
06037408213,2200,06037_LA_LosAngeles
06037408301,1505,06037_LA_LosAngeles
06037408302,792,06037_LA_LosAngeles
06037408303,244,06037_LA_LosAngeles
06037408401,554,06037_LA_LosAngeles
06037408402,3971,06037_LA_LosAngeles
06037408503,568,06037_LA_LosAngeles
06037408504,756,06037_LA_LosAngeles
06037408505,292,06037_LA_LosAngeles
06037408623,560,06037_LA_LosAngeles
06037408624,362,06037_LA_LosAngeles
06037408625,1025,06037_LA_LosAngeles
06037408626,966,06037_LA_LosAngeles
06037408627,144,06037_LA_LosAngeles
06037408628,941,06037_LA_LosAngeles
06037408629,210,06037_LA_LosAngeles
06037408631,336,06037_LA_LosAngeles
06037408703,536,06037_LA_LosAngeles
06037408705,1538,06037_LA_LosAngeles
06037408707,1351,06037_LA_LosAngeles
06037408722,345,06037_LA_LosAngeles
06037408724,619,06037_LA_LosAngeles
06037408725,1083,06037_LA_LosAngeles
06037408800,4692,06037_LA_LosAngeles
06037408900,1830,06037_LA_LosAngeles
06037409000,8647,06037_LA_LosAngeles
06037409100,1507,06037_LA_LosAngeles
06037430003,195,06037_LA_LosAngeles
06037430004,1356,06037_LA_LosAngeles
06037430005,449,06037_LA_LosAngeles
06037430101,5913,06037_LA_LosAngeles
06037430102,6630,06037_LA_LosAngeles
06037430200,269,06037_LA_LosAngeles
06037430301,314,06037_LA_LosAngeles
06037430302,918,06037_LA_LosAngeles
06037430400,1667,06037_LA_LosAngeles
06037430501,253,06037_LA_LosAngeles
06037430502,2534,06037_LA_LosAngeles
06037430600,355,06037_LA_LosAngeles
06037430701,1680,06037_LA_LosAngeles
06037430721,9013,06037_LA_LosAngeles
06037430723,419,06037_LA_LosAngeles
06037430724,1100,06037_LA_LosAngeles
06037430801,5424,06037_LA_LosAngeles
06037430802,562,06037_LA_LosAngeles
06037430803,750,06037_LA_LosAngeles
06037430901,1907,06037_LA_LosAngeles
06037430902,1508,06037_LA_LosAngeles
06037431002,1755,06037_LA_LosAngeles
06037431003,452,06037_LA_LosAngeles
06037431004,3254,06037_LA_LosAngeles
06037431100,8471,06037_LA_LosAngeles
06037431200,1444,06037_LA_LosAngeles
06037431300,552,06037_LA_LosAngeles
06037431400,519,06037_LA_LosAngeles
06037431501,704,06037_LA_LosAngeles
06037431502,1712,06037_LA_LosAngeles
06037431600,1010,06037_LA_LosAngeles
06037431701,1493,06037_LA_LosAngeles
06037431800,1681,06037_LA_LosAngeles
06037431900,954,06037_LA_LosAngeles
06037432001,422,06037_LA_LosAngeles
06037432002,1070,06037_LA_LosAngeles
06037432101,472,06037_LA_LosAngeles
06037432102,972,06037_LA_LosAngeles
06037432201,937,06037_LA_LosAngeles
06037432202,1649,06037_LA_LosAngeles
06037432300,2075,06037_LA_LosAngeles
06037432401,783,06037_LA_LosAngeles
06037432402,963,06037_LA_LosAngeles
06037432501,478,06037_LA_LosAngeles
06037432502,3377,06037_LA_LosAngeles
06037432601,755,06037_LA_LosAngeles
06037432602,360,06037_LA_LosAngeles
06037432700,3043,06037_LA_LosAngeles
06037432801,1511,06037_LA_LosAngeles
06037432802,350,06037_LA_LosAngeles
06037432901,1878,06037_LA_LosAngeles
06037432902,1416,06037_LA_LosAngeles
06037433103,8081,06037_LA_LosAngeles
06037433200,2197,06037_LA_LosAngeles
06037433302,1181,06037_LA_LosAngeles
06037433304,1584,06037_LA_LosAngeles
06037433305,395,06037_LA_LosAngeles
06037433306,239,06037_LA_LosAngeles
06037433307,164,06037_LA_LosAngeles
06037433402,722,06037_LA_LosAngeles
06037433403,522,06037_LA_LosAngeles
06037433505,815,06037_LA_LosAngeles
06037433506,3767,06037_LA_LosAngeles
06037433601,551,06037_LA_LosAngeles
06037433602,2779,06037_LA_LosAngeles
06037433803,1704,06037_LA_LosAngeles
06037433804,3656,06037_LA_LosAngeles
06037433901,801,06037_LA_LosAngeles
06037433903,659,06037_LA_LosAngeles
06037434001,688,06037_LA_LosAngeles
06037434003,404,06037_LA_LosAngeles
06037434004,493,06037_LA_LosAngeles
06037434100,5571,06037_LA_LosAngeles
06037460001,863,06037_LA_LosAngeles
06037460002,315,06037_LA_LosAngeles
06037460101,648,06037_LA_LosAngeles
06037460200,434,06037_LA_LosAngeles
06037460301,280,06037_LA_LosAngeles
06037460302,453,06037_LA_LosAngeles
06037460401,5482,06037_LA_LosAngeles
06037460501,445,06037_LA_LosAngeles
06037460502,2381,06037_LA_LosAngeles
06037460601,1053,06037_LA_LosAngeles
06037460700,1957,06037_LA_LosAngeles
06037460800,1675,06037_LA_LosAngeles
06037460900,986,06037_LA_LosAngeles
06037461000,1923,06037_LA_LosAngeles
06037461100,897,06037_LA_LosAngeles
06037461200,697,06037_LA_LosAngeles
06037461300,1860,06037_LA_LosAngeles
06037461400,681,06037_LA_LosAngeles
06037461501,560,06037_LA_LosAngeles
06037461502,1217,06037_LA_LosAngeles
06037461600,1418,06037_LA_LosAngeles
06037461700,1101,06037_LA_LosAngeles
06037461901,983,06037_LA_LosAngeles
06037461902,17463,06037_LA_LosAngeles
06037462001,190,06037_LA_LosAngeles
06037462002,443,06037_LA_LosAngeles
06037462100,1179,06037_LA_LosAngeles
06037462201,1054,06037_LA_LosAngeles
06037462202,4570,06037_LA_LosAngeles
06037462301,652,06037_LA_LosAngeles
06037462302,3600,06037_LA_LosAngeles
06037462400,839,06037_LA_LosAngeles
06037462500,1304,06037_LA_LosAngeles
06037462600,297,06037_LA_LosAngeles
06037462700,2080,06037_LA_LosAngeles
06037462800,2542,06037_LA_LosAngeles
06037462900,3117,06037_LA_LosAngeles
06037463000,6741,06037_LA_LosAngeles
06037463103,2934,06037_LA_LosAngeles
06037463200,1171,06037_LA_LosAngeles
06037463300,159,06037_LA_LosAngeles
06037463400,2881,06037_LA_LosAngeles
06037463500,8532,06037_LA_LosAngeles
06037463601,9218,06037_LA_LosAngeles
06037463602,6564,06037_LA_LosAngeles
06037463700,4906,06037_LA_LosAngeles
06037463800,599,06037_LA_LosAngeles
06037463900,6802,06037_LA_LosAngeles
06037464000,2923,06037_LA_LosAngeles
06037464101,1300,06037_LA_LosAngeles
06037464102,896,06037_LA_LosAngeles
06037464200,1495,06037_LA_LosAngeles
06037480002,470,06037_LA_LosAngeles
06037480011,597,06037_LA_LosAngeles
06037480012,483,06037_LA_LosAngeles
06037480101,998,06037_LA_LosAngeles
06037480102,885,06037_LA_LosAngeles
06037480201,706,06037_LA_LosAngeles
06037480202,433,06037_LA_LosAngeles
06037480302,1419,06037_LA_LosAngeles
06037480303,507,06037_LA_LosAngeles
06037480304,881,06037_LA_LosAngeles
06037480400,810,06037_LA_LosAngeles
06037480500,2418,06037_LA_LosAngeles
06037480601,1062,06037_LA_LosAngeles
06037480602,1596,06037_LA_LosAngeles
06037480702,486,06037_LA_LosAngeles
06037480703,1198,06037_LA_LosAngeles
06037480704,2180,06037_LA_LosAngeles
06037480802,4953,06037_LA_LosAngeles
06037480803,2692,06037_LA_LosAngeles
06037480804,732,06037_LA_LosAngeles
06037480901,2567,06037_LA_LosAngeles
06037480902,487,06037_LA_LosAngeles
06037480903,643,06037_LA_LosAngeles
06037481001,2486,06037_LA_LosAngeles
06037481002,1857,06037_LA_LosAngeles
06037481101,3010,06037_LA_LosAngeles
06037481102,1097,06037_LA_LosAngeles
06037481103,854,06037_LA_LosAngeles
06037481201,740,06037_LA_LosAngeles
06037481203,883,06037_LA_LosAngeles
06037481300,895,06037_LA_LosAngeles
06037481401,1858,06037_LA_LosAngeles
06037481403,1670,06037_LA_LosAngeles
06037481404,1379,06037_LA_LosAngeles
06037481500,1697,06037_LA_LosAngeles
06037481603,771,06037_LA_LosAngeles
06037481604,1008,06037_LA_LosAngeles
06037481605,141,06037_LA_LosAngeles
06037481606,1918,06037_LA_LosAngeles
06037481711,1407,06037_LA_LosAngeles
06037481712,918,06037_LA_LosAngeles
06037481713,1642,06037_LA_LosAngeles
06037481714,1437,06037_LA_LosAngeles
06037481800,109,06037_LA_LosAngeles
06037481901,799,06037_LA_LosAngeles
06037481902,210,06037_LA_LosAngeles
06037482001,5000,06037_LA_LosAngeles
06037482002,3600,06037_LA_LosAngeles
06037482101,1216,06037_LA_LosAngeles
06037482102,1047,06037_LA_LosAngeles
06037482201,1354,06037_LA_LosAngeles
06037482202,563,06037_LA_LosAngeles
06037482301,489,06037_LA_LosAngeles
06037482303,501,06037_LA_LosAngeles
06037482304,636,06037_LA_LosAngeles
06037482401,657,06037_LA_LosAngeles
06037482403,1352,06037_LA_LosAngeles
06037482404,1544,06037_LA_LosAngeles
06037482502,417,06037_LA_LosAngeles
06037482503,999,06037_LA_LosAngeles
06037482521,823,06037_LA_LosAngeles
06037482522,589,06037_LA_LosAngeles
06037482600,519,06037_LA_LosAngeles
06037482701,1776,06037_LA_LosAngeles
06037482702,151,06037_LA_LosAngeles
06037482801,6093,06037_LA_LosAngeles
06037500100,360,06037_LA_LosAngeles
06037500202,2561,06037_LA_LosAngeles
06037500203,1160,06037_LA_LosAngeles
06037500204,321,06037_LA_LosAngeles
06037500300,6214,06037_LA_LosAngeles
06037500402,1549,06037_LA_LosAngeles
06037500403,590,06037_LA_LosAngeles
06037500404,256,06037_LA_LosAngeles
06037500500,149,06037_LA_LosAngeles
06037500600,528,06037_LA_LosAngeles
06037500700,2774,06037_LA_LosAngeles
06037500800,1095,06037_LA_LosAngeles
06037500900,1126,06037_LA_LosAngeles
06037501001,234,06037_LA_LosAngeles
06037501002,772,06037_LA_LosAngeles
06037501200,486,06037_LA_LosAngeles
06037501301,166,06037_LA_LosAngeles
06037501302,325,06037_LA_LosAngeles
06037501400,2162,06037_LA_LosAngeles
06037501501,111,06037_LA_LosAngeles
06037501503,421,06037_LA_LosAngeles
06037501504,4293,06037_LA_LosAngeles
06037501600,1212,06037_LA_LosAngeles
06037501700,535,06037_LA_LosAngeles
06037501802,887,06037_LA_LosAngeles
06037501803,777,06037_LA_LosAngeles
06037501804,1813,06037_LA_LosAngeles
06037501900,1786,06037_LA_LosAngeles
06037502003,321,06037_LA_LosAngeles
06037502004,1397,06037_LA_LosAngeles
06037502005,508,06037_LA_LosAngeles
06037502100,6410,06037_LA_LosAngeles
06037502200,780,06037_LA_LosAngeles
06037502303,1880,06037_LA_LosAngeles
06037502401,564,06037_LA_LosAngeles
06037502402,132,06037_LA_LosAngeles
06037502500,7985,06037_LA_LosAngeles
06037502602,1281,06037_LA_LosAngeles
06037502603,419,06037_LA_LosAngeles
06037502604,335,06037_LA_LosAngeles
06037502700,16816,06037_LA_LosAngeles
06037502801,1318,06037_LA_LosAngeles
06037502901,567,06037_LA_LosAngeles
06037503000,666,06037_LA_LosAngeles
06037503103,260,06037_LA_LosAngeles
06037503104,183,06037_LA_LosAngeles
06037503105,258,06037_LA_LosAngeles
06037503106,325,06037_LA_LosAngeles
06037503201,392,06037_LA_LosAngeles
06037503202,443,06037_LA_LosAngeles
06037503301,424,06037_LA_LosAngeles
06037503302,606,06037_LA_LosAngeles
06037503401,1037,06037_LA_LosAngeles
06037503402,2024,06037_LA_LosAngeles
06037503501,462,06037_LA_LosAngeles
06037503502,340,06037_LA_LosAngeles
06037503601,1262,06037_LA_LosAngeles
06037503602,1579,06037_LA_LosAngeles
06037503701,380,06037_LA_LosAngeles
06037503702,492,06037_LA_LosAngeles
06037503704,337,06037_LA_LosAngeles
06037503705,792,06037_LA_LosAngeles
06037503801,431,06037_LA_LosAngeles
06037503802,1109,06037_LA_LosAngeles
06037503901,139,06037_LA_LosAngeles
06037503902,12288,06037_LA_LosAngeles
06037504001,1935,06037_LA_LosAngeles
06037504002,297,06037_LA_LosAngeles
06037504101,831,06037_LA_LosAngeles
06037504200,30632,06037_LA_LosAngeles
06037530005,2044,06037_LA_LosAngeles
06037530006,1800,06037_LA_LosAngeles
06037530007,3207,06037_LA_LosAngeles
06037530101,2494,06037_LA_LosAngeles
06037530102,1849,06037_LA_LosAngeles
06037530202,1530,06037_LA_LosAngeles
06037530203,777,06037_LA_LosAngeles
06037530204,384,06037_LA_LosAngeles
06037530301,1238,06037_LA_LosAngeles
06037530302,715,06037_LA_LosAngeles
06037530400,6960,06037_LA_LosAngeles
06037530500,1108,06037_LA_LosAngeles
06037530603,1075,06037_LA_LosAngeles
06037530700,1044,06037_LA_LosAngeles
06037530801,194,06037_LA_LosAngeles
06037530802,130,06037_LA_LosAngeles
06037530901,261,06037_LA_LosAngeles
06037530902,312,06037_LA_LosAngeles
06037531000,833,06037_LA_LosAngeles
06037531101,1441,06037_LA_LosAngeles
06037531102,511,06037_LA_LosAngeles
06037531201,328,06037_LA_LosAngeles
06037531202,405,06037_LA_LosAngeles
06037531301,801,06037_LA_LosAngeles
06037531302,1700,06037_LA_LosAngeles
06037531502,417,06037_LA_LosAngeles
06037531503,160,06037_LA_LosAngeles
06037531504,412,06037_LA_LosAngeles
06037531602,346,06037_LA_LosAngeles
06037531603,338,06037_LA_LosAngeles
06037531604,311,06037_LA_LosAngeles
06037531701,1351,06037_LA_LosAngeles
06037531702,1028,06037_LA_LosAngeles
06037531800,360,06037_LA_LosAngeles
06037531901,1286,06037_LA_LosAngeles
06037531902,519,06037_LA_LosAngeles
06037532001,2469,06037_LA_LosAngeles
06037532002,1016,06037_LA_LosAngeles
06037532101,2048,06037_LA_LosAngeles
06037532102,385,06037_LA_LosAngeles
06037532200,4303,06037_LA_LosAngeles
06037532302,4744,06037_LA_LosAngeles
06037532303,30354,06037_LA_LosAngeles
06037532304,20519,06037_LA_LosAngeles
06037532500,3504,06037_LA_LosAngeles
06037532605,2279,06037_LA_LosAngeles
06037532606,314,06037_LA_LosAngeles
06037532607,2115,06037_LA_LosAngeles
06037532700,599,06037_LA_LosAngeles
06037532800,767,06037_LA_LosAngeles
06037532900,1028,06037_LA_LosAngeles
06037533001,199,06037_LA_LosAngeles
06037533002,78,06037_LA_LosAngeles
06037533103,1849,06037_LA_LosAngeles
06037533104,2062,06037_LA_LosAngeles
06037533105,53,06037_LA_LosAngeles
06037533108,1123,06037_LA_LosAngeles
06037533201,434,06037_LA_LosAngeles
06037533204,734,06037_LA_LosAngeles
06037533300,454,06037_LA_LosAngeles
06037533401,183,06037_LA_LosAngeles
06037533402,828,06037_LA_LosAngeles
06037533403,1224,06037_LA_LosAngeles
06037533501,417,06037_LA_LosAngeles
06037533504,207,06037_LA_LosAngeles
06037533601,751,06037_LA_LosAngeles
06037533602,699,06037_LA_LosAngeles
06037533603,1435,06037_LA_LosAngeles
06037533701,1969,06037_LA_LosAngeles
06037533702,256,06037_LA_LosAngeles
06037533703,482,06037_LA_LosAngeles
06037533803,835,06037_LA_LosAngeles
06037533804,258,06037_LA_LosAngeles
06037533805,304,06037_LA_LosAngeles
06037533806,173,06037_LA_LosAngeles
06037533901,500,06037_LA_LosAngeles
06037533902,837,06037_LA_LosAngeles
06037534001,892,06037_LA_LosAngeles
06037534002,1881,06037_LA_LosAngeles
06037534101,2094,06037_LA_LosAngeles
06037534102,1184,06037_LA_LosAngeles
06037534201,542,06037_LA_LosAngeles
06037534202,598,06037_LA_LosAngeles
06037534203,759,06037_LA_LosAngeles
06037534301,1300,06037_LA_LosAngeles
06037534302,199,06037_LA_LosAngeles
06037534403,75,06037_LA_LosAngeles
06037534404,1031,06037_LA_LosAngeles
06037534405,1192,06037_LA_LosAngeles
06037534406,277,06037_LA_LosAngeles
06037534501,401,06037_LA_LosAngeles
06037534502,234,06037_LA_LosAngeles
06037534700,91,06037_LA_LosAngeles
06037534802,429,06037_LA_LosAngeles
06037534803,670,06037_LA_LosAngeles
06037534804,175,06037_LA_LosAngeles
06037534900,1155,06037_LA_LosAngeles
06037535001,300,06037_LA_LosAngeles
06037535002,995,06037_LA_LosAngeles
06037535101,931,06037_LA_LosAngeles
06037535102,215,06037_LA_LosAngeles
06037535200,181,06037_LA_LosAngeles
06037535300,705,06037_LA_LosAngeles
06037535400,449,06037_LA_LosAngeles
06037535501,877,06037_LA_LosAngeles
06037535502,287,06037_LA_LosAngeles
06037535503,232,06037_LA_LosAngeles
06037535603,544,06037_LA_LosAngeles
06037535604,114,06037_LA_LosAngeles
06037535605,598,06037_LA_LosAngeles
06037535606,59,06037_LA_LosAngeles
06037535607,1030,06037_LA_LosAngeles
06037535701,394,06037_LA_LosAngeles
06037535702,1280,06037_LA_LosAngeles
06037535802,482,06037_LA_LosAngeles
06037535803,324,06037_LA_LosAngeles
06037535804,286,06037_LA_LosAngeles
06037535901,879,06037_LA_LosAngeles
06037535902,530,06037_LA_LosAngeles
06037536000,3503,06037_LA_LosAngeles
06037536102,4558,06037_LA_LosAngeles
06037536103,420,06037_LA_LosAngeles
06037536104,1736,06037_LA_LosAngeles
06037536201,1183,06037_LA_LosAngeles
06037536202,604,06037_LA_LosAngeles
06037540000,890,06037_LA_LosAngeles
06037540101,942,06037_LA_LosAngeles
06037540102,873,06037_LA_LosAngeles
06037540201,311,06037_LA_LosAngeles
06037540202,1152,06037_LA_LosAngeles
06037540203,3068,06037_LA_LosAngeles
06037540300,2533,06037_LA_LosAngeles
06037540400,192,06037_LA_LosAngeles
06037540501,1112,06037_LA_LosAngeles
06037540502,276,06037_LA_LosAngeles
06037540600,1091,06037_LA_LosAngeles
06037540700,3195,06037_LA_LosAngeles
06037540800,571,06037_LA_LosAngeles
06037540901,642,06037_LA_LosAngeles
06037540902,3466,06037_LA_LosAngeles
06037541003,16352,06037_LA_LosAngeles
06037541100,1264,06037_LA_LosAngeles
06037541200,2361,06037_LA_LosAngeles
06037541300,488,06037_LA_LosAngeles
06037541401,237,06037_LA_LosAngeles
06037541402,72,06037_LA_LosAngeles
06037541500,529,06037_LA_LosAngeles
06037541603,1692,06037_LA_LosAngeles
06037541604,925,06037_LA_LosAngeles
06037541605,605,06037_LA_LosAngeles
06037541606,202,06037_LA_LosAngeles
06037541700,402,06037_LA_LosAngeles
06037541801,224,06037_LA_LosAngeles
06037541802,233,06037_LA_LosAngeles
06037542000,397,06037_LA_LosAngeles
06037542103,133,06037_LA_LosAngeles
06037542104,183,06037_LA_LosAngeles
06037542105,153,06037_LA_LosAngeles
06037542106,619,06037_LA_LosAngeles
06037542200,474,06037_LA_LosAngeles
06037542401,2027,06037_LA_LosAngeles
06037542402,1727,06037_LA_LosAngeles
06037542501,188,06037_LA_LosAngeles
06037542502,1132,06037_LA_LosAngeles
06037542601,569,06037_LA_LosAngeles
06037542602,835,06037_LA_LosAngeles
06037542700,479,06037_LA_LosAngeles
06037542800,650,06037_LA_LosAngeles
06037542900,131,06037_LA_LosAngeles
06037543000,1336,06037_LA_LosAngeles
06037543100,3623,06037_LA_LosAngeles
06037543201,521,06037_LA_LosAngeles
06037543203,14418,06037_LA_LosAngeles
06037543304,447,06037_LA_LosAngeles
06037543305,15079,06037_LA_LosAngeles
06037543306,4102,06037_LA_LosAngeles
06037543321,8595,06037_LA_LosAngeles
06037543322,622,06037_LA_LosAngeles
06037543400,4397,06037_LA_LosAngeles
06037543501,3942,06037_LA_LosAngeles
06037543502,414,06037_LA_LosAngeles
06037543503,3042,06037_LA_LosAngeles
06037543601,195,06037_LA_LosAngeles
06037543603,792,06037_LA_LosAngeles
06037543605,1121,06037_LA_LosAngeles
06037543606,684,06037_LA_LosAngeles
06037543607,431,06037_LA_LosAngeles
06037543701,161,06037_LA_LosAngeles
06037543703,822,06037_LA_LosAngeles
06037543704,1461,06037_LA_LosAngeles
06037543705,251,06037_LA_LosAngeles
06037543801,303,06037_LA_LosAngeles
06037543803,1755,06037_LA_LosAngeles
06037543804,276,06037_LA_LosAngeles
06037543903,1276,06037_LA_LosAngeles
06037543905,3393,06037_LA_LosAngeles
06037544001,4727,06037_LA_LosAngeles
06037544002,4964,06037_LA_LosAngeles
06037550101,122,06037_LA_LosAngeles
06037550201,107,06037_LA_LosAngeles
06037550202,944,06037_LA_LosAngeles
06037550301,2017,06037_LA_LosAngeles
06037550501,602,06037_LA_LosAngeles
06037550502,958,06037_LA_LosAngeles
06037550601,1240,06037_LA_LosAngeles
06037550602,1833,06037_LA_LosAngeles
06037550700,610,06037_LA_LosAngeles
06037550801,1537,06037_LA_LosAngeles
06037550802,722,06037_LA_LosAngeles
06037550901,4782,06037_LA_LosAngeles
06037550902,1088,06037_LA_LosAngeles
06037551001,5969,06037_LA_LosAngeles
06037551002,297,06037_LA_LosAngeles
06037551101,7241,06037_LA_LosAngeles
06037551102,4044,06037_LA_LosAngeles
06037551201,554,06037_LA_LosAngeles
06037551203,381,06037_LA_LosAngeles
06037551204,196,06037_LA_LosAngeles
06037551300,6351,06037_LA_LosAngeles
06037551401,702,06037_LA_LosAngeles
06037551402,855,06037_LA_LosAngeles
06037551501,229,06037_LA_LosAngeles
06037551502,861,06037_LA_LosAngeles
06037551700,436,06037_LA_LosAngeles
06037551801,2836,06037_LA_LosAngeles
06037551802,519,06037_LA_LosAngeles
06037551900,687,06037_LA_LosAngeles
06037552001,581,06037_LA_LosAngeles
06037552002,989,06037_LA_LosAngeles
06037552100,1827,06037_LA_LosAngeles
06037552200,2420,06037_LA_LosAngeles
06037552301,869,06037_LA_LosAngeles
06037552302,588,06037_LA_LosAngeles
06037552400,1587,06037_LA_LosAngeles
06037552601,229,06037_LA_LosAngeles
06037552602,1297,06037_LA_LosAngeles
06037552700,549,06037_LA_LosAngeles
06037552800,1433,06037_LA_LosAngeles
06037552900,6293,06037_LA_LosAngeles
06037553000,1144,06037_LA_LosAngeles
06037553100,909,06037_LA_LosAngeles
06037553201,334,06037_LA_LosAngeles
06037553202,200,06037_LA_LosAngeles
06037553300,1076,06037_LA_LosAngeles
06037553400,469,06037_LA_LosAngeles
06037553502,2568,06037_LA_LosAngeles
06037553503,132,06037_LA_LosAngeles
06037553504,350,06037_LA_LosAngeles
06037553601,2791,06037_LA_LosAngeles
06037553602,248,06037_LA_LosAngeles
06037553701,1087,06037_LA_LosAngeles
06037553702,340,06037_LA_LosAngeles
06037553801,3235,06037_LA_LosAngeles
06037553802,3925,06037_LA_LosAngeles
06037553901,1936,06037_LA_LosAngeles
06037553902,1678,06037_LA_LosAngeles
06037554001,5050,06037_LA_LosAngeles
06037554002,1186,06037_LA_LosAngeles
06037554101,430,06037_LA_LosAngeles
06037554105,269,06037_LA_LosAngeles
06037554106,659,06037_LA_LosAngeles
06037554201,1669,06037_LA_LosAngeles
06037554203,562,06037_LA_LosAngeles
06037554204,811,06037_LA_LosAngeles
06037554301,554,06037_LA_LosAngeles
06037554302,596,06037_LA_LosAngeles
06037554403,1078,06037_LA_LosAngeles
06037554404,658,06037_LA_LosAngeles
06037554405,2519,06037_LA_LosAngeles
06037554406,708,06037_LA_LosAngeles
06037554511,4232,06037_LA_LosAngeles
06037554512,14080,06037_LA_LosAngeles
06037554513,119,06037_LA_LosAngeles
06037554514,2789,06037_LA_LosAngeles
06037554515,1484,06037_LA_LosAngeles
06037554516,669,06037_LA_LosAngeles
06037554517,1571,06037_LA_LosAngeles
06037554518,918,06037_LA_LosAngeles
06037554519,528,06037_LA_LosAngeles
06037554521,12296,06037_LA_LosAngeles
06037554522,1915,06037_LA_LosAngeles
06037554600,232,06037_LA_LosAngeles
06037554700,517,06037_LA_LosAngeles
06037554801,1141,06037_LA_LosAngeles
06037554802,3393,06037_LA_LosAngeles
06037554900,2132,06037_LA_LosAngeles
06037555001,516,06037_LA_LosAngeles
06037555002,343,06037_LA_LosAngeles
06037555105,476,06037_LA_LosAngeles
06037555106,1424,06037_LA_LosAngeles
06037555107,339,06037_LA_LosAngeles
06037555202,378,06037_LA_LosAngeles
06037555211,445,06037_LA_LosAngeles
06037555212,385,06037_LA_LosAngeles
06037555300,3004,06037_LA_LosAngeles
06037570001,681,06037_LA_LosAngeles
06037570002,223,06037_LA_LosAngeles
06037570003,380,06037_LA_LosAngeles
06037570100,2885,06037_LA_LosAngeles
06037570202,572,06037_LA_LosAngeles
06037570203,2318,06037_LA_LosAngeles
06037570204,493,06037_LA_LosAngeles
06037570303,144,06037_LA_LosAngeles
06037570304,215,06037_LA_LosAngeles
06037570305,307,06037_LA_LosAngeles
06037570306,137,06037_LA_LosAngeles
06037570402,455,06037_LA_LosAngeles
06037570403,448,06037_LA_LosAngeles
06037570404,83,06037_LA_LosAngeles
06037570502,2197,06037_LA_LosAngeles
06037570503,213,06037_LA_LosAngeles
06037570504,413,06037_LA_LosAngeles
06037570601,388,06037_LA_LosAngeles
06037570602,444,06037_LA_LosAngeles
06037570603,1414,06037_LA_LosAngeles
06037570701,3418,06037_LA_LosAngeles
06037570703,305,06037_LA_LosAngeles
06037570800,5328,06037_LA_LosAngeles
06037570901,1073,06037_LA_LosAngeles
06037570902,369,06037_LA_LosAngeles
06037571000,831,06037_LA_LosAngeles
06037571101,478,06037_LA_LosAngeles
06037571102,1188,06037_LA_LosAngeles
06037571201,744,06037_LA_LosAngeles
06037571202,313,06037_LA_LosAngeles
06037571300,371,06037_LA_LosAngeles
06037571400,2306,06037_LA_LosAngeles
06037571502,2117,06037_LA_LosAngeles
06037571504,687,06037_LA_LosAngeles
06037571505,99,06037_LA_LosAngeles
06037571600,142,06037_LA_LosAngeles
06037571701,472,06037_LA_LosAngeles
06037571703,365,06037_LA_LosAngeles
06037571704,290,06037_LA_LosAngeles
06037571800,2787,06037_LA_LosAngeles
06037571900,2399,06037_LA_LosAngeles
06037572001,2495,06037_LA_LosAngeles
06037572201,1096,06037_LA_LosAngeles
06037572202,7705,06037_LA_LosAngeles
06037572301,198,06037_LA_LosAngeles
06037572500,281,06037_LA_LosAngeles
06037572600,476,06037_LA_LosAngeles
06037572700,464,06037_LA_LosAngeles
06037573002,344,06037_LA_LosAngeles
06037573003,53,06037_LA_LosAngeles
06037573004,243,06037_LA_LosAngeles
06037573101,630,06037_LA_LosAngeles
06037573102,187,06037_LA_LosAngeles
06037573201,795,06037_LA_LosAngeles
06037573202,496,06037_LA_LosAngeles
06037573300,499,06037_LA_LosAngeles
06037573401,2763,06037_LA_LosAngeles
06037573402,8834,06037_LA_LosAngeles
06037573403,4363,06037_LA_LosAngeles
06037573601,3267,06037_LA_LosAngeles
06037573700,609,06037_LA_LosAngeles
06037573800,336,06037_LA_LosAngeles
06037573902,162,06037_LA_LosAngeles
06037574000,832,06037_LA_LosAngeles
06037574100,689,06037_LA_LosAngeles
06037574201,487,06037_LA_LosAngeles
06037574202,3530,06037_LA_LosAngeles
06037574300,2081,06037_LA_LosAngeles
06037574400,815,06037_LA_LosAngeles
06037574500,563,06037_LA_LosAngeles
06037574602,565,06037_LA_LosAngeles
06037574800,3409,06037_LA_LosAngeles
06037574901,1352,06037_LA_LosAngeles
06037574902,1834,06037_LA_LosAngeles
06037575001,404,06037_LA_LosAngeles
06037575002,3122,06037_LA_LosAngeles
06037575101,432,06037_LA_LosAngeles
06037575102,527,06037_LA_LosAngeles
06037575103,739,06037_LA_LosAngeles
06037575201,622,06037_LA_LosAngeles
06037575202,1051,06037_LA_LosAngeles
06037575300,600,06037_LA_LosAngeles
06037575401,1750,06037_LA_LosAngeles
06037575402,390,06037_LA_LosAngeles
06037575801,167,06037_LA_LosAngeles
06037575802,163,06037_LA_LosAngeles
06037575803,419,06037_LA_LosAngeles
06037575901,198,06037_LA_LosAngeles
06037575902,862,06037_LA_LosAngeles
06037576001,23473,06037_LA_LosAngeles
06037576200,3398,06037_LA_LosAngeles
06037576301,3141,06037_LA_LosAngeles
06037576302,360,06037_LA_LosAngeles
06037576401,337,06037_LA_LosAngeles
06037576402,389,06037_LA_LosAngeles
06037576403,304,06037_LA_LosAngeles
06037576501,453,06037_LA_LosAngeles
06037576502,399,06037_LA_LosAngeles
06037576503,438,06037_LA_LosAngeles
06037576601,162,06037_LA_LosAngeles
06037576602,382,06037_LA_LosAngeles
06037576700,562,06037_LA_LosAngeles
06037576801,649,06037_LA_LosAngeles
06037576802,492,06037_LA_LosAngeles
06037576901,525,06037_LA_LosAngeles
06037576903,657,06037_LA_LosAngeles
06037576904,184,06037_LA_LosAngeles
06037577000,1073,06037_LA_LosAngeles
06037577100,1731,06037_LA_LosAngeles
06037577200,1220,06037_LA_LosAngeles
06037577300,1556,06037_LA_LosAngeles
06037577400,810,06037_LA_LosAngeles
06037577501,653,06037_LA_LosAngeles
06037577504,164,06037_LA_LosAngeles
06037577602,362,06037_LA_LosAngeles
06037577604,2275,06037_LA_LosAngeles
06037577605,509,06037_LA_LosAngeles
06037577606,400,06037_LA_LosAngeles
06037577700,581,06037_LA_LosAngeles
06037577800,1014,06037_LA_LosAngeles
06037577900,3507,06037_LA_LosAngeles
06037578000,1341,06037_LA_LosAngeles
06037578100,5157,06037_LA_LosAngeles
06037599000,1798,06037_LA_LosAngeles
06037599100,257,06037_LA_LosAngeles
06037600100,527,06037_LA_LosAngeles
06037600201,395,06037_LA_LosAngeles
06037600202,397,06037_LA_LosAngeles
06037600302,369,06037_LA_LosAngeles
06037600303,232,06037_LA_LosAngeles
06037600304,266,06037_LA_LosAngeles
06037600400,434,06037_LA_LosAngeles
06037600501,734,06037_LA_LosAngeles
06037600601,171,06037_LA_LosAngeles
06037600602,1665,06037_LA_LosAngeles
06037600702,3096,06037_LA_LosAngeles
06037600703,497,06037_LA_LosAngeles
06037600704,299,06037_LA_LosAngeles
06037600801,322,06037_LA_LosAngeles
06037600802,368,06037_LA_LosAngeles
06037600902,1283,06037_LA_LosAngeles
06037600911,331,06037_LA_LosAngeles
06037600912,191,06037_LA_LosAngeles
06037601001,2000,06037_LA_LosAngeles
06037601002,459,06037_LA_LosAngeles
06037601100,2030,06037_LA_LosAngeles
06037601202,307,06037_LA_LosAngeles
06037601211,2154,06037_LA_LosAngeles
06037601212,370,06037_LA_LosAngeles
06037601301,592,06037_LA_LosAngeles
06037601302,4102,06037_LA_LosAngeles
06037601303,638,06037_LA_LosAngeles
06037601401,5549,06037_LA_LosAngeles
06037601402,830,06037_LA_LosAngeles
06037601501,577,06037_LA_LosAngeles
06037601502,439,06037_LA_LosAngeles
06037601600,678,06037_LA_LosAngeles
06037601700,504,06037_LA_LosAngeles
06037601801,708,06037_LA_LosAngeles
06037601802,282,06037_LA_LosAngeles
06037601900,483,06037_LA_LosAngeles
06037602002,274,06037_LA_LosAngeles
06037602003,251,06037_LA_LosAngeles
06037602103,1577,06037_LA_LosAngeles
06037602104,647,06037_LA_LosAngeles
06037602105,598,06037_LA_LosAngeles
06037602106,1184,06037_LA_LosAngeles
06037602201,1694,06037_LA_LosAngeles
06037602202,129,06037_LA_LosAngeles
06037602301,3257,06037_LA_LosAngeles
06037602302,3549,06037_LA_LosAngeles
06037602402,1450,06037_LA_LosAngeles
06037602403,1867,06037_LA_LosAngeles
06037602404,749,06037_LA_LosAngeles
06037602504,188,06037_LA_LosAngeles
06037602505,342,06037_LA_LosAngeles
06037602506,263,06037_LA_LosAngeles
06037602507,343,06037_LA_LosAngeles
06037602510,301,06037_LA_LosAngeles
06037602511,378,06037_LA_LosAngeles
06037602512,142,06037_LA_LosAngeles
06037602513,9735,06037_LA_LosAngeles
06037602601,768,06037_LA_LosAngeles
06037602602,998,06037_LA_LosAngeles
06037602700,2733,06037_LA_LosAngeles
06037602801,763,06037_LA_LosAngeles
06037602802,503,06037_LA_LosAngeles
06037602900,6536,06037_LA_LosAngeles
06037603004,1084,06037_LA_LosAngeles
06037603005,324,06037_LA_LosAngeles
06037603006,2061,06037_LA_LosAngeles
06037603007,644,06037_LA_LosAngeles
06037603008,528,06037_LA_LosAngeles
06037603101,1769,06037_LA_LosAngeles
06037603102,841,06037_LA_LosAngeles
06037603200,1659,06037_LA_LosAngeles
06037603301,1645,06037_LA_LosAngeles
06037603302,2639,06037_LA_LosAngeles
06037603400,1320,06037_LA_LosAngeles
06037603500,582,06037_LA_LosAngeles
06037603600,602,06037_LA_LosAngeles
06037603702,2118,06037_LA_LosAngeles
06037603703,354,06037_LA_LosAngeles
06037603705,209,06037_LA_LosAngeles
06037603706,262,06037_LA_LosAngeles
06037603801,962,06037_LA_LosAngeles
06037603802,698,06037_LA_LosAngeles
06037603901,905,06037_LA_LosAngeles
06037603902,1362,06037_LA_LosAngeles
06037604001,701,06037_LA_LosAngeles
06037604002,434,06037_LA_LosAngeles
06037604101,274,06037_LA_LosAngeles
06037604102,307,06037_LA_LosAngeles
06037604200,1505,06037_LA_LosAngeles
06037609900,554,06037_LA_LosAngeles
06037620001,3629,06037_LA_LosAngeles
06037620002,4976,06037_LA_LosAngeles
06037620101,642,06037_LA_LosAngeles
06037620102,4093,06037_LA_LosAngeles
06037620201,225,06037_LA_LosAngeles
06037620301,401,06037_LA_LosAngeles
06037620303,1516,06037_LA_LosAngeles
06037620305,2587,06037_LA_LosAngeles
06037620400,8062,06037_LA_LosAngeles
06037620501,11332,06037_LA_LosAngeles
06037620521,458,06037_LA_LosAngeles
06037620522,386,06037_LA_LosAngeles
06037620601,2782,06037_LA_LosAngeles
06037620602,1047,06037_LA_LosAngeles
06037620701,1174,06037_LA_LosAngeles
06037620703,299,06037_LA_LosAngeles
06037620704,111,06037_LA_LosAngeles
06037620801,688,06037_LA_LosAngeles
06037620802,2941,06037_LA_LosAngeles
06037620901,1432,06037_LA_LosAngeles
06037620904,1977,06037_LA_LosAngeles
06037621001,2827,06037_LA_LosAngeles
06037621005,1774,06037_LA_LosAngeles
06037621102,783,06037_LA_LosAngeles
06037621104,2402,06037_LA_LosAngeles
06037621201,1566,06037_LA_LosAngeles
06037621204,2986,06037_LA_LosAngeles
06037621301,1417,06037_LA_LosAngeles
06037621324,1128,06037_LA_LosAngeles
06037621326,2526,06037_LA_LosAngeles
06037621400,904,06037_LA_LosAngeles
06037650001,738,06037_LA_LosAngeles
06037650003,153,06037_LA_LosAngeles
06037650004,228,06037_LA_LosAngeles
06037650101,1594,06037_LA_LosAngeles
06037650102,599,06037_LA_LosAngeles
06037650200,3226,06037_LA_LosAngeles
06037650300,2088,06037_LA_LosAngeles
06037650401,8346,06037_LA_LosAngeles
06037650501,466,06037_LA_LosAngeles
06037650502,647,06037_LA_LosAngeles
06037650603,398,06037_LA_LosAngeles
06037650604,1412,06037_LA_LosAngeles
06037650605,375,06037_LA_LosAngeles
06037650606,6280,06037_LA_LosAngeles
06037650607,1814,06037_LA_LosAngeles
06037650701,10466,06037_LA_LosAngeles
06037650702,393,06037_LA_LosAngeles
06037650801,1180,06037_LA_LosAngeles
06037650802,99,06037_LA_LosAngeles
06037650901,18908,06037_LA_LosAngeles
06037650903,2199,06037_LA_LosAngeles
06037650904,1342,06037_LA_LosAngeles
06037651001,383,06037_LA_LosAngeles
06037651002,843,06037_LA_LosAngeles
06037651101,23413,06037_LA_LosAngeles
06037651102,880,06037_LA_LosAngeles
06037651201,470,06037_LA_LosAngeles
06037651221,2180,06037_LA_LosAngeles
06037651222,1741,06037_LA_LosAngeles
06037651302,857,06037_LA_LosAngeles
06037651304,992,06037_LA_LosAngeles
06037651401,258,06037_LA_LosAngeles
06037651402,1700,06037_LA_LosAngeles
06037670001,724,06037_LA_LosAngeles
06037670002,726,06037_LA_LosAngeles
06037670003,1273,06037_LA_LosAngeles
06037670101,594,06037_LA_LosAngeles
06037670102,477,06037_LA_LosAngeles
06037670201,878,06037_LA_LosAngeles
06037670202,483,06037_LA_LosAngeles
06037670324,1610,06037_LA_LosAngeles
06037670326,385,06037_LA_LosAngeles
06037670328,717,06037_LA_LosAngeles
06037670405,988,06037_LA_LosAngeles
06037670406,151,06037_LA_LosAngeles
06037670407,377,06037_LA_LosAngeles
06037670413,253,06037_LA_LosAngeles
06037670416,485,06037_LA_LosAngeles
06037670417,2463,06037_LA_LosAngeles
06037670418,322,06037_LA_LosAngeles
06037670500,243,06037_LA_LosAngeles
06037670603,174,06037_LA_LosAngeles
06037670604,1857,06037_LA_LosAngeles
06037670701,1287,06037_LA_LosAngeles
06037670702,470,06037_LA_LosAngeles
06037700101,2024,06037_LA_LosAngeles
06037700102,2415,06037_LA_LosAngeles
06037700200,2365,06037_LA_LosAngeles
06037700300,3654,06037_LA_LosAngeles
06037700400,8910,06037_LA_LosAngeles
06037700501,8111,06037_LA_LosAngeles
06037700502,5506,06037_LA_LosAngeles
06037700600,869,06037_LA_LosAngeles
06037700700,2030,06037_LA_LosAngeles
06037700801,22567,06037_LA_LosAngeles
06037700802,7987,06037_LA_LosAngeles
06037700901,5722,06037_LA_LosAngeles
06037700902,7536,06037_LA_LosAngeles
06037701000,7386,06037_LA_LosAngeles
06037701201,880,06037_LA_LosAngeles
06037701202,573,06037_LA_LosAngeles
06037701302,1081,06037_LA_LosAngeles
06037701304,1486,06037_LA_LosAngeles
06037701402,4151,06037_LA_LosAngeles
06037701501,1864,06037_LA_LosAngeles
06037701502,3145,06037_LA_LosAngeles
06037701601,2179,06037_LA_LosAngeles
06037701602,5445,06037_LA_LosAngeles
06037701701,6107,06037_LA_LosAngeles
06037701702,3519,06037_LA_LosAngeles
06037701801,15606,06037_LA_LosAngeles
06037701802,2933,06037_LA_LosAngeles
06037701902,22764,06037_LA_LosAngeles
06037702002,2728,06037_LA_LosAngeles
06037702102,1900,06037_LA_LosAngeles
06037702201,3462,06037_LA_LosAngeles
06037702202,896,06037_LA_LosAngeles
06037702300,8446,06037_LA_LosAngeles
06037702400,17556,06037_LA_LosAngeles
06037702501,2136,06037_LA_LosAngeles
06037702502,14986,06037_LA_LosAngeles
06037702600,3704,06037_LA_LosAngeles
06037702700,1310,06037_LA_LosAngeles
06037702801,3993,06037_LA_LosAngeles
06037702802,1077,06037_LA_LosAngeles
06037702803,3061,06037_LA_LosAngeles
06037702900,5457,06037_LA_LosAngeles
06037703002,3652,06037_LA_LosAngeles
06037703003,28825,06037_LA_LosAngeles
06037703100,719,06037_LA_LosAngeles
06037703200,948,06037_LA_LosAngeles
06037800101,1712,06037_LA_LosAngeles
06037800103,524,06037_LA_LosAngeles
06037800104,522,06037_LA_LosAngeles
06037800202,2093,06037_LA_LosAngeles
06037800204,7641,06037_LA_LosAngeles
06037800205,928,06037_LA_LosAngeles
06037800206,2503,06037_LA_LosAngeles
06037800324,4482,06037_LA_LosAngeles
06037800325,1621,06037_LA_LosAngeles
06037800328,477,06037_LA_LosAngeles
06037800333,1723,06037_LA_LosAngeles
06037800334,362,06037_LA_LosAngeles
06037800335,7248,06037_LA_LosAngeles
06037800336,2924,06037_LA_LosAngeles
06037800337,5616,06037_LA_LosAngeles
06037800338,6714,06037_LA_LosAngeles
06037800406,886,06037_LA_LosAngeles
06037800410,1835,06037_LA_LosAngeles
06037800411,621,06037_LA_LosAngeles
06037800412,1168,06037_LA_LosAngeles
06037800504,3674,06037_LA_LosAngeles
06037800506,622,06037_LA_LosAngeles
06037900102,654,06037_LA_LosAngeles
06037900103,295,06037_LA_LosAngeles
06037900104,425,06037_LA_LosAngeles
06037900301,256,06037_LA_LosAngeles
06037900501,1367,06037_LA_LosAngeles
06037900504,4805,06037_LA_LosAngeles
06037900505,501,06037_LA_LosAngeles
06037900506,447,06037_LA_LosAngeles
06037900508,383,06037_LA_LosAngeles
06037900509,237,06037_LA_LosAngeles
06037900510,206,06037_LA_LosAngeles
06037900602,833,06037_LA_LosAngeles
06037900606,812,06037_LA_LosAngeles
06037900607,630,06037_LA_LosAngeles
06037900608,250,06037_LA_LosAngeles
06037900609,740,06037_LA_LosAngeles
06037900610,229,06037_LA_LosAngeles
06037900611,151,06037_LA_LosAngeles
06037900701,1764,06037_LA_LosAngeles
06037900703,5664,06037_LA_LosAngeles
06037900704,3171,06037_LA_LosAngeles
06037900705,3621,06037_LA_LosAngeles
06037900804,473,06037_LA_LosAngeles
06037900805,2941,06037_LA_LosAngeles
06037900806,3956,06037_LA_LosAngeles
06037900807,1964,06037_LA_LosAngeles
06037900808,255,06037_LA_LosAngeles
06037900901,2453,06037_LA_LosAngeles
06037900902,256,06037_LA_LosAngeles
06037901003,1853,06037_LA_LosAngeles
06037901007,247,06037_LA_LosAngeles
06037901008,1773,06037_LA_LosAngeles
06037901009,798,06037_LA_LosAngeles
06037901010,353,06037_LA_LosAngeles
06037901011,1078,06037_LA_LosAngeles
06037901012,234,06037_LA_LosAngeles
06037901013,1279,06037_LA_LosAngeles
06037901014,435,06037_LA_LosAngeles
06037901101,596,06037_LA_LosAngeles
06037901102,718,06037_LA_LosAngeles
06037901209,529,06037_LA_LosAngeles
06037901210,65,06037_LA_LosAngeles
06037901214,186,06037_LA_LosAngeles
06037901215,475,06037_LA_LosAngeles
06037901216,362,06037_LA_LosAngeles
06037901217,98,06037_LA_LosAngeles
06037901218,150,06037_LA_LosAngeles
06037901300,684,06037_LA_LosAngeles
06037910002,692,06037_LA_LosAngeles
06037910210,532,06037_LA_LosAngeles
06037910211,86,06037_LA_LosAngeles
06037910212,308,06037_LA_LosAngeles
06037910213,288,06037_LA_LosAngeles
06037910214,637,06037_LA_LosAngeles
06037910215,2304,06037_LA_LosAngeles
06037910216,1481,06037_LA_LosAngeles
06037910217,225,06037_LA_LosAngeles
06037910218,7818,06037_LA_LosAngeles
06037910301,841,06037_LA_LosAngeles
06037910302,638,06037_LA_LosAngeles
06037910401,2216,06037_LA_LosAngeles
06037910404,233,06037_LA_LosAngeles
06037910405,1253,06037_LA_LosAngeles
06037910501,1175,06037_LA_LosAngeles
06037910502,900,06037_LA_LosAngeles
06037910504,223,06037_LA_LosAngeles
06037910505,144,06037_LA_LosAngeles
06037910601,654,06037_LA_LosAngeles
06037910602,1373,06037_LA_LosAngeles
06037910605,351,06037_LA_LosAngeles
06037910606,207,06037_LA_LosAngeles
06037910607,180,06037_LA_LosAngeles
06037910608,630,06037_LA_LosAngeles
06037910706,1188,06037_LA_LosAngeles
06037910707,271,06037_LA_LosAngeles
06037910709,149,06037_LA_LosAngeles
06037910712,369,06037_LA_LosAngeles
06037910713,625,06037_LA_LosAngeles
06037910714,276,06037_LA_LosAngeles
06037910715,288,06037_LA_LosAngeles
06037910716,288,06037_LA_LosAngeles
06037910717,429,06037_LA_LosAngeles
06037910718,291,06037_LA_LosAngeles
06037910719,154,06037_LA_LosAngeles
06037910720,372,06037_LA_LosAngeles
06037910721,761,06037_LA_LosAngeles
06037910804,573,06037_LA_LosAngeles
06037910807,278,06037_LA_LosAngeles
06037910808,269,06037_LA_LosAngeles
06037910809,530,06037_LA_LosAngeles
06037910810,171,06037_LA_LosAngeles
06037910814,811,06037_LA_LosAngeles
06037910815,876,06037_LA_LosAngeles
06037911001,494,06037_LA_LosAngeles
06037911100,2661,06037_LA_LosAngeles
06037920013,1077,06037_LA_LosAngeles
06037920015,309,06037_LA_LosAngeles
06037920016,237,06037_LA_LosAngeles
06037920017,676,06037_LA_LosAngeles
06037920018,230,06037_LA_LosAngeles
06037920020,526,06037_LA_LosAngeles
06037920028,222,06037_LA_LosAngeles
06037920029,394,06037_LA_LosAngeles
06037920030,1830,06037_LA_LosAngeles
06037920031,1390,06037_LA_LosAngeles
06037920034,526,06037_LA_LosAngeles
06037920035,1849,06037_LA_LosAngeles
06037920038,410,06037_LA_LosAngeles
06037920039,105,06037_LA_LosAngeles
06037920040,323,06037_LA_LosAngeles
06037920041,548,06037_LA_LosAngeles
06037920042,1358,06037_LA_LosAngeles
06037920043,1383,06037_LA_LosAngeles
06037920044,456,06037_LA_LosAngeles
06037920045,93,06037_LA_LosAngeles
06037920046,185,06037_LA_LosAngeles
06037920047,129,06037_LA_LosAngeles
06037920048,2555,06037_LA_LosAngeles
06037920049,521,06037_LA_LosAngeles
06037920050,227,06037_LA_LosAngeles
06037920102,1176,06037_LA_LosAngeles
06037920104,190,06037_LA_LosAngeles
06037920106,8534,06037_LA_LosAngeles
06037920109,267,06037_LA_LosAngeles
06037920110,131,06037_LA_LosAngeles
06037920111,492,06037_LA_LosAngeles
06037920112,693,06037_LA_LosAngeles
06037920114,2658,06037_LA_LosAngeles
06037920115,3935,06037_LA_LosAngeles
06037920116,178,06037_LA_LosAngeles
06037920118,373,06037_LA_LosAngeles
06037920119,172,06037_LA_LosAngeles
06037920120,398,06037_LA_LosAngeles
06037920121,18407,06037_LA_LosAngeles
06037920200,8,06037_LA_LosAngeles
06037920303,278,06037_LA_LosAngeles
06037920312,2553,06037_LA_LosAngeles
06037920313,1459,06037_LA_LosAngeles
06037920314,4239,06037_LA_LosAngeles
06037920322,774,06037_LA_LosAngeles
06037920326,3590,06037_LA_LosAngeles
06037920328,4694,06037_LA_LosAngeles
06037920329,4645,06037_LA_LosAngeles
06037920330,4313,06037_LA_LosAngeles
06037920331,222,06037_LA_LosAngeles
06037920332,952,06037_LA_LosAngeles
06037920334,1615,06037_LA_LosAngeles
06037920338,386,06037_LA_LosAngeles
06037920339,4080,06037_LA_LosAngeles
06037920340,884,06037_LA_LosAngeles
06037920341,1547,06037_LA_LosAngeles
06037920342,273,06037_LA_LosAngeles
06037920343,139,06037_LA_LosAngeles
06037930400,760,06037_LA_LosAngeles
06037980001,2979,06037_LA_LosAngeles
06037980002,2140,06037_LA_LosAngeles
06037980003,9,06037_LA_LosAngeles
06037980004,8043,06037_LA_LosAngeles
06037980005,3544,06037_LA_LosAngeles
06037980006,2121,06037_LA_LosAngeles
06037980007,1068,06037_LA_LosAngeles
06037980008,7642,06037_LA_LosAngeles
06037980009,836,06037_LA_LosAngeles
06037980010,270,06037_LA_LosAngeles
06037980011,2792,06037_LA_LosAngeles
06037980012,1041,06037_LA_LosAngeles
06037980013,58950,06037_LA_LosAngeles
06037980014,2659,06037_LA_LosAngeles
06037980015,908,06037_LA_LosAngeles
06037980016,38442,06037_LA_LosAngeles
06037980017,10181,06037_LA_LosAngeles
06037980018,17779,06037_LA_LosAngeles
06037980019,240,06037_LA_LosAngeles
06037980021,55,06037_LA_LosAngeles
06037980022,150,06037_LA_LosAngeles
06037980023,21,06037_LA_LosAngeles
06037980024,1130,06037_LA_LosAngeles
06037980025,5238,06037_LA_LosAngeles
06037980026,11,06037_LA_LosAngeles
06037980028,47066,06037_LA_LosAngeles
06037980030,2271,06037_LA_LosAngeles
06037980031,10720,06037_LA_LosAngeles
06037980033,9914,06037_LA_LosAngeles
06037980034,15734,06037_LA_LosAngeles
06037980035,47551,06037_LA_LosAngeles
06037980036,228,06037_LA_LosAngeles
06037980037,72,06037_LA_LosAngeles
06037980038,275,06037_LA_LosAngeles
06037980039,821,06037_LA_LosAngeles
48453000101,4523,48453_Austin_Travis
48453000102,5247,48453_Austin_Travis
48453000203,17621,48453_Austin_Travis
48453000204,16660,48453_Austin_Travis
48453000205,3787,48453_Austin_Travis
48453000206,2492,48453_Austin_Travis
48453000302,2373,48453_Austin_Travis
48453000304,1264,48453_Austin_Travis
48453000305,3178,48453_Austin_Travis
48453000307,755,48453_Austin_Travis
48453000308,1338,48453_Austin_Travis
48453000309,4098,48453_Austin_Travis
48453000401,28539,48453_Austin_Travis
48453000402,2290,48453_Austin_Travis
48453000500,936,48453_Austin_Travis
48453000601,1522,48453_Austin_Travis
48453000605,5980,48453_Austin_Travis
48453000606,754,48453_Austin_Travis
48453000607,889,48453_Austin_Travis
48453000608,1295,48453_Austin_Travis
48453000700,30931,48453_Austin_Travis
48453000801,1619,48453_Austin_Travis
48453000802,366,48453_Austin_Travis
48453000803,658,48453_Austin_Travis
48453000804,569,48453_Austin_Travis
48453000901,1334,48453_Austin_Travis
48453000902,12144,48453_Austin_Travis
48453001000,2772,48453_Austin_Travis
48453001101,47100,48453_Austin_Travis
48453001102,21374,48453_Austin_Travis
48453001103,21601,48453_Austin_Travis
48453001200,27884,48453_Austin_Travis
48453001304,1672,48453_Austin_Travis
48453001307,1509,48453_Austin_Travis
48453001308,1250,48453_Austin_Travis
48453001309,5719,48453_Austin_Travis
48453001310,3630,48453_Austin_Travis
48453001311,5113,48453_Austin_Travis
48453001312,5071,48453_Austin_Travis
48453001401,7526,48453_Austin_Travis
48453001402,3606,48453_Austin_Travis
48453001403,1123,48453_Austin_Travis
48453001501,1951,48453_Austin_Travis
48453001503,15826,48453_Austin_Travis
48453001504,2937,48453_Austin_Travis
48453001505,2087,48453_Austin_Travis
48453001602,3182,48453_Austin_Travis
48453001603,1594,48453_Austin_Travis
48453001604,706,48453_Austin_Travis
48453001605,1043,48453_Austin_Travis
48453001606,234,48453_Austin_Travis
48453001910,8501,48453_Austin_Travis
48453001911,7941,48453_Austin_Travis
48453001912,8255,48453_Austin_Travis
48453001913,1011,48453_Austin_Travis
48453001914,1197,48453_Austin_Travis
48453001915,11320,48453_Austin_Travis
48453001916,3181,48453_Austin_Travis
48453001917,10530,48453_Austin_Travis
48453001918,7415,48453_Austin_Travis
48453001919,4978,48453_Austin_Travis
48453001920,6296,48453_Austin_Travis
48453001921,1268,48453_Austin_Travis
48453001922,2446,48453_Austin_Travis
48453001923,540,48453_Austin_Travis
48453002002,925,48453_Austin_Travis
48453002003,3420,48453_Austin_Travis
48453002004,3890,48453_Austin_Travis
48453002006,402,48453_Austin_Travis
48453002007,1171,48453_Austin_Travis
48453002104,433,48453_Austin_Travis
48453002105,2650,48453_Austin_Travis
48453002106,688,48453_Austin_Travis
48453002107,297,48453_Austin_Travis
48453002108,811,48453_Austin_Travis
48453002109,625,48453_Austin_Travis
48453002110,1066,48453_Austin_Travis
48453002111,4578,48453_Austin_Travis
48453002112,820,48453_Austin_Travis
48453002113,172,48453_Austin_Travis
48453002201,2071,48453_Austin_Travis
48453002211,653,48453_Austin_Travis
48453002213,373,48453_Austin_Travis
48453002214,3744,48453_Austin_Travis
48453002215,220,48453_Austin_Travis
48453002216,484,48453_Austin_Travis
48453002217,1421,48453_Austin_Travis
48453002218,1693,48453_Austin_Travis
48453002219,926,48453_Austin_Travis
48453002220,848,48453_Austin_Travis
48453002221,106,48453_Austin_Travis
48453002222,25,48453_Austin_Travis
48453002304,1613,48453_Austin_Travis
48453002307,6220,48453_Austin_Travis
48453002310,1665,48453_Austin_Travis
48453002313,2373,48453_Austin_Travis
48453002314,1659,48453_Austin_Travis
48453002315,209,48453_Austin_Travis
48453002316,734,48453_Austin_Travis
48453002319,80,48453_Austin_Travis
48453002320,2123,48453_Austin_Travis
48453002321,448,48453_Austin_Travis
48453002322,3718,48453_Austin_Travis
48453002323,2277,48453_Austin_Travis
48453002324,137,48453_Austin_Travis
48453002325,819,48453_Austin_Travis
48453002326,40,48453_Austin_Travis
48453002327,22,48453_Austin_Travis
48453002403,3868,48453_Austin_Travis
48453002407,1109,48453_Austin_Travis
48453002409,801,48453_Austin_Travis
48453002410,511,48453_Austin_Travis
48453002411,11049,48453_Austin_Travis
48453002412,32,48453_Austin_Travis
48453002413,377,48453_Austin_Travis
48453002419,603,48453_Austin_Travis
48453002422,2314,48453_Austin_Travis
48453002423,274,48453_Austin_Travis
48453002424,772,48453_Austin_Travis
48453002430,27,48453_Austin_Travis
48453002432,2659,48453_Austin_Travis
48453002434,497,48453_Austin_Travis
48453002436,1277,48453_Austin_Travis
48453002437,4070,48453_Austin_Travis
48453002438,739,48453_Austin_Travis
48453002439,50,48453_Austin_Travis
48453002440,256,48453_Austin_Travis
48453002441,1041,48453_Austin_Travis
48453002442,21,48453_Austin_Travis
48453002443,1502,48453_Austin_Travis
48453002444,1124,48453_Austin_Travis
48453002445,1606,48453_Austin_Travis
48453002446,247,48453_Austin_Travis
48453002447,4307,48453_Austin_Travis
48453002448,9128,48453_Austin_Travis
48453002449,744,48453_Austin_Travis
48453002450,420,48453_Austin_Travis
48453002451,738,48453_Austin_Travis
48453002452,197,48453_Austin_Travis
48453002453,3142,48453_Austin_Travis
48453002500,4700,48453_Austin_Travis
48453030000,2413,48453_Austin_Travis
48453030100,3882,48453_Austin_Travis
48453030200,7874,48453_Austin_Travis
48453030300,2363,48453_Austin_Travis
48453030400,1350,48453_Austin_Travis
48453030500,4030,48453_Austin_Travis
48453030600,5190,48453_Austin_Travis
48453030700,713,48453_Austin_Travis
48453030800,12408,48453_Austin_Travis
48453030900,1318,48453_Austin_Travis
48453031000,603,48453_Austin_Travis
48453031100,1028,48453_Austin_Travis
48453031200,2228,48453_Austin_Travis
48453031300,667,48453_Austin_Travis
48453031400,1331,48453_Austin_Travis
48453031500,3553,48453_Austin_Travis
48453031600,16427,48453_Austin_Travis
48453031700,1273,48453_Austin_Travis
48453031800,1708,48453_Austin_Travis
48453031900,1227,48453_Austin_Travis
48453032000,6917,48453_Austin_Travis
48453032100,4792,48453_Austin_Travis
48453032200,1399,48453_Austin_Travis
48453032300,7704,48453_Austin_Travis
48453032400,9303,48453_Austin_Travis
48453032500,8811,48453_Austin_Travis
48453032600,2689,48453_Austin_Travis
48453032700,325,48453_Austin_Travis
48453032800,1201,48453_Austin_Travis
48453032900,7340,48453_Austin_Travis
48453033000,1464,48453_Austin_Travis
48453033100,1122,48453_Austin_Travis
48453033200,1384,48453_Austin_Travis
48453033300,784,48453_Austin_Travis
48453033400,564,48453_Austin_Travis
48453033500,471,48453_Austin_Travis
48453033600,2902,48453_Austin_Travis
48453033700,414,48453_Austin_Travis
48453033800,340,48453_Austin_Travis
48453033900,1052,48453_Austin_Travis
48453034000,3839,48453_Austin_Travis
48453034100,1895,48453_Austin_Travis
48453034200,5976,48453_Austin_Travis
48453034300,445,48453_Austin_Travis
48453034400,1150,48453_Austin_Travis
48453034500,126,48453_Austin_Travis
48453034600,4168,48453_Austin_Travis
48453034700,1127,48453_Austin_Travis
48453034800,1334,48453_Austin_Travis
48453034900,960,48453_Austin_Travis
48453035000,5352,48453_Austin_Travis
48453035100,962,48453_Austin_Travis
48453035200,477,48453_Austin_Travis
48453035300,749,48453_Austin_Travis
48453035400,1148,48453_Austin_Travis
48453035500,143,48453_Austin_Travis
48453035600,653,48453_Austin_Travis
48453035700,734,48453_Austin_Travis
48453035800,3105,48453_Austin_Travis
48453035900,231,48453_Austin_Travis
48453036000,396,48453_Austin_Travis
48453036100,386,48453_Austin_Travis
48453036200,66,48453_Austin_Travis
48453036300,121,48453_Austin_Travis
48453036400,817,48453_Austin_Travis
48453036500,1962,48453_Austin_Travis
48453036600,2958,48453_Austin_Travis
48453036700,948,48453_Austin_Travis
48453036800,764,48453_Austin_Travis
48453036900,574,48453_Austin_Travis
48453037000,4517,48453_Austin_Travis
48453037100,200,48453_Austin_Travis
48453037200,355,48453_Austin_Travis
48453037300,417,48453_Austin_Travis
48453037400,238,48453_Austin_Travis
48453037500,479,48453_Austin_Travis
48453037600,453,48453_Austin_Travis
48453040000,5347,48453_Austin_Travis
48453040100,1741,48453_Austin_Travis
48453040200,1031,48453_Austin_Travis
48453040300,6929,48453_Austin_Travis
48453040400,7474,48453_Austin_Travis
48453040500,3360,48453_Austin_Travis
48453040600,720,48453_Austin_Travis
48453040700,3697,48453_Austin_Travis
48453040800,6987,48453_Austin_Travis
48453040900,1272,48453_Austin_Travis
48453041000,2304,48453_Austin_Travis
48453041100,494,48453_Austin_Travis
48453041200,1775,48453_Austin_Travis
48453041300,974,48453_Austin_Travis
48453041400,1578,48453_Austin_Travis
48453041500,1057,48453_Austin_Travis
48453041600,1440,48453_Austin_Travis
48453041700,1141,48453_Austin_Travis
48453041800,485,48453_Austin_Travis
48453041900,705,48453_Austin_Travis
48453042000,1398,48453_Austin_Travis
48453042100,2179,48453_Austin_Travis
48453042200,5035,48453_Austin_Travis
48453042300,323,48453_Austin_Travis
48453042400,5605,48453_Austin_Travis
48453042500,318,48453_Austin_Travis
48453042600,855,48453_Austin_Travis
48453042700,89,48453_Austin_Travis
48453042800,955,48453_Austin_Travis
48453042900,3348,48453_Austin_Travis
48453043000,5137,48453_Austin_Travis
48453043100,423,48453_Austin_Travis
48453043200,1091,48453_Austin_Travis
48453043300,187,48453_Austin_Travis
48453043400,4682,48453_Austin_Travis
48453043500,2238,48453_Austin_Travis
48453043600,13231,48453_Austin_Travis
48453043700,67,48453_Austin_Travis
48453043800,139,48453_Austin_Travis
48453043900,5457,48453_Austin_Travis
48453044000,5032,48453_Austin_Travis
48453044100,908,48453_Austin_Travis
48453044200,2675,48453_Austin_Travis
48453044300,409,48453_Austin_Travis
48453044400,194,48453_Austin_Travis
48453044500,5827,48453_Austin_Travis
48453044600,151,48453_Austin_Travis
48453044700,254,48453_Austin_Travis
48453044800,1114,48453_Austin_Travis
48453044900,5260,48453_Austin_Travis
48453045000,80,48453_Austin_Travis
48453045100,1060,48453_Austin_Travis
48453045200,181,48453_Austin_Travis
48453045300,11570,48453_Austin_Travis
48453045400,28702,48453_Austin_Travis
48453045500,141,48453_Austin_Travis
48453045600,3644,48453_Austin_Travis
48453045700,3158,48453_Austin_Travis
48453045800,313,48453_Austin_Travis
48453045900,386,48453_Austin_Travis
48453046000,890,48453_Austin_Travis
48453046100,2779,48453_Austin_Travis
48453046200,880,48453_Austin_Travis
48453046300,1378,48453_Austin_Travis
48453046400,1956,48453_Austin_Travis
48453046500,4164,48453_Austin_Travis
48453046600,691,48453_Austin_Travis
48453046700,402,48453_Austin_Travis
48453046800,315,48453_Austin_Travis
48453046900,611,48453_Austin_Travis
48453047000,2508,48453_Austin_Travis
48453980000,3215,48453_Austin_Travis
08031000102,664,08031_Denver_Denver
08031000201,1930,08031_Denver_Denver
08031000202,1273,08031_Denver_Denver
08031000301,2286,08031_Denver_Denver
08031000302,987,08031_Denver_Denver
08031000303,2136,08031_Denver_Denver
08031000401,756,08031_Denver_Denver
08031000403,1255,08031_Denver_Denver
08031000404,3100,08031_Denver_Denver
08031000501,571,08031_Denver_Denver
08031000503,187,08031_Denver_Denver
08031000504,655,08031_Denver_Denver
08031000600,3809,08031_Denver_Denver
08031000703,642,08031_Denver_Denver
08031000704,312,08031_Denver_Denver
08031000705,590,08031_Denver_Denver
08031000706,602,08031_Denver_Denver
08031000800,2969,08031_Denver_Denver
08031000902,233,08031_Denver_Denver
08031000903,475,08031_Denver_Denver
08031000904,168,08031_Denver_Denver
08031000905,187,08031_Denver_Denver
08031001000,5735,08031_Denver_Denver
08031001101,1147,08031_Denver_Denver
08031001102,6163,08031_Denver_Denver
08031001301,935,08031_Denver_Denver
08031001302,2442,08031_Denver_Denver
08031001401,3005,08031_Denver_Denver
08031001402,278,08031_Denver_Denver
08031001403,4088,08031_Denver_Denver
08031001500,8565,08031_Denver_Denver
08031001601,4082,08031_Denver_Denver
08031001602,3884,08031_Denver_Denver
08031001603,6581,08031_Denver_Denver
08031001703,708,08031_Denver_Denver
08031001704,28698,08031_Denver_Denver
08031001705,15821,08031_Denver_Denver
08031001706,40640,08031_Denver_Denver
08031001707,28569,08031_Denver_Denver
08031001800,11252,08031_Denver_Denver
08031001901,6508,08031_Denver_Denver
08031002000,4067,08031_Denver_Denver
08031002101,2209,08031_Denver_Denver
08031002102,6821,08031_Denver_Denver
08031002300,442,08031_Denver_Denver
08031002402,718,08031_Denver_Denver
08031002404,630,08031_Denver_Denver
08031002405,1158,08031_Denver_Denver
08031002602,1813,08031_Denver_Denver
08031002603,7128,08031_Denver_Denver
08031002604,13535,08031_Denver_Denver
08031002704,6060,08031_Denver_Denver
08031002705,1748,08031_Denver_Denver
08031002706,3158,08031_Denver_Denver
08031002707,629,08031_Denver_Denver
08031002708,653,08031_Denver_Denver
08031002709,346,08031_Denver_Denver
08031002801,2018,08031_Denver_Denver
08031002802,3963,08031_Denver_Denver
08031002804,629,08031_Denver_Denver
08031002805,311,08031_Denver_Denver
08031002901,6005,08031_Denver_Denver
08031002902,1223,08031_Denver_Denver
08031003002,3694,08031_Denver_Denver
08031003003,823,08031_Denver_Denver
08031003004,8172,08031_Denver_Denver
08031003005,1537,08031_Denver_Denver
08031003006,1215,08031_Denver_Denver
08031003101,5731,08031_Denver_Denver
08031003102,7094,08031_Denver_Denver
08031003202,775,08031_Denver_Denver
08031003203,1190,08031_Denver_Denver
08031003204,646,08031_Denver_Denver
08031003205,316,08031_Denver_Denver
08031003300,758,08031_Denver_Denver
08031003401,409,08031_Denver_Denver
08031003402,1283,08031_Denver_Denver
08031003501,4046,08031_Denver_Denver
08031003502,2044,08031_Denver_Denver
08031003601,1329,08031_Denver_Denver
08031003602,1458,08031_Denver_Denver
08031003603,1201,08031_Denver_Denver
08031003701,2156,08031_Denver_Denver
08031003702,881,08031_Denver_Denver
08031003703,2177,08031_Denver_Denver
08031003801,14748,08031_Denver_Denver
08031003802,1764,08031_Denver_Denver
08031003901,2890,08031_Denver_Denver
08031003902,6290,08031_Denver_Denver
08031004002,418,08031_Denver_Denver
08031004003,1670,08031_Denver_Denver
08031004004,504,08031_Denver_Denver
08031004005,612,08031_Denver_Denver
08031004006,1035,08031_Denver_Denver
08031004101,6029,08031_Denver_Denver
08031004102,8108,08031_Denver_Denver
08031004103,479,08031_Denver_Denver
08031004104,823,08031_Denver_Denver
08031004108,1215,08031_Denver_Denver
08031004109,3743,08031_Denver_Denver
08031004110,10543,08031_Denver_Denver
08031004111,4486,08031_Denver_Denver
08031004112,1609,08031_Denver_Denver
08031004113,2490,08031_Denver_Denver
08031004201,1109,08031_Denver_Denver
08031004202,758,08031_Denver_Denver
08031004302,427,08031_Denver_Denver
08031004303,1089,08031_Denver_Denver
08031004306,986,08031_Denver_Denver
08031004307,878,08031_Denver_Denver
08031004308,9118,08031_Denver_Denver
08031004309,1427,08031_Denver_Denver
08031004310,364,08031_Denver_Denver
08031004403,362,08031_Denver_Denver
08031004404,694,08031_Denver_Denver
08031004406,5044,08031_Denver_Denver
08031004407,1398,08031_Denver_Denver
08031004503,254,08031_Denver_Denver
08031004504,204,08031_Denver_Denver
08031004505,359,08031_Denver_Denver
08031004506,768,08031_Denver_Denver
08031004601,638,08031_Denver_Denver
08031004602,611,08031_Denver_Denver
08031004603,503,08031_Denver_Denver
08031004700,604,08031_Denver_Denver
08031004801,489,08031_Denver_Denver
08031005001,680,08031_Denver_Denver
08031005003,397,08031_Denver_Denver
08031005004,2854,08031_Denver_Denver
08031005102,822,08031_Denver_Denver
08031005104,3970,08031_Denver_Denver
08031005200,1581,08031_Denver_Denver
08031005300,8710,08031_Denver_Denver
08031005502,1915,08031_Denver_Denver
08031005503,285,08031_Denver_Denver
08031006701,5029,08031_Denver_Denver
08031006804,19033,08031_Denver_Denver
08031006810,2369,08031_Denver_Denver
08031006812,2651,08031_Denver_Denver
08031006813,2876,08031_Denver_Denver
08031006814,1814,08031_Denver_Denver
08031006815,2279,08031_Denver_Denver
08031006816,1015,08031_Denver_Denver
08031006817,148,08031_Denver_Denver
08031006818,2573,08031_Denver_Denver
08031006902,2103,08031_Denver_Denver
08031006903,804,08031_Denver_Denver
08031007006,320,08031_Denver_Denver
08031007013,1337,08031_Denver_Denver
08031007037,1255,08031_Denver_Denver
08031007088,551,08031_Denver_Denver
08031007090,6,08031_Denver_Denver
08031007091,154,08031_Denver_Denver
08031008304,36,08031_Denver_Denver
08031008305,76,08031_Denver_Denver
08031008306,606,08031_Denver_Denver
08031008312,2119,08031_Denver_Denver
08031008386,288,08031_Denver_Denver
08031008387,67,08031_Denver_Denver
08031008388,4192,08031_Denver_Denver
08031008389,1506,08031_Denver_Denver
08031008390,385,08031_Denver_Denver
08031008391,110,08031_Denver_Denver
08031011902,554,08031_Denver_Denver
08031011903,229,08031_Denver_Denver
08031012001,193,08031_Denver_Denver
08031012010,1922,08031_Denver_Denver
08031012015,1388,08031_Denver_Denver
08031012016,456,08031_Denver_Denver
08031015300,693,08031_Denver_Denver
08031015400,1955,08031_Denver_Denver
08031015500,3030,08031_Denver_Denver
08031015600,3693,08031_Denver_Denver
08031015700,272,08031_Denver_Denver
08031015800,1891,08031_Denver_Denver
08031980001,25856,08031_Denver_Denver
08031980100,11884,08031_Denver_Denver
08031980200,6773,08031_Denver_Denver
29189210101,253,29189_StLouis_City
29189210102,286,29189_StLouis_City
29189210200,519,29189_StLouis_City
29189210300,179,29189_StLouis_City
29189210400,374,29189_StLouis_City
29189210501,513,29189_StLouis_City
29189210502,316,29189_StLouis_City
29189210600,1381,29189_StLouis_City
29189210702,1739,29189_StLouis_City
29189210703,398,29189_StLouis_City
29189210704,133,29189_StLouis_City
29189210803,1016,29189_StLouis_City
29189210805,2957,29189_StLouis_City
29189210806,322,29189_StLouis_City
29189210807,720,29189_StLouis_City
29189210808,358,29189_StLouis_City
29189210912,957,29189_StLouis_City
29189210921,87,29189_StLouis_City
29189210923,210,29189_StLouis_City
29189210924,1354,29189_StLouis_City
29189210925,1794,29189_StLouis_City
29189210926,124,29189_StLouis_City
29189210927,239,29189_StLouis_City
29189210928,315,29189_StLouis_City
29189211001,1592,29189_StLouis_City
29189211002,613,29189_StLouis_City
29189211101,782,29189_StLouis_City
29189211102,1700,29189_StLouis_City
29189211201,3483,29189_StLouis_City
29189211202,963,29189_StLouis_City
29189211301,1047,29189_StLouis_City
29189211331,638,29189_StLouis_City
29189211332,1835,29189_StLouis_City
29189211333,371,29189_StLouis_City
29189211334,493,29189_StLouis_City
29189211401,2784,29189_StLouis_City
29189211402,10655,29189_StLouis_City
29189211500,4736,29189_StLouis_City
29189211600,840,29189_StLouis_City
29189211700,1534,29189_StLouis_City
29189211801,624,29189_StLouis_City
29189211802,277,29189_StLouis_City
29189211900,954,29189_StLouis_City
29189212002,990,29189_StLouis_City
29189212003,376,29189_StLouis_City
29189212004,659,29189_StLouis_City
29189212101,473,29189_StLouis_City
29189212102,776,29189_StLouis_City
29189212201,592,29189_StLouis_City
29189212202,218,29189_StLouis_City
29189212300,502,29189_StLouis_City
29189212400,1770,29189_StLouis_City
29189212500,836,29189_StLouis_City
29189212600,722,29189_StLouis_City
29189212701,1112,29189_StLouis_City
29189212702,2020,29189_StLouis_City
29189213102,26007,29189_StLouis_City
29189213103,2654,29189_StLouis_City
29189213104,4930,29189_StLouis_City
29189213202,4739,29189_StLouis_City
29189213203,1788,29189_StLouis_City
29189213204,980,29189_StLouis_City
29189213301,1659,29189_StLouis_City
29189213302,752,29189_StLouis_City
29189213401,2413,29189_StLouis_City
29189213402,1105,29189_StLouis_City
29189213500,608,29189_StLouis_City
29189213600,1284,29189_StLouis_City
29189213701,4778,29189_StLouis_City
29189213702,594,29189_StLouis_City
29189213800,851,29189_StLouis_City
29189213900,953,29189_StLouis_City
29189214100,570,29189_StLouis_City
29189214200,947,29189_StLouis_City
29189214300,5564,29189_StLouis_City
29189214400,1692,29189_StLouis_City
29189214500,3462,29189_StLouis_City
29189214601,641,29189_StLouis_City
29189214602,785,29189_StLouis_City
29189214700,388,29189_StLouis_City
29189214800,3068,29189_StLouis_City
29189214901,435,29189_StLouis_City
29189214902,778,29189_StLouis_City
29189215001,19678,29189_StLouis_City
29189215003,9711,29189_StLouis_City
29189215004,5771,29189_StLouis_City
29189215005,1418,29189_StLouis_City
29189215102,12103,29189_StLouis_City
29189215103,5130,29189_StLouis_City
29189215105,642,29189_StLouis_City
29189215141,382,29189_StLouis_City
29189215143,11595,29189_StLouis_City
29189215144,891,29189_StLouis_City
29189215145,1060,29189_StLouis_City
29189215146,2472,29189_StLouis_City
29189215201,18583,29189_StLouis_City
29189215231,1912,29189_StLouis_City
29189215233,2295,29189_StLouis_City
29189215234,12920,29189_StLouis_City
29189215235,3150,29189_StLouis_City
29189215236,1028,29189_StLouis_City
29189215301,7256,29189_StLouis_City
29189215302,2096,29189_StLouis_City
29189215400,4258,29189_StLouis_City
29189215500,5891,29189_StLouis_City
29189215600,20066,29189_StLouis_City
29189215700,1482,29189_StLouis_City
29189215801,820,29189_StLouis_City
29189215802,610,29189_StLouis_City
29189215803,376,29189_StLouis_City
29189215901,480,29189_StLouis_City
29189215902,1070,29189_StLouis_City
29189216000,518,29189_StLouis_City
29189216101,1740,29189_StLouis_City
29189216102,678,29189_StLouis_City
29189216201,721,29189_StLouis_City
29189216202,261,29189_StLouis_City
29189216300,11182,29189_StLouis_City
29189216401,15879,29189_StLouis_City
29189216402,246,29189_StLouis_City
29189216500,20775,29189_StLouis_City
29189216600,4532,29189_StLouis_City
29189216700,1195,29189_StLouis_City
29189216800,5729,29189_StLouis_City
29189216900,605,29189_StLouis_City
29189217000,4154,29189_StLouis_City
29189217200,2958,29189_StLouis_City
29189217300,9501,29189_StLouis_City
29189217400,2390,29189_StLouis_City
29189217500,3461,29189_StLouis_City
29189217600,5736,29189_StLouis_City
29189217701,16041,29189_StLouis_City
29189217702,5854,29189_StLouis_City
29189217802,2097,29189_StLouis_City
29189217806,4650,29189_StLouis_City
29189217807,1130,29189_StLouis_City
29189217841,5741,29189_StLouis_City
29189217851,1043,29189_StLouis_City
29189217852,1638,29189_StLouis_City
29189217853,3114,29189_StLouis_City
29189217854,581,29189_StLouis_City
29189217921,818,29189_StLouis_City
29189217923,1280,29189_StLouis_City
29189217931,1128,29189_StLouis_City
29189217932,447,29189_StLouis_City
29189217941,1703,29189_StLouis_City
29189217942,422,29189_StLouis_City
29189217943,1145,29189_StLouis_City
29189217944,280,29189_StLouis_City
29189218012,6554,29189_StLouis_City
29189218013,545,29189_StLouis_City
29189218014,206,29189_StLouis_City
29189218015,1009,29189_StLouis_City
29189218016,1683,29189_StLouis_City
29189218102,401,29189_StLouis_City
29189218104,3072,29189_StLouis_City
29189218105,778,29189_StLouis_City
29189218201,502,29189_StLouis_City
29189218300,3121,29189_StLouis_City
29189218401,1430,29189_StLouis_City
29189218402,1665,29189_StLouis_City
29189218500,1503,29189_StLouis_City
29189218600,2336,29189_StLouis_City
29189218800,799,29189_StLouis_City
29189218901,4284,29189_StLouis_City
29189218902,1908,29189_StLouis_City
29189219100,1444,29189_StLouis_City
29189219200,3829,29189_StLouis_City
29189219300,1805,29189_StLouis_City
29189219400,683,29189_StLouis_City
29189219501,856,29189_StLouis_City
29189219502,1313,29189_StLouis_City
29189219601,2049,29189_StLouis_City
29189219602,1249,29189_StLouis_City
29189219700,1884,29189_StLouis_City
29189219801,590,29189_StLouis_City
29189219802,297,29189_StLouis_City
29189219900,1005,29189_StLouis_City
29189220001,132,29189_StLouis_City
29189220002,771,29189_StLouis_City
29189220101,923,29189_StLouis_City
29189220102,1413,29189_StLouis_City
29189220200,1387,29189_StLouis_City
29189220300,1902,29189_StLouis_City
29189220441,1337,29189_StLouis_City
29189220442,1563,29189_StLouis_City
29189220443,512,29189_StLouis_City
29189220445,929,29189_StLouis_City
29189220446,168,29189_StLouis_City
29189220447,702,29189_StLouis_City
29189220448,755,29189_StLouis_City
29189220449,1761,29189_StLouis_City
29189220450,458,29189_StLouis_City
29189220451,296,29189_StLouis_City
29189220452,386,29189_StLouis_City
29189220501,523,29189_StLouis_City
29189220503,341,29189_StLouis_City
29189220504,1428,29189_StLouis_City
29189220601,5875,29189_StLouis_City
29189220602,1909,29189_StLouis_City
29189220701,419,29189_StLouis_City
29189220702,731,29189_StLouis_City
29189220703,1312,29189_StLouis_City
29189220801,1487,29189_StLouis_City
29189220802,2016,29189_StLouis_City
29189220803,2447,29189_StLouis_City
29189221000,3962,29189_StLouis_City
29189221100,482,29189_StLouis_City
29189221201,7615,29189_StLouis_City
29189221202,6109,29189_StLouis_City
29189221332,905,29189_StLouis_City
29189221335,530,29189_StLouis_City
29189221336,1558,29189_StLouis_City
29189221337,3765,29189_StLouis_City
29189221338,382,29189_StLouis_City
29189221339,411,29189_StLouis_City
29189221421,1453,29189_StLouis_City
29189221423,20679,29189_StLouis_City
29189221424,1107,29189_StLouis_City
29189221425,749,29189_StLouis_City
29189221426,2831,29189_StLouis_City
29189221502,4196,29189_StLouis_City
29189221503,2452,29189_StLouis_City
29189221506,1424,29189_StLouis_City
29189221621,712,29189_StLouis_City
29189221624,718,29189_StLouis_City
29189221625,1662,29189_StLouis_City
29189221626,1621,29189_StLouis_City
29189221627,977,29189_StLouis_City
29189221629,18094,29189_StLouis_City
29189221630,10387,29189_StLouis_City
29189221631,3432,29189_StLouis_City
29189221800,20479,29189_StLouis_City
29189221900,1362,29189_StLouis_City
29189222000,1044,29189_StLouis_City
29189222100,1148,29189_StLouis_City
39061000200,284,39061_Cincinnati_Hamilton
39061000700,27048,39061_Cincinnati_Hamilton
39061000900,3523,39061_Cincinnati_Hamilton
39061001000,2615,39061_Cincinnati_Hamilton
39061001100,3525,39061_Cincinnati_Hamilton
39061001600,1402,39061_Cincinnati_Hamilton
39061001700,311,39061_Cincinnati_Hamilton
39061001800,635,39061_Cincinnati_Hamilton
39061001900,5808,39061_Cincinnati_Hamilton
39061002000,615,39061_Cincinnati_Hamilton
39061002200,522,39061_Cincinnati_Hamilton
39061002300,4544,39061_Cincinnati_Hamilton
39061002500,789,39061_Cincinnati_Hamilton
39061002600,632,39061_Cincinnati_Hamilton
39061002700,91,39061_Cincinnati_Hamilton
39061002800,3364,39061_Cincinnati_Hamilton
39061002901,50,39061_Cincinnati_Hamilton
39061002902,4380,39061_Cincinnati_Hamilton
39061003000,9045,39061_Cincinnati_Hamilton
39061003200,25201,39061_Cincinnati_Hamilton
39061003300,1564,39061_Cincinnati_Hamilton
39061003600,201,39061_Cincinnati_Hamilton
39061003700,1630,39061_Cincinnati_Hamilton
39061003800,413,39061_Cincinnati_Hamilton
39061003900,29,39061_Cincinnati_Hamilton
39061004000,1319,39061_Cincinnati_Hamilton
39061004100,775,39061_Cincinnati_Hamilton
39061004200,705,39061_Cincinnati_Hamilton
39061004602,805,39061_Cincinnati_Hamilton
39061004603,308,39061_Cincinnati_Hamilton
39061004604,248,39061_Cincinnati_Hamilton
39061004605,172,39061_Cincinnati_Hamilton
39061004703,3777,39061_Cincinnati_Hamilton
39061004800,587,39061_Cincinnati_Hamilton
39061004900,1381,39061_Cincinnati_Hamilton
39061005000,2348,39061_Cincinnati_Hamilton
39061005100,422,39061_Cincinnati_Hamilton
39061005200,787,39061_Cincinnati_Hamilton
39061005301,2617,39061_Cincinnati_Hamilton
39061005302,908,39061_Cincinnati_Hamilton
39061005500,5590,39061_Cincinnati_Hamilton
39061005600,658,39061_Cincinnati_Hamilton
39061005701,591,39061_Cincinnati_Hamilton
39061005702,2389,39061_Cincinnati_Hamilton
39061005800,521,39061_Cincinnati_Hamilton
39061005900,262,39061_Cincinnati_Hamilton
39061006000,1210,39061_Cincinnati_Hamilton
39061006100,1089,39061_Cincinnati_Hamilton
39061006300,6186,39061_Cincinnati_Hamilton
39061006400,2449,39061_Cincinnati_Hamilton
39061006501,2260,39061_Cincinnati_Hamilton
39061006502,996,39061_Cincinnati_Hamilton
39061006600,177,39061_Cincinnati_Hamilton
39061006800,509,39061_Cincinnati_Hamilton
39061006900,402,39061_Cincinnati_Hamilton
39061007000,352,39061_Cincinnati_Hamilton
39061007100,571,39061_Cincinnati_Hamilton
39061007200,1396,39061_Cincinnati_Hamilton
39061007300,3693,39061_Cincinnati_Hamilton
39061007400,771,39061_Cincinnati_Hamilton
39061007500,346,39061_Cincinnati_Hamilton
39061007700,706,39061_Cincinnati_Hamilton
39061008000,2409,39061_Cincinnati_Hamilton
39061008100,489,39061_Cincinnati_Hamilton
39061008201,133,39061_Cincinnati_Hamilton
39061008202,523,39061_Cincinnati_Hamilton
39061008300,425,39061_Cincinnati_Hamilton
39061008400,294,39061_Cincinnati_Hamilton
39061008501,141,39061_Cincinnati_Hamilton
39061008502,27,39061_Cincinnati_Hamilton
39061008601,269,39061_Cincinnati_Hamilton
39061008800,7,39061_Cincinnati_Hamilton
39061009200,769,39061_Cincinnati_Hamilton
39061009300,382,39061_Cincinnati_Hamilton
39061009400,406,39061_Cincinnati_Hamilton
39061009500,322,39061_Cincinnati_Hamilton
39061009600,200,39061_Cincinnati_Hamilton
39061009700,509,39061_Cincinnati_Hamilton
39061009800,129,39061_Cincinnati_Hamilton
39061009901,239,39061_Cincinnati_Hamilton
39061009902,161,39061_Cincinnati_Hamilton
39061010002,193,39061_Cincinnati_Hamilton
39061010003,415,39061_Cincinnati_Hamilton
39061010004,653,39061_Cincinnati_Hamilton
39061010005,437,39061_Cincinnati_Hamilton
39061010100,1804,39061_Cincinnati_Hamilton
39061010201,2534,39061_Cincinnati_Hamilton
39061010202,320,39061_Cincinnati_Hamilton
39061010300,740,39061_Cincinnati_Hamilton
39061010400,610,39061_Cincinnati_Hamilton
39061010500,261,39061_Cincinnati_Hamilton
39061010600,235,39061_Cincinnati_Hamilton
39061010700,1288,39061_Cincinnati_Hamilton
39061010900,1545,39061_Cincinnati_Hamilton
39061011000,1415,39061_Cincinnati_Hamilton
39061011100,128,39061_Cincinnati_Hamilton
39061020401,1078,39061_Cincinnati_Hamilton
39061020403,512,39061_Cincinnati_Hamilton
39061020404,548,39061_Cincinnati_Hamilton
39061020501,567,39061_Cincinnati_Hamilton
39061020502,808,39061_Cincinnati_Hamilton
39061020504,2516,39061_Cincinnati_Hamilton
39061020505,796,39061_Cincinnati_Hamilton
39061020601,654,39061_Cincinnati_Hamilton
39061020603,1281,39061_Cincinnati_Hamilton
39061020604,1806,39061_Cincinnati_Hamilton
39061020701,4907,39061_Cincinnati_Hamilton
39061020705,953,39061_Cincinnati_Hamilton
39061020707,755,39061_Cincinnati_Hamilton
39061020741,1513,39061_Cincinnati_Hamilton
39061020742,219,39061_Cincinnati_Hamilton
39061020762,927,39061_Cincinnati_Hamilton
39061020763,487,39061_Cincinnati_Hamilton
39061020764,504,39061_Cincinnati_Hamilton
39061020802,853,39061_Cincinnati_Hamilton
39061020811,1642,39061_Cincinnati_Hamilton
39061020812,1678,39061_Cincinnati_Hamilton
39061020901,1193,39061_Cincinnati_Hamilton
39061020902,1062,39061_Cincinnati_Hamilton
39061021001,2005,39061_Cincinnati_Hamilton
39061021002,382,39061_Cincinnati_Hamilton
39061021003,795,39061_Cincinnati_Hamilton
39061021101,444,39061_Cincinnati_Hamilton
39061021102,755,39061_Cincinnati_Hamilton
39061021201,234,39061_Cincinnati_Hamilton
39061021202,801,39061_Cincinnati_Hamilton
39061021302,1142,39061_Cincinnati_Hamilton
39061021303,617,39061_Cincinnati_Hamilton
39061021304,1389,39061_Cincinnati_Hamilton
39061021401,918,39061_Cincinnati_Hamilton
39061021421,495,39061_Cincinnati_Hamilton
39061021422,291,39061_Cincinnati_Hamilton
39061021501,1138,39061_Cincinnati_Hamilton
39061021504,2918,39061_Cincinnati_Hamilton
39061021505,184,39061_Cincinnati_Hamilton
39061021506,825,39061_Cincinnati_Hamilton
39061021508,814,39061_Cincinnati_Hamilton
39061021509,3910,39061_Cincinnati_Hamilton
39061021571,767,39061_Cincinnati_Hamilton
39061021572,5351,39061_Cincinnati_Hamilton
39061021602,53,39061_Cincinnati_Hamilton
39061021603,138,39061_Cincinnati_Hamilton
39061021604,280,39061_Cincinnati_Hamilton
39061021701,833,39061_Cincinnati_Hamilton
39061021702,560,39061_Cincinnati_Hamilton
39061021801,1520,39061_Cincinnati_Hamilton
39061021802,225,39061_Cincinnati_Hamilton
39061021900,229,39061_Cincinnati_Hamilton
39061022000,552,39061_Cincinnati_Hamilton
39061022101,1134,39061_Cincinnati_Hamilton
39061022102,2287,39061_Cincinnati_Hamilton
39061022200,2351,39061_Cincinnati_Hamilton
39061022301,14827,39061_Cincinnati_Hamilton
39061022302,9634,39061_Cincinnati_Hamilton
39061022400,631,39061_Cincinnati_Hamilton
39061022500,5506,39061_Cincinnati_Hamilton
39061022601,419,39061_Cincinnati_Hamilton
39061022602,1280,39061_Cincinnati_Hamilton
39061022700,866,39061_Cincinnati_Hamilton
39061023001,25175,39061_Cincinnati_Hamilton
39061023002,727,39061_Cincinnati_Hamilton
39061023100,10213,39061_Cincinnati_Hamilton
39061023201,3482,39061_Cincinnati_Hamilton
39061023210,531,39061_Cincinnati_Hamilton
39061023222,537,39061_Cincinnati_Hamilton
39061023300,723,39061_Cincinnati_Hamilton
39061023400,745,39061_Cincinnati_Hamilton
39061023501,13097,39061_Cincinnati_Hamilton
39061023521,14849,39061_Cincinnati_Hamilton
39061023522,10544,39061_Cincinnati_Hamilton
39061023600,290,39061_Cincinnati_Hamilton
39061023701,848,39061_Cincinnati_Hamilton
39061023702,299,39061_Cincinnati_Hamilton
39061023800,849,39061_Cincinnati_Hamilton
39061023901,6428,39061_Cincinnati_Hamilton
39061023902,3933,39061_Cincinnati_Hamilton
39061024001,10575,39061_Cincinnati_Hamilton
39061024002,4562,39061_Cincinnati_Hamilton
39061024100,2268,39061_Cincinnati_Hamilton
39061024200,368,39061_Cincinnati_Hamilton
39061024301,7382,39061_Cincinnati_Hamilton
39061024303,2585,39061_Cincinnati_Hamilton
39061024322,1976,39061_Cincinnati_Hamilton
39061024323,335,39061_Cincinnati_Hamilton
39061024324,2161,39061_Cincinnati_Hamilton
39061024401,1152,39061_Cincinnati_Hamilton
39061024402,1145,39061_Cincinnati_Hamilton
39061024700,3973,39061_Cincinnati_Hamilton
39061024800,2167,39061_Cincinnati_Hamilton
39061024901,2709,39061_Cincinnati_Hamilton
39061024903,692,39061_Cincinnati_Hamilton
39061024904,945,39061_Cincinnati_Hamilton
39061025001,2473,39061_Cincinnati_Hamilton
39061025002,435,39061_Cincinnati_Hamilton
39061025101,317,39061_Cincinnati_Hamilton
39061025102,2575,39061_Cincinnati_Hamilton
39061025103,3417,39061_Cincinnati_Hamilton
39061025200,1414,39061_Cincinnati_Hamilton
39061025300,1579,39061_Cincinnati_Hamilton
39061025401,2860,39061_Cincinnati_Hamilton
39061025402,6180,39061_Cincinnati_Hamilton
39061025500,861,39061_Cincinnati_Hamilton
39061025600,1289,39061_Cincinnati_Hamilton
39061025700,1577,39061_Cincinnati_Hamilton
39061025800,4356,39061_Cincinnati_Hamilton
39061026001,2008,39061_Cincinnati_Hamilton
39061026002,2137,39061_Cincinnati_Hamilton
39061026102,1687,39061_Cincinnati_Hamilton
39061026103,956,39061_Cincinnati_Hamilton
39061026104,2801,39061_Cincinnati_Hamilton
39061026200,1842,39061_Cincinnati_Hamilton
39061026300,8327,39061_Cincinnati_Hamilton
39061026400,1899,39061_Cincinnati_Hamilton
39061026500,30742,39061_Cincinnati_Hamilton
39061026600,1280,39061_Cincinnati_Hamilton
39061026700,2997,39061_Cincinnati_Hamilton
39061026800,1122,39061_Cincinnati_Hamilton
39061026900,995,39061_Cincinnati_Hamilton
39061027000,2435,39061_Cincinnati_Hamilton
39061027100,3557,39061_Cincinnati_Hamilton
39061027200,304,39061_Cincinnati_Hamilton
39061027300,362,39061_Cincinnati_Hamilton
39061027400,3257,39061_Cincinnati_Hamilton
39061027500,802,39061_Cincinnati_Hamilton
39061027600,8246,39061_Cincinnati_Hamilton
39061027700,1072,39061_Cincinnati_Hamilton
48209010100,3068,48209_Austin_Hays
48209010200,6734,48209_Austin_Hays
48209010302,1465,48209_Austin_Hays
48209010305,2151,48209_Austin_Hays
48209010306,3220,48209_Austin_Hays
48209010307,1411,48209_Austin_Hays
48209010308,186,48209_Austin_Hays
48209010309,1909,48209_Austin_Hays
48209010401,1692,48209_Austin_Hays
48209010402,7052,48209_Austin_Hays
48209010500,7877,48209_Austin_Hays
48209010601,167,48209_Austin_Hays
48209010602,1484,48209_Austin_Hays
48209010603,394,48209_Austin_Hays
48209010702,352,48209_Austin_Hays
48209010703,741,48209_Austin_Hays
48209010704,222,48209_Austin_Hays
48209010806,2492,48209_Austin_Hays
48209010807,1392,48209_Austin_Hays
48209010809,2926,48209_Austin_Hays
48209010810,902,48209_Austin_Hays
48209010811,205,48209_Austin_Hays
48209010812,1639,48209_Austin_Hays
48209010813,190,48209_Austin_Hays
48209010814,550,48209_Austin_Hays
48209010815,515,48209_Austin_Hays
48209010816,933,48209_Austin_Hays
48209010817,3214,48209_Austin_Hays
48209010818,265,48209_Austin_Hays
48209010905,1245,48209_Austin_Hays
48209010909,712,48209_Austin_Hays
48209010911,699,48209_Austin_Hays
48209010912,1141,48209_Austin_Hays
48209010913,9967,48209_Austin_Hays
48209010914,721,48209_Austin_Hays
48209010915,334,48209_Austin_Hays
48209010916,668,48209_Austin_Hays
48209010917,493,48209_Austin_Hays
48209010918,95,48209_Austin_Hays
48209010919,261,48209_Austin_Hays
48209010920,336,48209_Austin_Hays
48209010921,65,48209_Austin_Hays
48209010922,1117,48209_Austin_Hays
48209010923,1819,48209_Austin_Hays
48209010924,551,48209_Austin_Hays
48209010925,3576,48209_Austin_Hays
29165030002,2738,29165_KC_Platte
29165030003,185,29165_KC_Platte
29165030004,405,29165_KC_Platte
29165030101,5959,29165_KC_Platte
29165030102,1340,29165_KC_Platte
29165030103,2832,29165_KC_Platte
29165030201,7534,29165_KC_Platte
29165030207,1647,29165_KC_Platte
29165030208,325,29165_KC_Platte
29165030210,1313,29165_KC_Platte
29165030211,2612,29165_KC_Platte
29165030212,242,29165_KC_Platte
29165030213,432,29165_KC_Platte
29165030214,1015,29165_KC_Platte
29165030215,46,29165_KC_Platte
29165030216,1202,29165_KC_Platte
29165030306,469,29165_KC_Platte
29165030308,5333,29165_KC_Platte
29165030309,1857,29165_KC_Platte
29165030310,895,29165_KC_Platte
29165030401,559,29165_KC_Platte
29165030501,847,29165_KC_Platte
29165030502,2201,29165_KC_Platte
29165030601,495,29165_KC_Platte
29165030602,701,29165_KC_Platte
29165030700,1053,29165_KC_Platte
29165980000,3054,29165_KC_Platte
26163500100,73,26163_Detroit_Wayne
26163500200,617,26163_Detroit_Wayne
26163500300,84,26163_Detroit_Wayne
26163500400,64,26163_Detroit_Wayne
26163500500,44,26163_Detroit_Wayne
26163500600,62,26163_Detroit_Wayne
26163500700,81,26163_Detroit_Wayne
26163500800,13,26163_Detroit_Wayne
26163500900,117,26163_Detroit_Wayne
26163501000,33,26163_Detroit_Wayne
26163501100,106,26163_Detroit_Wayne
26163501200,22,26163_Detroit_Wayne
26163501300,64,26163_Detroit_Wayne
26163501400,152,26163_Detroit_Wayne
26163501500,132,26163_Detroit_Wayne
26163501600,4733,26163_Detroit_Wayne
26163501700,649,26163_Detroit_Wayne
26163501800,136,26163_Detroit_Wayne
26163501900,8,26163_Detroit_Wayne
26163502000,40,26163_Detroit_Wayne
26163502600,56,26163_Detroit_Wayne
26163502700,573,26163_Detroit_Wayne
26163503100,234,26163_Detroit_Wayne
26163503200,208,26163_Detroit_Wayne
26163503300,41,26163_Detroit_Wayne
26163503400,216,26163_Detroit_Wayne
26163503500,96,26163_Detroit_Wayne
26163503600,62,26163_Detroit_Wayne
26163503900,98,26163_Detroit_Wayne
26163504000,6,26163_Detroit_Wayne
26163504100,68,26163_Detroit_Wayne
26163504200,64,26163_Detroit_Wayne
26163504300,41,26163_Detroit_Wayne
26163504400,51,26163_Detroit_Wayne
26163505100,644,26163_Detroit_Wayne
26163505200,67,26163_Detroit_Wayne
26163505400,54,26163_Detroit_Wayne
26163505600,642,26163_Detroit_Wayne
26163505700,2908,26163_Detroit_Wayne
26163505800,2197,26163_Detroit_Wayne
26163506100,210,26163_Detroit_Wayne
26163506200,440,26163_Detroit_Wayne
26163506300,1435,26163_Detroit_Wayne
26163506400,462,26163_Detroit_Wayne
26163506500,82,26163_Detroit_Wayne
26163506600,166,26163_Detroit_Wayne
26163506700,304,26163_Detroit_Wayne
26163506800,223,26163_Detroit_Wayne
26163506900,48,26163_Detroit_Wayne
26163507000,88,26163_Detroit_Wayne
26163507100,49,26163_Detroit_Wayne
26163507200,30,26163_Detroit_Wayne
26163507300,54,26163_Detroit_Wayne
26163507400,105,26163_Detroit_Wayne
26163507500,121,26163_Detroit_Wayne
26163508000,516,26163_Detroit_Wayne
26163508100,291,26163_Detroit_Wayne
26163509000,917,26163_Detroit_Wayne
26163509100,570,26163_Detroit_Wayne
26163510600,194,26163_Detroit_Wayne
26163511200,380,26163_Detroit_Wayne
26163511300,64,26163_Detroit_Wayne
26163511400,676,26163_Detroit_Wayne
26163511900,1908,26163_Detroit_Wayne
26163512800,466,26163_Detroit_Wayne
26163513200,64,26163_Detroit_Wayne
26163513300,49,26163_Detroit_Wayne
26163513700,1069,26163_Detroit_Wayne
26163513800,255,26163_Detroit_Wayne
26163513900,18,26163_Detroit_Wayne
26163514100,11,26163_Detroit_Wayne
26163514200,80,26163_Detroit_Wayne
26163514300,656,26163_Detroit_Wayne
26163514500,3,26163_Detroit_Wayne
26163515200,545,26163_Detroit_Wayne
26163515300,1248,26163_Detroit_Wayne
26163515400,1579,26163_Detroit_Wayne
26163515700,470,26163_Detroit_Wayne
26163516000,40,26163_Detroit_Wayne
26163516400,388,26163_Detroit_Wayne
26163516500,2004,26163_Detroit_Wayne
26163516600,412,26163_Detroit_Wayne
26163516700,92,26163_Detroit_Wayne
26163516800,244,26163_Detroit_Wayne
26163516900,53,26163_Detroit_Wayne
26163517000,297,26163_Detroit_Wayne
26163517100,282,26163_Detroit_Wayne
26163517200,45311,26163_Detroit_Wayne
26163517300,3008,26163_Detroit_Wayne
26163517500,11497,26163_Detroit_Wayne
26163518000,1276,26163_Detroit_Wayne
26163518900,4064,26163_Detroit_Wayne
26163519000,531,26163_Detroit_Wayne
26163519100,247,26163_Detroit_Wayne
26163519200,782,26163_Detroit_Wayne
26163519300,413,26163_Detroit_Wayne
26163520200,6096,26163_Detroit_Wayne
26163520300,2310,26163_Detroit_Wayne
26163520400,152,26163_Detroit_Wayne
26163520700,11195,26163_Detroit_Wayne
26163520800,16342,26163_Detroit_Wayne
26163521100,696,26163_Detroit_Wayne
26163521400,1330,26163_Detroit_Wayne
26163521500,2521,26163_Detroit_Wayne
26163521800,120,26163_Detroit_Wayne
26163521900,385,26163_Detroit_Wayne
26163522000,695,26163_Detroit_Wayne
26163522300,35,26163_Detroit_Wayne
26163522400,701,26163_Detroit_Wayne
26163522500,637,26163_Detroit_Wayne
26163522800,956,26163_Detroit_Wayne
26163523100,942,26163_Detroit_Wayne
26163523200,419,26163_Detroit_Wayne
26163523300,74,26163_Detroit_Wayne
26163523400,291,26163_Detroit_Wayne
26163523800,451,26163_Detroit_Wayne
26163524001,179,26163_Detroit_Wayne
26163524101,230,26163_Detroit_Wayne
26163524200,323,26163_Detroit_Wayne
26163524300,80,26163_Detroit_Wayne
26163524500,1275,26163_Detroit_Wayne
26163524600,2422,26163_Detroit_Wayne
26163524700,422,26163_Detroit_Wayne
26163524800,39,26163_Detroit_Wayne
26163525400,51,26163_Detroit_Wayne
26163525700,98,26163_Detroit_Wayne
26163525800,188,26163_Detroit_Wayne
26163525900,435,26163_Detroit_Wayne
26163526000,1217,26163_Detroit_Wayne
26163526100,294,26163_Detroit_Wayne
26163526200,56,26163_Detroit_Wayne
26163526300,104,26163_Detroit_Wayne
26163526400,414,26163_Detroit_Wayne
26163526500,108,26163_Detroit_Wayne
26163527900,256,26163_Detroit_Wayne
26163530100,375,26163_Detroit_Wayne
26163530200,1318,26163_Detroit_Wayne
26163530300,535,26163_Detroit_Wayne
26163530400,25,26163_Detroit_Wayne
26163530500,78,26163_Detroit_Wayne
26163530800,275,26163_Detroit_Wayne
26163530900,25,26163_Detroit_Wayne
26163531100,63,26163_Detroit_Wayne
26163531200,63,26163_Detroit_Wayne
26163531300,205,26163_Detroit_Wayne
26163531400,29,26163_Detroit_Wayne
26163531501,23,26163_Detroit_Wayne
26163531502,225,26163_Detroit_Wayne
26163531600,69,26163_Detroit_Wayne
26163531700,120,26163_Detroit_Wayne
26163531800,120,26163_Detroit_Wayne
26163531900,97,26163_Detroit_Wayne
26163532100,119,26163_Detroit_Wayne
26163532400,23,26163_Detroit_Wayne
26163532600,13859,26163_Detroit_Wayne
26163532700,36,26163_Detroit_Wayne
26163533000,182,26163_Detroit_Wayne
26163533100,105,26163_Detroit_Wayne
26163533200,11,26163_Detroit_Wayne
26163533300,58,26163_Detroit_Wayne
26163533400,48,26163_Detroit_Wayne
26163533600,6,26163_Detroit_Wayne
26163533800,57,26163_Detroit_Wayne
26163533900,14391,26163_Detroit_Wayne
26163534100,118,26163_Detroit_Wayne
26163534200,13,26163_Detroit_Wayne
26163534300,66,26163_Detroit_Wayne
26163534400,50,26163_Detroit_Wayne
26163534700,64,26163_Detroit_Wayne
26163534800,537,26163_Detroit_Wayne
26163535000,164,26163_Detroit_Wayne
26163535100,135,26163_Detroit_Wayne
26163535200,137,26163_Detroit_Wayne
26163535300,795,26163_Detroit_Wayne
26163535600,77,26163_Detroit_Wayne
26163535700,42,26163_Detroit_Wayne
26163535800,262,26163_Detroit_Wayne
26163536100,108,26163_Detroit_Wayne
26163536200,214,26163_Detroit_Wayne
26163536300,96,26163_Detroit_Wayne
26163536400,85,26163_Detroit_Wayne
26163536500,376,26163_Detroit_Wayne
26163536600,336,26163_Detroit_Wayne
26163536700,41,26163_Detroit_Wayne
26163536800,101,26163_Detroit_Wayne
26163536900,251,26163_Detroit_Wayne
26163537000,194,26163_Detroit_Wayne
26163537100,293,26163_Detroit_Wayne
26163537200,274,26163_Detroit_Wayne
26163537300,56,26163_Detroit_Wayne
26163537500,18,26163_Detroit_Wayne
26163537600,287,26163_Detroit_Wayne
26163537700,33,26163_Detroit_Wayne
26163537800,208,26163_Detroit_Wayne
26163538100,166,26163_Detroit_Wayne
26163538200,297,26163_Detroit_Wayne
26163538300,262,26163_Detroit_Wayne
26163538400,290,26163_Detroit_Wayne
26163538500,193,26163_Detroit_Wayne
26163538600,103,26163_Detroit_Wayne
26163538700,722,26163_Detroit_Wayne
26163538800,70,26163_Detroit_Wayne
26163538900,373,26163_Detroit_Wayne
26163539000,225,26163_Detroit_Wayne
26163539100,76,26163_Detroit_Wayne
26163539200,462,26163_Detroit_Wayne
26163539300,155,26163_Detroit_Wayne
26163539400,668,26163_Detroit_Wayne
26163539500,2243,26163_Detroit_Wayne
26163539600,103,26163_Detroit_Wayne
26163539700,109,26163_Detroit_Wayne
26163540100,110,26163_Detroit_Wayne
26163540200,59,26163_Detroit_Wayne
26163540300,92,26163_Detroit_Wayne
26163540400,147,26163_Detroit_Wayne
26163540500,104,26163_Detroit_Wayne
26163540600,113,26163_Detroit_Wayne
26163540700,248,26163_Detroit_Wayne
26163540800,107,26163_Detroit_Wayne
26163540900,311,26163_Detroit_Wayne
26163541000,391,26163_Detroit_Wayne
26163541100,39,26163_Detroit_Wayne
26163541200,472,26163_Detroit_Wayne
26163541300,415,26163_Detroit_Wayne
26163541400,264,26163_Detroit_Wayne
26163541500,243,26163_Detroit_Wayne
26163541700,99,26163_Detroit_Wayne
26163541800,72,26163_Detroit_Wayne
26163542100,232,26163_Detroit_Wayne
26163542200,203,26163_Detroit_Wayne
26163542300,140,26163_Detroit_Wayne
26163542400,34,26163_Detroit_Wayne
26163542500,116,26163_Detroit_Wayne
26163542600,247,26163_Detroit_Wayne
26163542900,681,26163_Detroit_Wayne
26163543000,174,26163_Detroit_Wayne
26163543100,51,26163_Detroit_Wayne
26163543200,363,26163_Detroit_Wayne
26163543300,2011,26163_Detroit_Wayne
26163543400,26,26163_Detroit_Wayne
26163543500,19,26163_Detroit_Wayne
26163543700,32,26163_Detroit_Wayne
26163543900,465,26163_Detroit_Wayne
26163544000,97,26163_Detroit_Wayne
26163544100,10,26163_Detroit_Wayne
26163544200,38,26163_Detroit_Wayne
26163544300,306,26163_Detroit_Wayne
26163544800,67,26163_Detroit_Wayne
26163545100,98,26163_Detroit_Wayne
26163545200,36,26163_Detroit_Wayne
26163545500,351,26163_Detroit_Wayne
26163545600,210,26163_Detroit_Wayne
26163545700,225,26163_Detroit_Wayne
26163545800,167,26163_Detroit_Wayne
26163545900,350,26163_Detroit_Wayne
26163546000,67,26163_Detroit_Wayne
26163546100,67,26163_Detroit_Wayne
26163546201,54,26163_Detroit_Wayne
26163546301,71,26163_Detroit_Wayne
26163546600,9,26163_Detroit_Wayne
26163546700,64,26163_Detroit_Wayne
26163547000,358,26163_Detroit_Wayne
26163547100,421,26163_Detroit_Wayne
26163547200,758,26163_Detroit_Wayne
26163550100,346,26163_Detroit_Wayne
26163550200,590,26163_Detroit_Wayne
26163550300,153,26163_Detroit_Wayne
26163550400,3022,26163_Detroit_Wayne
26163550500,468,26163_Detroit_Wayne
26163550600,1019,26163_Detroit_Wayne
26163550700,1943,26163_Detroit_Wayne
26163550800,233,26163_Detroit_Wayne
26163550900,1093,26163_Detroit_Wayne
26163551100,1091,26163_Detroit_Wayne
26163551200,1433,26163_Detroit_Wayne
26163551300,842,26163_Detroit_Wayne
26163551400,1554,26163_Detroit_Wayne
26163551500,166,26163_Detroit_Wayne
26163551600,184,26163_Detroit_Wayne
26163551700,150,26163_Detroit_Wayne
26163551800,781,26163_Detroit_Wayne
26163552000,534,26163_Detroit_Wayne
26163552100,483,26163_Detroit_Wayne
26163552200,239,26163_Detroit_Wayne
26163552300,506,26163_Detroit_Wayne
26163552400,550,26163_Detroit_Wayne
26163552801,450,26163_Detroit_Wayne
26163553000,2202,26163_Detroit_Wayne
26163553100,48,26163_Detroit_Wayne
26163553200,244,26163_Detroit_Wayne
26163553601,67,26163_Detroit_Wayne
26163553800,106,26163_Detroit_Wayne
26163554100,736,26163_Detroit_Wayne
26163554200,1180,26163_Detroit_Wayne
26163554300,295,26163_Detroit_Wayne
26163554400,275,26163_Detroit_Wayne
26163554500,242,26163_Detroit_Wayne
26163554600,309,26163_Detroit_Wayne
26163554700,501,26163_Detroit_Wayne
26163554800,760,26163_Detroit_Wayne
26163554900,1122,26163_Detroit_Wayne
26163555100,1217,26163_Detroit_Wayne
26163555300,1264,26163_Detroit_Wayne
26163555401,351,26163_Detroit_Wayne
26163555500,492,26163_Detroit_Wayne
26163555600,245,26163_Detroit_Wayne
26163556100,1127,26163_Detroit_Wayne
26163556200,791,26163_Detroit_Wayne
26163556300,1354,26163_Detroit_Wayne
26163556400,889,26163_Detroit_Wayne
26163556500,17208,26163_Detroit_Wayne
26163556600,387,26163_Detroit_Wayne
26163556700,382,26163_Detroit_Wayne
26163556800,471,26163_Detroit_Wayne
26163556900,265,26163_Detroit_Wayne
26163557000,659,26163_Detroit_Wayne
26163557100,442,26163_Detroit_Wayne
26163557200,1021,26163_Detroit_Wayne
26163557300,752,26163_Detroit_Wayne
26163557400,166,26163_Detroit_Wayne
26163557500,772,26163_Detroit_Wayne
26163557600,1954,26163_Detroit_Wayne
26163557700,740,26163_Detroit_Wayne
26163557901,2959,26163_Detroit_Wayne
26163558000,2472,26163_Detroit_Wayne
26163558100,1112,26163_Detroit_Wayne
26163558200,611,26163_Detroit_Wayne
26163558301,25655,26163_Detroit_Wayne
26163558400,946,26163_Detroit_Wayne
26163558500,344,26163_Detroit_Wayne
26163558600,507,26163_Detroit_Wayne
26163558700,492,26163_Detroit_Wayne
26163558800,16,26163_Detroit_Wayne
26163558900,1012,26163_Detroit_Wayne
26163559000,49,26163_Detroit_Wayne
26163559100,198,26163_Detroit_Wayne
26163559200,196,26163_Detroit_Wayne
26163559800,735,26163_Detroit_Wayne
26163560100,2687,26163_Detroit_Wayne
26163560201,251,26163_Detroit_Wayne
26163560202,1733,26163_Detroit_Wayne
26163560300,1944,26163_Detroit_Wayne
26163560400,1084,26163_Detroit_Wayne
26163561200,464,26163_Detroit_Wayne
26163561301,397,26163_Detroit_Wayne
26163561302,2048,26163_Detroit_Wayne
26163561600,3797,26163_Detroit_Wayne
26163561700,13323,26163_Detroit_Wayne
26163561900,405,26163_Detroit_Wayne
26163562300,391,26163_Detroit_Wayne
26163562400,1357,26163_Detroit_Wayne
26163562500,1632,26163_Detroit_Wayne
26163562600,3166,26163_Detroit_Wayne
26163562700,2434,26163_Detroit_Wayne
26163562800,7303,26163_Detroit_Wayne
26163562900,2372,26163_Detroit_Wayne
26163563200,145,26163_Detroit_Wayne
26163563300,2374,26163_Detroit_Wayne
26163563400,494,26163_Detroit_Wayne
26163563500,1077,26163_Detroit_Wayne
26163563600,1353,26163_Detroit_Wayne
26163563700,893,26163_Detroit_Wayne
26163563800,247,26163_Detroit_Wayne
26163563900,2962,26163_Detroit_Wayne
26163564000,1761,26163_Detroit_Wayne
26163564100,587,26163_Detroit_Wayne
26163564200,1553,26163_Detroit_Wayne
26163564300,331,26163_Detroit_Wayne
26163564401,381,26163_Detroit_Wayne
26163564402,979,26163_Detroit_Wayne
26163564501,124,26163_Detroit_Wayne
26163564502,901,26163_Detroit_Wayne
26163564503,1885,26163_Detroit_Wayne
26163564504,765,26163_Detroit_Wayne
26163564600,878,26163_Detroit_Wayne
26163564700,421,26163_Detroit_Wayne
26163564800,1205,26163_Detroit_Wayne
26163564900,2061,26163_Detroit_Wayne
26163565001,365,26163_Detroit_Wayne
26163565100,3107,26163_Detroit_Wayne
26163565200,249,26163_Detroit_Wayne
26163565301,578,26163_Detroit_Wayne
26163565302,509,26163_Detroit_Wayne
26163565600,112,26163_Detroit_Wayne
26163565700,252,26163_Detroit_Wayne
26163565800,470,26163_Detroit_Wayne
26163565900,245,26163_Detroit_Wayne
26163566400,606,26163_Detroit_Wayne
26163566500,1527,26163_Detroit_Wayne
26163566600,397,26163_Detroit_Wayne
26163566700,6288,26163_Detroit_Wayne
26163566800,648,26163_Detroit_Wayne
26163566900,444,26163_Detroit_Wayne
26163567000,146,26163_Detroit_Wayne
26163567100,1433,26163_Detroit_Wayne
26163567201,301,26163_Detroit_Wayne
26163567202,190,26163_Detroit_Wayne
26163567300,241,26163_Detroit_Wayne
26163567400,1026,26163_Detroit_Wayne
26163567800,851,26163_Detroit_Wayne
26163567900,484,26163_Detroit_Wayne
26163568000,751,26163_Detroit_Wayne
26163568200,1270,26163_Detroit_Wayne
26163568300,314,26163_Detroit_Wayne
26163568400,312,26163_Detroit_Wayne
26163568500,148,26163_Detroit_Wayne
26163568700,709,26163_Detroit_Wayne
26163568800,574,26163_Detroit_Wayne
26163568900,1428,26163_Detroit_Wayne
26163569100,278,26163_Detroit_Wayne
26163569200,1458,26163_Detroit_Wayne
26163569300,657,26163_Detroit_Wayne
26163569400,460,26163_Detroit_Wayne
26163569500,222,26163_Detroit_Wayne
26163569600,56,26163_Detroit_Wayne
26163569700,438,26163_Detroit_Wayne
26163569800,490,26163_Detroit_Wayne
26163569900,79,26163_Detroit_Wayne
26163570100,472,26163_Detroit_Wayne
26163570200,174,26163_Detroit_Wayne
26163570400,574,26163_Detroit_Wayne
26163570500,691,26163_Detroit_Wayne
26163570600,110,26163_Detroit_Wayne
26163570800,82,26163_Detroit_Wayne
26163570900,100,26163_Detroit_Wayne
26163571000,117,26163_Detroit_Wayne
26163571500,1021,26163_Detroit_Wayne
26163571600,703,26163_Detroit_Wayne
26163571700,351,26163_Detroit_Wayne
26163571800,374,26163_Detroit_Wayne
26163571900,468,26163_Detroit_Wayne
26163572000,131,26163_Detroit_Wayne
26163572100,1316,26163_Detroit_Wayne
26163572200,1117,26163_Detroit_Wayne
26163572400,511,26163_Detroit_Wayne
26163572500,293,26163_Detroit_Wayne
26163572600,629,26163_Detroit_Wayne
26163572700,468,26163_Detroit_Wayne
26163572800,285,26163_Detroit_Wayne
26163572900,107,26163_Detroit_Wayne
26163573000,798,26163_Detroit_Wayne
26163573100,492,26163_Detroit_Wayne
26163573300,1145,26163_Detroit_Wayne
26163573400,999,26163_Detroit_Wayne
26163573501,2250,26163_Detroit_Wayne
26163573600,2067,26163_Detroit_Wayne
26163573701,142,26163_Detroit_Wayne
26163573702,913,26163_Detroit_Wayne
26163573800,1600,26163_Detroit_Wayne
26163573900,708,26163_Detroit_Wayne
26163574000,2019,26163_Detroit_Wayne
26163574100,1484,26163_Detroit_Wayne
26163574203,958,26163_Detroit_Wayne
26163574301,1459,26163_Detroit_Wayne
26163574600,965,26163_Detroit_Wayne
26163574700,627,26163_Detroit_Wayne
26163574800,130,26163_Detroit_Wayne
26163574900,6243,26163_Detroit_Wayne
26163575000,640,26163_Detroit_Wayne
26163575100,829,26163_Detroit_Wayne
26163575200,1051,26163_Detroit_Wayne
26163575300,587,26163_Detroit_Wayne
26163575401,570,26163_Detroit_Wayne
26163575500,291,26163_Detroit_Wayne
26163575600,656,26163_Detroit_Wayne
26163576001,105,26163_Detroit_Wayne
26163576100,1217,26163_Detroit_Wayne
26163576200,236,26163_Detroit_Wayne
26163576300,265,26163_Detroit_Wayne
26163576400,1543,26163_Detroit_Wayne
26163576500,418,26163_Detroit_Wayne
26163576600,156,26163_Detroit_Wayne
26163576700,305,26163_Detroit_Wayne
26163577000,629,26163_Detroit_Wayne
26163577100,381,26163_Detroit_Wayne
26163577200,744,26163_Detroit_Wayne
26163577300,797,26163_Detroit_Wayne
26163577400,831,26163_Detroit_Wayne
26163577500,178,26163_Detroit_Wayne
26163577600,111,26163_Detroit_Wayne
26163577700,83,26163_Detroit_Wayne
26163577800,696,26163_Detroit_Wayne
26163577900,350,26163_Detroit_Wayne
26163578000,199,26163_Detroit_Wayne
26163578500,775,26163_Detroit_Wayne
26163578600,1626,26163_Detroit_Wayne
26163579100,413,26163_Detroit_Wayne
26163579200,375,26163_Detroit_Wayne
26163579300,114,26163_Detroit_Wayne
26163579501,175,26163_Detroit_Wayne
26163579600,179,26163_Detroit_Wayne
26163579700,73,26163_Detroit_Wayne
26163579800,662,26163_Detroit_Wayne
26163579900,10268,26163_Detroit_Wayne
26163580100,4275,26163_Detroit_Wayne
26163580200,31,26163_Detroit_Wayne
26163580300,103,26163_Detroit_Wayne
26163580400,565,26163_Detroit_Wayne
26163580500,324,26163_Detroit_Wayne
26163580600,359,26163_Detroit_Wayne
26163580700,1391,26163_Detroit_Wayne
26163580800,515,26163_Detroit_Wayne
26163580900,1133,26163_Detroit_Wayne
26163581101,1564,26163_Detroit_Wayne
26163581200,702,26163_Detroit_Wayne
26163581500,219,26163_Detroit_Wayne
26163581600,1764,26163_Detroit_Wayne
26163581800,241,26163_Detroit_Wayne
26163581900,535,26163_Detroit_Wayne
26163582000,1613,26163_Detroit_Wayne
26163582100,685,26163_Detroit_Wayne
26163583001,783,26163_Detroit_Wayne
26163583101,111,26163_Detroit_Wayne
26163583200,1357,26163_Detroit_Wayne
26163583300,665,26163_Detroit_Wayne
26163583400,540,26163_Detroit_Wayne
26163583500,81,26163_Detroit_Wayne
26163583600,66,26163_Detroit_Wayne
26163583700,802,26163_Detroit_Wayne
26163583800,1712,26163_Detroit_Wayne
26163583900,907,26163_Detroit_Wayne
26163584000,407,26163_Detroit_Wayne
26163584100,1278,26163_Detroit_Wayne
26163584200,787,26163_Detroit_Wayne
26163584300,2992,26163_Detroit_Wayne
26163584400,2529,26163_Detroit_Wayne
26163584501,5155,26163_Detroit_Wayne
26163584600,1653,26163_Detroit_Wayne
26163584700,264,26163_Detroit_Wayne
26163584801,59,26163_Detroit_Wayne
26163584802,42,26163_Detroit_Wayne
26163585500,3923,26163_Detroit_Wayne
26163585600,361,26163_Detroit_Wayne
26163585700,701,26163_Detroit_Wayne
26163585800,2869,26163_Detroit_Wayne
26163585900,543,26163_Detroit_Wayne
26163586201,5974,26163_Detroit_Wayne
26163586300,2727,26163_Detroit_Wayne
26163587000,1642,26163_Detroit_Wayne
26163587900,4826,26163_Detroit_Wayne
26163588001,174,26163_Detroit_Wayne
26163588002,74,26163_Detroit_Wayne
26163588101,1295,26163_Detroit_Wayne
26163588102,1279,26163_Detroit_Wayne
26163588200,340,26163_Detroit_Wayne
26163588300,571,26163_Detroit_Wayne
26163588400,820,26163_Detroit_Wayne
26163589300,120,26163_Detroit_Wayne
26163589401,506,26163_Detroit_Wayne
26163589402,104,26163_Detroit_Wayne
26163590401,2287,26163_Detroit_Wayne
26163590500,2939,26163_Detroit_Wayne
26163590600,211,26163_Detroit_Wayne
26163591501,360,26163_Detroit_Wayne
26163591502,3284,26163_Detroit_Wayne
26163591600,1271,26163_Detroit_Wayne
26163591700,387,26163_Detroit_Wayne
26163591800,875,26163_Detroit_Wayne
26163591900,633,26163_Detroit_Wayne
26163592000,160,26163_Detroit_Wayne
26163593001,1369,26163_Detroit_Wayne
26163593200,158,26163_Detroit_Wayne
26163593301,332,26163_Detroit_Wayne
26163594000,1019,26163_Detroit_Wayne
26163594100,540,26163_Detroit_Wayne
26163594200,263,26163_Detroit_Wayne
26163594300,372,26163_Detroit_Wayne
26163594401,1891,26163_Detroit_Wayne
26163594500,277,26163_Detroit_Wayne
26163595000,905,26163_Detroit_Wayne
26163595100,2561,26163_Detroit_Wayne
26163595201,416,26163_Detroit_Wayne
26163596100,395,26163_Detroit_Wayne
26163596200,718,26163_Detroit_Wayne
26163596300,142,26163_Detroit_Wayne
26163597000,715,26163_Detroit_Wayne
26163598000,436,26163_Detroit_Wayne
26163599001,1350,26163_Detroit_Wayne
26163599100,159,26163_Detroit_Wayne
26163981700,3,26163_Detroit_Wayne
26163981800,2651,26163_Detroit_Wayne
26163981901,5824,26163_Detroit_Wayne
26163981902,2791,26163_Detroit_Wayne
26163982000,622,26163_Detroit_Wayne
26163982101,684,26163_Detroit_Wayne
26163982102,2459,26163_Detroit_Wayne
26163982200,114,26163_Detroit_Wayne
26163982301,280,26163_Detroit_Wayne
26163982400,812,26163_Detroit_Wayne
26163982500,776,26163_Detroit_Wayne
26163982600,10,26163_Detroit_Wayne
26163982700,776,26163_Detroit_Wayne
26163982900,554,26163_Detroit_Wayne
26163983100,551,26163_Detroit_Wayne
26163983200,242,26163_Detroit_Wayne
26163983301,3298,26163_Detroit_Wayne
26163983302,4515,26163_Detroit_Wayne
26163983400,4381,26163_Detroit_Wayne
26163983600,471,26163_Detroit_Wayne
26163983700,2584,26163_Detroit_Wayne
26163983800,9872,26163_Detroit_Wayne
26163983901,1626,26163_Detroit_Wayne
26163983902,8711,26163_Detroit_Wayne
26163983903,9749,26163_Detroit_Wayne
26163984100,273,26163_Detroit_Wayne
26163984200,494,26163_Detroit_Wayne
26163985000,541,26163_Detroit_Wayne
26163985100,2448,26163_Detroit_Wayne
26163985200,7327,26163_Detroit_Wayne
26163985300,1544,26163_Detroit_Wayne
26163985400,15400,26163_Detroit_Wayne
26163985500,80,26163_Detroit_Wayne
26163985600,167,26163_Detroit_Wayne
26163985700,8527,26163_Detroit_Wayne
26163985900,195,26163_Detroit_Wayne
26163986300,360,26163_Detroit_Wayne
26163986501,2,26163_Detroit_Wayne
26163986502,500,26163_Detroit_Wayne
26163986600,39,26163_Detroit_Wayne
26163987000,164,26163_Detroit_Wayne