GEOID,City,SR_point_count,311_SRI_score,SNI_score,ES_score
48453000101,austin,1743,53.12,80.96721756,-27.84721756
48453000102,austin,1255,44.87,67.92197237,-23.05197237
48453000203,austin,248,19.22,47.50745056,-28.28745056
48453000204,austin,1622,51.19,73.2321864,-22.0421864
48453000205,austin,1521,49.53,70.92928746,-21.39928746
48453000206,austin,1397,47.42,56.06881604,-8.648816039
48453000302,austin,2586,64.98,85.34272555,-20.36272555
48453000304,austin,1587,50.62,82.17285289,-31.55285289
48453000305,austin,1573,50.39,38.25521539,12.13478461
48453000307,austin,978,39.46,72.053644,-32.593644
48453000308,austin,1124,42.4,44.68978597,-2.289785966
48453000309,austin,1226,44.34,72.90707125,-28.56707125
48453000401,austin,1978,56.67,84.59767001,-27.92767001
48453000402,austin,1617,51.11,87.76754267,-36.65754267
48453000500,austin,2508,63.97,31.50907613,32.46092387
48453000601,austin,498,27.78,48.41506367,-20.63506367
48453000605,austin,2437,63.04,45.40774858,17.63225142
48453000606,austin,2164,59.33,61.96152804,-2.631528041
48453000607,austin,1596,50.77,40.89677594,9.873224059
48453000608,austin,972,39.34,61.47385532,-22.13385532
48453000700,austin,764,34.73,87.57789217,-52.84789217
48453000801,austin,1106,42.05,53.77946356,-11.72946356
48453000802,austin,1421,47.83,47.08751016,0.74248984
48453000803,austin,2398,62.53,73.86887022,-11.33887022
48453000804,austin,1425,47.9,61.64995936,-13.74995936
48453000901,austin,1238,44.56,76.71362774,-32.15362774
48453000902,austin,6040,100,94.78461122,5.215388784
48453001000,austin,2977,69.82,78.43402872,-8.614028719
48453001101,austin,2719,66.67,90.93741533,-24.26741533
48453001102,austin,3406,74.77,85.85749119,-11.08749119
48453001103,austin,2899,68.88,94.28339203,-25.40339203
48453001200,austin,1972,56.58,90.44974262,-33.86974262
48453001304,austin,2202,59.86,77.47222975,-17.61222975
48453001307,austin,1277,45.28,66.59441886,-21.31441886
48453001308,austin,1299,45.68,69.96748849,-24.28748849
48453001309,austin,1093,41.79,64.91465727,-23.12465727
48453001310,austin,1341,46.43,86.0471417,-39.6171417
48453001311,austin,559,29.52,70.96992685,-41.44992685
48453001312,austin,2345,61.82,77.24193985,-15.42193985
48453001401,austin,988,39.67,59.67217556,-20.00217556
48453001402,austin,925,38.34,41.30316987,-2.963169873
48453001403,austin,550,29.27,47.65646166,-18.38646166
48453001501,austin,2435,63.02,76.91682471,-13.89682471
48453001503,austin,1668,51.93,96.20698998,-44.27698998
48453001504,austin,2593,65.07,76.28014088,-11.21014088
48453001505,austin,1667,51.92,60.01083717,-8.090837171
48453001602,austin,1040,40.73,68.49092387,-27.76092387
48453001603,austin,2316,61.43,74.65456516,-13.22456516
48453001604,austin,1835,54.53,10.02438364,44.50561636
48453001605,austin,1676,52.06,64.1831482,-12.1231482
48453001606,austin,6,1.89,10.99972907,-9.109729071
48453001910,austin,1275,45.24,72.89352479,-27.65352479
48453001911,austin,474,27.08,47.43971823,-20.35971823
48453001912,austin,418,25.35,55.12056353,-29.77056353
48453001914,austin,1296,45.62,15.86290978,29.75709022
48453001915,austin,654,32.03,70.4551612,-38.4251612
48453001917,austin,857,36.86,51.7881333,-14.9281333
48453001920,austin,1110,42.12,66.07965321,-23.95965321
48453001922,austin,704,33.28,55.68951504,-22.40951504
48453001923,austin,1193,43.72,18.99214305,24.72785695
48453002002,austin,1625,51.24,69.6559198,-18.4159198
48453002003,austin,1327,46.18,86.02004877,-39.84004877
48453002004,austin,490,27.55,84.85505283,-57.30505283
48453002006,austin,604,30.73,38.10620428,-7.376204281
48453002007,austin,548,29.21,50.92115958,-21.71115958
48453002104,austin,1093,41.79,31.15686806,10.63313194
48453002105,austin,1061,41.15,91.88566784,-50.73566784
48453002106,austin,1131,42.53,28.04118125,14.48881875
48453002107,austin,2034,57.48,14.48117041,42.99882959
48453002108,austin,1129,42.49,42.79328095,-0.303280954
48453002109,austin,4718,88.23,37.26632349,50.96367651
48453002110,austin,2058,57.83,73.54375508,-15.71375508
48453002111,austin,2289,61.06,91.85857491,-30.79857491
48453002112,austin,1307,45.82,28.28501761,17.53498239
48453002113,austin,1147,42.84,15.83581685,27.00418315
48453002201,austin,1554,50.08,41.20834462,8.871655378
48453002213,austin,1288,45.48,13.74966134,31.73033866
48453002214,austin,1348,46.55,75.64345706,-29.09345706
48453002220,austin,519,28.39,31.07558927,-2.685589271
48453002222,austin,1507,49.3,4.483879707,44.81612029
48453002304,austin,499,27.81,41.64183148,-13.83183148
48453002307,austin,1019,40.31,64.35925224,-24.04925224
48453002313,austin,541,29.01,66.33703603,-37.32703603
48453002314,austin,808,35.75,13.62774316,22.12225684
48453002315,austin,697,33.11,17.89487944,15.21512056
48453002316,austin,643,31.75,51.01598483,-19.26598483
48453002320,austin,682,32.74,66.40476836,-33.66476836
48453002321,austin,1010,40.12,28.90815497,11.21184503
48453002322,austin,216,17.85,80.04605798,-62.19605798
48453002323,austin,486,27.43,62.86914115,-35.43914115
48453002324,austin,143,14.28,2.533188838,11.74681116
48453002325,austin,949,38.85,12.3950149,26.4549851
48453002326,austin,63,9.04,0.419940396,8.620059604
48453002327,austin,569,29.79,1.977783798,27.8122162
48453002403,austin,1113,42.18,94.70333243,-52.52333243
48453002409,austin,1078,41.49,29.69384991,11.79615009
48453002410,austin,1177,43.42,30.37117312,13.04882688
48453002411,austin,1526,49.62,95.32646979,-45.70646979
48453002412,austin,2544,64.44,0.745055541,63.69494446
48453002413,austin,999,39.9,5.933351395,33.9666486
48453002419,austin,569,29.79,39.40666486,-9.61666486
48453002422,austin,1760,53.38,76.90327824,-23.52327824
48453002423,austin,1433,48.04,15.71389867,32.32610133
48453002424,austin,1029,40.51,55.60823625,-15.09823625
48453002430,austin,490,27.55,0.948252506,26.60174749
48453002437,austin,1159,43.07,83.25657004,-40.18657004
48453002438,austin,1485,48.93,22.10782986,26.82217014
48453002439,austin,990,39.71,0.731509076,38.97849092
48453002441,austin,1134,42.59,42.5088052,0.081194798
48453002442,austin,1035,40.63,0.487672717,40.14232728
48453002443,austin,452,26.41,65.80872392,-39.39872392
48453002444,austin,1595,50.75,53.38661609,-2.636616093
48453002446,austin,635,31.54,17.50203197,14.03796803
48453002447,austin,1113,42.18,92.42752642,-50.24752642
48453002448,austin,2067,57.96,73.73340558,-15.77340558
48453002451,austin,1028,40.49,37.93010024,2.559899756
48453002452,austin,242,18.97,16.7298835,2.2401165
48453002500,austin,944,38.75,69.52045516,-30.77045516
48453030000,austin,1421,47.83,43.57897589,4.251024113
48453030100,austin,1113,42.18,44.71687889,-2.536878895
48453030200,austin,1239,44.58,88.89189921,-44.31189921
48453030300,austin,1420,47.82,81.73936603,-33.91936603
48453030400,austin,1767,53.49,49.52587375,3.964126253
48453030500,austin,1364,46.84,36.08778109,10.75221891
48453030600,austin,1275,45.24,83.39203468,-38.15203468
48453030700,austin,1702,52.47,12.16472501,40.30527499
48453030800,austin,414,25.22,81.12977513,-55.90977513
48453030900,austin,2478,63.58,52.9666757,10.6133243
48453031000,austin,1511,49.37,16.96017339,32.40982661
48453031200,austin,1657,51.76,49.78325657,1.97674343
48453031300,austin,794,35.43,27.10647521,8.32352479
48453031600,austin,622,31.21,79.49065294,-48.28065294
48453031700,austin,1162,43.13,26.59170956,16.53829044
48453031800,austin,1751,53.24,56.0823625,-2.842362503
48453031900,austin,1623,51.21,46.07152533,5.138474668
48453032000,austin,713,33.5,73.8417773,-40.3417773
48453032200,austin,759,34.61,23.63858033,10.97141967
48453032300,austin,521,28.45,84.58412354,-56.13412354
48453032400,austin,201,17.18,95.0555405,-77.8755405
48453032500,austin,1046,40.85,89.21701436,-48.36701436
48453032600,austin,1355,46.68,15.44296938,31.23703062
48453032700,austin,1208,44,24.62747223,19.37252777
48453032800,austin,465,26.8,21.62015714,5.179842861
48453032900,austin,391,24.47,31.87483067,-7.404830669
48453033000,austin,1187,43.61,49.74261718,-6.132617177
48453033300,austin,1202,43.89,11.33839068,32.55160932
48453033400,austin,789,35.31,35.0176104,0.292389596
48453033500,austin,1210,44.04,19.84557031,24.19442969
48453033700,austin,625,31.28,3.698184774,27.58181523
48453033800,austin,889,37.56,3.156326199,34.4036738
48453034100,austin,246,19.14,52.50609591,-33.36609591
48453034200,austin,517,28.33,50.25738282,-21.92738282
48453034300,austin,945,38.77,5.879165538,32.89083446
48453034400,austin,255,19.51,23.25927933,-3.749279328
48453034500,austin,310,21.65,0.43348686,21.21651314
48453034600,austin,377,24.01,23.21863993,0.791360065
48453034700,austin,1256,44.89,39.08154972,5.808450284
48453034800,austin,1167,43.23,51.05662422,-7.826624221
48453035000,austin,70,9.6,22.78515308,-13.18515308
48453035100,austin,5,1.61,3.318883771,-1.708883771
48453036700,austin,1635,51.4,13.03169873,38.36830127
48453036800,austin,871,37.17,25.67054999,11.49945001
48453037200,austin,1453,48.38,10.36304525,38.01695475
48453040000,austin,1340,46.41,85.89813059,-39.48813059
48453040100,austin,1135,42.61,71.41696017,-28.80696017
48453040200,austin,504,27.96,46.17989705,-18.21989705
48453040300,austin,839,36.45,76.13112978,-39.68112978
48453040400,austin,1391,47.31,96.99268491,-49.68268491
48453040500,austin,1459,48.49,96.59983744,-48.10983744
48453040600,austin,635,31.54,30.26280141,1.277198591
48453040700,austin,1169,43.26,85.07179626,-41.81179626
48453040800,austin,1717,52.71,76.36141967,-23.65141967
48453040900,austin,1935,56.04,60.74234625,-4.702346248
48453041000,austin,1224,44.3,80.64210241,-36.34210241
48453041100,austin,450,26.35,29.34164183,-2.991641831
48453041200,austin,443,26.13,50.16255757,-24.03255757
48453041300,austin,1062,41.17,55.33730696,-14.16730696
48453041400,austin,568,29.76,54.06393931,-24.30393931
48453041500,austin,763,34.7,29.43646708,5.263532918
48453041600,austin,1834,54.52,68.57220266,-14.05220266
48453041700,austin,583,30.17,12.38146844,17.78853156
48453041800,austin,947,38.81,13.84448659,24.96551341
48453041900,austin,805,35.68,45.15036575,-9.470365755
48453042000,austin,786,35.24,39.51503658,-4.275036575
48453042100,austin,1172,43.32,74.42427526,-31.10427526
48453042200,austin,1120,42.32,86.33161745,-44.01161745
48453043000,austin,14,3.57,59.15740992,-55.58740992
48453043100,austin,625,31.28,41.05933351,-9.779333514
48453043200,austin,582,30.14,52.85830398,-22.71830398
48453043300,austin,850,36.7,23.69276619,13.00723381
48453043400,austin,575,29.95,69.99458141,-40.04458141
48453043500,austin,1833,54.5,28.35274993,26.14725007
48453043600,austin,376,23.97,72.32457329,-48.35457329
48453043700,austin,272,20.19,9.089677594,11.10032241
48453043800,austin,848,36.65,3.914928204,32.7350718
48453043900,austin,1444,48.23,82.60633975,-34.37633975
48453044000,austin,429,25.69,76.02275806,-50.33275806
48453044200,austin,282,20.59,62.27309672,-41.68309672
48453045000,austin,572,29.87,4.456786779,25.41321322
48453045100,austin,314,21.79,57.77567055,-35.98567055
48453045200,austin,910,38.02,10.06502303,27.95497697
48453045300,austin,302,21.35,90.49038201,-69.14038201
48453045400,austin,684,32.79,97.38553238,-64.59553238
48453980000,austin,48,7.73,75.60281766,-67.87281766
48491020311,austin,1092,41.77,91.77729613,-50.00729613
48491020403,austin,162,15.29,69.33080466,-54.04080466
48491020404,austin,163,15.34,22.14846925,-6.80846925
48491020405,austin,827,36.18,78.24437822,-42.06437822
48491020406,austin,1093,41.79,79.07071254,-37.28071254
48491020408,austin,460,26.65,87.80818206,-61.15818206
48491020409,austin,451,26.38,31.76645895,-5.386458954
48491020410,austin,701,33.21,61.20292604,-27.99292604
48491020411,austin,87,10.85,43.51124357,-32.66124357
48491020508,austin,631,31.44,79.77512869,-48.33512869
48491020509,austin,516,28.31,2.81766459,25.49233541
48491020513,austin,1,0,22.28393389,-22.28393389
48491020516,austin,681,32.71,36.10132755,-3.391327554
24510010100,baltimore,3585,49.36,74.11270658,-24.75270658
24510010200,baltimore,3706,50.44,44.20211325,6.237886752
24510010300,baltimore,3342,47.13,26.21240856,20.91759144
24510010400,baltimore,2786,41.7,72.46003793,-30.76003793
24510010500,baltimore,2096,34.13,45.38065565,-11.25065565
24510020100,baltimore,2741,41.23,54.9444595,-13.7144595
24510020200,baltimore,3060,44.43,79.45001355,-35.02001355
24510020300,baltimore,4005,53.04,72.37875914,-19.33875914
24510030100,baltimore,2645,40.23,95.19100515,-54.96100515
24510030200,baltimore,1982,32.77,93.53833649,-60.76833649
24510040100,baltimore,8195,82.46,99.79680303,-17.33680303
24510040200,baltimore,647,12.16,93.98536982,-81.82536982
24510060100,baltimore,5860,67.37,39.93497697,27.43502303
24510060200,baltimore,8960,86.92,66.17447846,20.74552154
24510060300,baltimore,4294,55.46,49.18721214,6.272787862
24510060400,baltimore,2570,39.44,90.26009212,-50.82009212
24510070100,baltimore,5919,67.78,49.53942021,18.24057979
24510070200,baltimore,9033,87.34,75.50799241,11.83200759
24510070300,baltimore,4376,56.13,84.15063668,-28.02063668
24510070400,baltimore,1438,25.64,82.8501761,-57.2101761
24510080101,baltimore,5981,68.22,70.25196424,-2.031964237
24510080102,baltimore,4938,60.58,81.38715795,-20.80715795
24510080200,baltimore,6195,69.7,72.41939854,-2.719398537
24510080301,baltimore,5112,61.91,55.52695746,6.383042536
24510080302,baltimore,3643,49.88,59.18450284,-9.304502845
24510080400,baltimore,3171,45.51,49.4310485,-3.921048496
24510080500,baltimore,3411,47.77,81.96965592,-34.19965592
24510080600,baltimore,6210,69.8,44.03955568,25.76044432
24510080700,baltimore,3378,47.46,62.06989976,-14.60989976
24510080800,baltimore,1923,32.05,44.70333243,-12.65333243
24510090100,baltimore,4232,54.95,19.01923598,35.93076402
24510090200,baltimore,3507,48.65,33.36494175,15.28505825
24510090300,baltimore,5198,62.56,53.96911406,8.590885939
24510090400,baltimore,1841,31.03,78.40693579,-47.37693579
24510090500,baltimore,2487,38.55,84.0287185,-45.4787185
24510090600,baltimore,3372,47.4,38.68870225,8.711297751
24510090700,baltimore,7739,79.7,64.54890274,15.15109726
24510090800,baltimore,9454,89.7,97.96803034,-8.268030344
24510090900,baltimore,4048,53.4,46.19344351,7.206556489
24510100100,baltimore,3346,47.16,43.98536982,3.174630182
24510100200,baltimore,1236,22.66,13.51937144,9.140628556
24510100300,baltimore,234,1.21,76.68653481,-75.47653481
24510110100,baltimore,2462,38.28,91.57409916,-53.29409916
24510110200,baltimore,5229,62.79,99.52587375,-36.73587375
24510120100,baltimore,1684,29.01,32.33541046,-3.325410458
24510120201,baltimore,2967,43.52,77.49932268,-33.97932268
24510120202,baltimore,2580,39.55,80.43890545,-40.88890545
24510120300,baltimore,7576,78.7,91.01869412,-12.31869412
24510120400,baltimore,4149,54.26,65.28041181,-11.02041181
24510120500,baltimore,5291,63.25,98.98401517,-35.73401517
24510120600,baltimore,6920,74.53,99.13302628,-24.60302628
24510120700,baltimore,4924,60.48,99.75616364,-39.27616364
24510130100,baltimore,2505,38.74,26.30723381,12.43276619
24510130200,baltimore,2825,42.09,53.16987266,-11.07987266
24510130300,baltimore,5126,62.01,83.90680033,-21.89680033
24510130400,baltimore,3594,49.44,55.98753725,-6.547537253
24510130600,baltimore,4537,57.44,98.75372528,-41.31372528
24510130700,baltimore,4462,56.83,88.68870225,-31.85870225
24510130803,baltimore,2635,40.13,48.17122731,-8.04122731
24510130804,baltimore,2479,38.46,96.36954755,-57.90954755
24510130805,baltimore,1134,21.06,34.15063668,-13.09063668
24510130806,baltimore,1689,29.07,72.96125711,-43.89125711
24510140100,baltimore,3227,46.04,89.86724465,-43.82724465
24510140200,baltimore,3831,51.54,84.80086697,-33.26086697
24510140300,baltimore,6025,68.52,86.48062856,-17.96062856
24510150100,baltimore,3359,47.28,67.89487944,-20.61487944
24510150200,baltimore,4332,55.77,74.61392577,-18.84392577
24510150300,baltimore,3336,47.07,60.28176646,-13.21176646
24510150400,baltimore,5345,63.65,88.28230832,-24.63230832
24510150500,baltimore,2396,37.55,98.45570306,-60.90570306
24510150600,baltimore,6076,68.88,70.84800867,-1.96800867
24510150701,baltimore,2236,35.76,32.05093471,3.709065294
24510150702,baltimore,3226,46.03,5.499864535,40.53013546
24510150800,baltimore,3626,49.72,35.0582498,14.6617502
24510150900,baltimore,4590,57.86,4.497426172,53.36257383
24510151000,baltimore,5288,63.23,73.34055811,-10.11055811
24510151100,baltimore,4941,60.61,73.31346519,-12.70346519
24510151200,baltimore,5717,66.35,59.50961799,6.84038201
24510151300,baltimore,5456,64.47,85.80330534,-21.33330534
24510160100,baltimore,3833,51.55,7.477648334,44.07235167
24510160200,baltimore,2733,41.15,6.339745326,34.81025467
24510160300,baltimore,2309,36.59,62.3950149,-25.8050149
24510160400,baltimore,6674,72.92,73.96369548,-1.043695475
24510160500,baltimore,5774,66.76,91.41154159,-24.65154159
24510160600,baltimore,6369,70.88,55.7030615,15.1769385
24510160700,baltimore,7704,79.49,54.83608778,24.65391222
24510160801,baltimore,3315,46.87,13.14007044,33.72992956
24510160802,baltimore,4576,57.75,20.78027635,36.96972365
24510170100,baltimore,1819,30.75,91.9398537,-61.1898537
24510170200,baltimore,1556,27.29,91.28962341,-63.99962341
24510170300,baltimore,2072,33.85,8.195610946,25.65438905
24510180300,baltimore,3725,50.61,81.44134381,-30.83134381
24510190100,baltimore,3356,47.26,40.19235979,7.067640206
24510190200,baltimore,3943,52.51,66.20157139,-13.69157139
24510190300,baltimore,5873,67.46,80.75047413,-13.29047413
24510200100,baltimore,4008,53.06,46.95204552,6.107954484
24510200200,baltimore,5355,63.72,89.29829315,-25.57829315
24510200300,baltimore,5600,65.51,80.84529938,-15.33529938
24510200400,baltimore,4275,55.3,50.96179897,4.33820103
24510200500,baltimore,8335,83.29,98.29314549,-15.00314549
24510200600,baltimore,4079,53.67,85.64074776,-31.97074776
24510200701,baltimore,5797,66.92,22.09428339,44.82571661
24510200702,baltimore,1771,30.14,15.70035221,14.43964779
24510200800,baltimore,3867,51.85,78.14955297,-26.29955297
24510210100,baltimore,6216,69.84,99.90517475,-30.06517475
24510210200,baltimore,9075,87.58,99.37686264,-11.79686264
24510220100,baltimore,4440,56.65,98.04930913,-41.39930913
24510230100,baltimore,2517,38.87,91.19479816,-52.32479816
24510230200,baltimore,2743,41.25,95.15036575,-53.90036575
24510230300,baltimore,2445,38.09,80.10024384,-42.01024384
24510240100,baltimore,2626,40.03,92.8881062,-52.8581062
24510240200,baltimore,2010,33.11,57.20671905,-24.09671905
24510240300,baltimore,1879,31.5,74.23462476,-42.73462476
24510240400,baltimore,2107,34.26,97.23652127,-62.97652127
24510250101,baltimore,2908,42.93,5.973990788,36.95600921
24510250102,baltimore,2358,37.13,8.398807911,28.73119209
24510250103,baltimore,2895,42.8,94.17502032,-51.37502032
24510250203,baltimore,1167,21.58,42.71200217,-21.13200217
24510250204,baltimore,882,16.76,37.75399621,-20.99399621
24510250205,baltimore,4163,54.37,96.34245462,-41.97245462
24510250206,baltimore,4195,54.64,97.6429152,-43.0029152
24510250207,baltimore,795,15.14,33.39203468,-18.25203468
24510250301,baltimore,4167,54.41,81.22460038,-26.81460038
24510250303,baltimore,3650,49.94,87.23923056,-37.29923056
24510250401,baltimore,8725,85.57,88.30940125,-2.739401246
24510250402,baltimore,6206,69.77,18.42319155,51.34680845
24510250500,baltimore,11399,100,96.17989705,3.820102953
24510250600,baltimore,936,17.73,94.16147386,-76.43147386
24510260101,baltimore,3359,47.28,45.01490111,2.265098889
24510260102,baltimore,3728,50.63,30.77756705,19.85243295
24510260201,baltimore,2053,33.62,64.45407749,-30.83407749
24510260202,baltimore,4341,55.85,25.12869141,30.72130859
24510260203,baltimore,2182,35.14,11.98862097,23.15137903
24510260301,baltimore,6665,72.86,51.88295855,20.97704145
24510260302,baltimore,6619,72.56,54.63289082,17.92710918
24510260303,baltimore,1235,22.64,61.35193714,-38.71193714
24510260401,baltimore,1910,31.89,71.8639935,-39.9739935
24510260402,baltimore,1280,23.33,36.9953942,-13.6653942
24510260403,baltimore,1225,22.49,43.70089407,-21.21089407
24510260404,baltimore,7884,80.59,99.91872121,-19.32872121
24510260501,baltimore,7956,81.02,99.17366567,-18.15366567
24510260604,baltimore,1548,27.18,4.145218098,23.0347819
24510260605,baltimore,6227,69.92,98.84855053,-28.92855053
24510260700,baltimore,4793,59.46,95.24519101,-35.78519101
24510260800,baltimore,7082,75.58,90.07044161,-14.49044161
24510260900,baltimore,4473,56.92,95.39420211,-38.47420211
24510261000,baltimore,7185,76.24,73.8011379,2.438862097
24510261100,baltimore,2574,39.48,78.16309943,-38.68309943
24510270101,baltimore,1761,30.01,16.67569764,13.33430236
24510270102,baltimore,3171,45.51,26.33432674,19.17567326
24510270200,baltimore,2147,34.73,66.26930371,-31.53930371
24510270301,baltimore,2576,39.5,30.83175291,8.668247088
24510270302,baltimore,1436,25.62,35.96586291,-10.34586291
24510270401,baltimore,4590,57.86,44.36467082,13.49532918
24510270402,baltimore,3102,44.84,37.63207803,7.207921972
24510270501,baltimore,3548,49.02,48.52343538,0.496564617
24510270502,baltimore,3692,50.31,51.89650501,-1.586505012
24510270600,baltimore,3957,52.63,53.29179084,-0.661790843
24510270701,baltimore,201,0,7.640205906,-7.640205906
24510270702,baltimore,1580,27.62,40.24654565,-12.62654565
24510270703,baltimore,2282,36.28,33.89325386,2.386746139
24510270801,baltimore,4356,55.97,14.14250881,41.82749119
24510270802,baltimore,3681,50.22,32.52506096,17.69493904
24510270803,baltimore,4029,53.24,48.88918992,4.350810079
24510270804,baltimore,1778,30.23,11.406123,18.823877
24510270805,baltimore,5199,62.56,64.64372799,-2.083727987
24510270901,baltimore,3067,44.5,15.5513411,28.9486589
24510270902,baltimore,3978,52.81,35.30208616,17.50791384
24510270903,baltimore,2462,38.28,55.56759686,-17.28759686
24510271001,baltimore,2289,36.36,16.60796532,19.75203468
24510271002,baltimore,4805,59.55,26.40205906,33.14794094
24510271101,baltimore,825,15.71,28.19019236,-12.48019236
24510271102,baltimore,1319,23.91,41.1406123,-17.2306123
24510271200,baltimore,5176,62.39,76.3885126,-13.9985126
24510271300,baltimore,2184,35.16,47.80547277,-12.64547277
24510271400,baltimore,2295,36.43,58.34462205,-21.91462205
24510271501,baltimore,4344,55.87,87.0360336,-31.1660336
24510271503,baltimore,768,14.62,39.50149011,-24.88149011
24510271600,baltimore,4584,57.81,37.34760228,20.46239772
24510271700,baltimore,5253,62.97,71.52533189,-8.555331888
24510271801,baltimore,4074,53.62,65.5513411,-11.9313411
24510271802,baltimore,4455,56.78,57.55892712,-0.77892712
24510271900,baltimore,3557,49.1,51.30046058,-2.20046058
24510272003,baltimore,4377,56.14,5.852072609,50.28792739
24510272004,baltimore,814,15.5,5.29666757,10.20333243
24510272005,baltimore,1871,31.41,4.876727174,26.53327283
24510272006,baltimore,1881,31.53,25.08805202,6.441947982
24510272007,baltimore,2205,35.4,38.3635871,-2.963587104
24510280101,baltimore,2985,43.7,98.99756164,-55.29756164
24510280102,baltimore,4537,57.44,89.24410729,-31.80410729
24510280200,baltimore,4116,53.98,27.567055,26.412945
24510280301,baltimore,1181,21.8,2.858303983,18.94169602
24510280302,baltimore,1539,27.06,1.137903007,25.92209699
24510280401,baltimore,2751,41.34,33.48685993,7.85314007
24510280402,baltimore,1788,30.36,5.107017069,25.25298293
24510280403,baltimore,3302,46.75,23.4218369,23.3281631
24510280404,baltimore,1771,30.14,5.201842319,24.93815768
24510280500,baltimore,2072,33.85,95.34001626,-61.49001626
24510280600,baltimore,3140,45.21,32.30831753,12.90168247
25025000101,boston,1034,39.37,42.14305066,-2.773050664
25025000102,boston,1173,41.93,97.81901924,-55.88901924
25025000201,boston,1680,50.18,88.83771336,-38.65771336
25025000202,boston,1365,45.23,55.48631807,-10.25631807
25025000301,boston,1157,41.65,55.31021403,-13.66021403
25025000302,boston,1420,46.14,50.33866161,-4.198661609
25025000401,boston,1840,52.52,35.34272555,17.17727445
25025000402,boston,2464,60.77,40.47683555,20.29316445
25025000502,boston,1158,41.66,82.75535085,-41.09535085
25025000503,boston,551,28.74,48.10349499,-19.36349499
25025000505,boston,553,28.79,48.36087781,-19.57087781
25025000506,boston,796,34.54,50.50121918,-15.96121918
25025000601,boston,1566,48.45,78.19019236,-29.74019236
25025000603,boston,161,15.54,38.22812246,-22.68812246
25025000604,boston,783,34.26,40.12462747,-5.864627472
25025000701,boston,1012,38.95,70.69899756,-31.74899756
25025000703,boston,804,34.72,99.34976971,-64.62976971
25025000704,boston,1222,42.8,93.99891628,-51.19891628
25025000804,boston,1852,52.69,98.4421566,-45.7521566
25025000805,boston,1204,42.48,96.53210512,-54.05210512
25025000806,boston,208,17.66,87.69981035,-70.03981035
25025000807,boston,123,13.58,99.02465457,-85.44465457
25025010103,boston,170,15.96,95.75995665,-79.79995665
25025010104,boston,1621,49.29,99.40395557,-50.11395557
25025010204,boston,801,34.65,98.64535356,-63.99535356
25025010205,boston,626,30.63,77.36385803,-46.73385803
25025010206,boston,757,33.69,97.27716066,-63.58716066
25025010300,boston,291,20.89,87.67271742,-66.78271742
25025010403,boston,1138,41.3,78.5559469,-37.2559469
25025010404,boston,668,31.64,91.66892441,-60.02892441
25025010405,boston,552,28.77,98.88918992,-70.11918992
25025010408,boston,281,20.52,18.65348144,1.866518559
25025010500,boston,1456,46.72,94.41885668,-47.69885668
25025010600,boston,1959,54.19,99.07884042,-44.88884042
25025010701,boston,2918,66.14,99.28203739,-33.14203739
25025010702,boston,2482,61,99.47168789,-38.47168789
25025010801,boston,1449,46.61,37.55079924,9.059200759
25025010802,boston,2759,64.31,55.21538878,9.094611216
25025020101,boston,4378,81.01,93.28095367,-12.27095367
25025020200,boston,6671,100,89.08154972,10.91845028
25025020301,boston,574,29.33,92.96938499,-63.63938499
25025020302,boston,2245,58.01,88.20102953,-30.19102953
25025020304,boston,465,26.4,95.43484151,-69.03484151
25025020305,boston,293,20.96,96.35600108,-75.39600108
25025030100,boston,2196,57.37,40.42264969,16.94735031
25025030200,boston,1897,53.33,91.7095638,-38.3795638
25025030301,boston,243,19.09,78.96234083,-59.87234083
25025030302,boston,1690,50.33,99.09238689,-48.76238689
25025030400,boston,3442,71.83,97.54808995,-25.71808995
25025030500,boston,1624,49.34,67.19046329,-17.85046329
25025040100,boston,1207,42.54,92.61717692,-50.07717692
25025040200,boston,650,31.21,51.76104037,-20.55104037
25025040300,boston,1736,51.01,43.55188296,7.458117041
25025040401,boston,1327,44.6,96.70820916,-52.10820916
25025040600,boston,2223,57.73,95.59739908,-37.86739908
25025040801,boston,660,31.45,70.6854511,-39.2354511
25025050101,boston,1575,48.59,26.64589542,21.94410458
25025050200,boston,2010,54.89,69.87266323,-14.98266323
25025050300,boston,648,31.17,52.46545652,-21.29545652
25025050400,boston,1142,41.37,76.60525603,-35.23525603
25025050500,boston,679,31.9,66.87889461,-34.97889461
25025050600,boston,1189,42.22,97.67000813,-55.45000813
25025050700,boston,2008,54.86,68.00325115,-13.14325115
25025050901,boston,2238,57.92,93.34868599,-35.42868599
25025051000,boston,1926,53.73,90.50392847,-36.77392847
25025051101,boston,2240,57.95,86.83283663,-28.88283663
25025051200,boston,1356,45.09,56.46166351,-11.37166351
25025060101,boston,1365,45.23,32.17285289,13.05714711
25025060200,boston,998,38.68,14.06123002,24.61876998
25025060301,boston,1668,50,59.19804931,-9.198049309
25025060400,boston,2631,62.8,44.28339203,18.51660797
25025060501,boston,2025,55.1,49.66133839,5.438661609
25025060601,boston,708,32.58,24.55973991,8.020260092
25025060602,boston,97,12.06,91.87212138,-79.81212138
25025060603,boston,207,17.62,98.65890003,-81.03890003
25025060604,boston,452,26.03,83.71714982,-57.68714982
25025060700,boston,178,16.33,10.15984828,6.17015172
25025060800,boston,2691,63.51,77.01164996,-13.50164996
25025061000,boston,599,29.97,12.93687348,17.03312652
25025061101,boston,162,15.58,32.74180439,-17.16180439
25025061201,boston,1266,43.56,97.75128691,-54.19128691
25025061202,boston,76,10.67,93.10484963,-82.43484963
25025061203,boston,792,34.46,93.67380114,-59.21380114
25025061204,boston,231,18.61,99.44459496,-80.83459496
25025070102,boston,970,38.13,94.71687889,-56.58687889
25025070103,boston,92,11.74,55.94689786,-44.20689786
25025070104,boston,2066,55.65,99.11947982,-43.46947982
25025070201,boston,603,30.07,95.90896776,-65.83896776
25025070202,boston,1803,51.99,96.05797887,-44.06797887
25025070301,boston,3504,72.47,97.30425359,-24.83425359
25025070302,boston,2075,55.77,92.1295042,-36.3595042
25025070402,boston,759,33.73,92.79328095,-59.06328095
25025070501,boston,2502,61.24,80.4930913,-19.2530913
25025070502,boston,2961,66.62,75.92793281,-9.30793281
25025070600,boston,2645,62.97,54.78190192,8.188098076
25025070700,boston,1941,53.94,98.14413438,-44.20413438
25025070801,boston,886,36.44,58.62909781,-22.18909781
25025070802,boston,1944,53.98,81.91547006,-27.93547006
25025070901,boston,916,37.06,35.45109726,1.608902736
25025070902,boston,1923,53.69,63.65483609,-9.964836088
25025071101,boston,3259,69.9,96.51855866,-26.61855866
25025071201,boston,1002,38.76,96.45082633,-57.69082633
25025080100,boston,1734,50.98,99.68843132,-48.70843132
25025080300,boston,1098,40.57,16.59441886,23.97558114
25025080401,boston,605,30.11,71.2544026,-41.1444026
25025080500,boston,644,31.07,37.23923056,-6.169230561
25025080601,boston,763,33.82,95.02844758,-61.20844758
25025080801,boston,341,22.61,81.4819832,-58.8719832
25025080900,boston,1598,48.94,80.31698727,-31.37698727
25025081001,boston,1649,49.72,95.27228393,-45.55228393
25025081101,boston,511,27.68,22.47358439,5.206415606
25025081102,boston,1557,48.31,52.49254944,-4.182549445
25025081200,boston,673,31.76,76.42915199,-44.66915199
25025081301,boston,825,35.17,72.98835004,-37.81835004
25025081302,boston,813,34.91,31.23814684,3.671853156
25025081400,boston,2301,58.73,72.60904904,-13.87904904
25025081500,boston,1112,40.83,4.361961528,36.46803847
25025081700,boston,1620,49.28,29.51774587,19.76225413
25025081800,boston,1684,50.24,19.80493091,30.43506909
25025081900,boston,1273,43.68,17.17691682,26.50308318
25025082000,boston,1278,43.77,28.89460851,14.87539149
25025082100,boston,1168,41.84,54.47033324,-12.63033324
25025090100,boston,1711,50.64,67.75941479,-17.11941479
25025090200,boston,685,32.04,60.48496342,-28.44496342
25025090300,boston,1322,44.52,42.63072338,1.889276619
25025090400,boston,1184,42.13,11.12164725,31.00835275
25025090600,boston,800,34.63,67.66458954,-33.03458954
25025090700,boston,2481,60.98,99.94581414,-38.96581414
25025090901,boston,40,7.74,43.83635871,-36.09635871
25025091001,boston,1473,46.99,96.42373341,-49.43373341
25025091100,boston,2190,57.3,78.7455974,-21.4455974
25025091200,boston,2180,57.17,53.7252777,3.444722297
25025091300,boston,763,33.82,77.187754,-43.367754
25025091400,boston,878,36.28,34.96342455,1.316575454
25025091500,boston,1433,46.35,12.86914115,33.48085885
25025091600,boston,1048,39.64,68.99214305,-29.35214305
25025091700,boston,1103,40.66,22.812246,17.847754
25025091800,boston,1099,40.59,67.50203197,-26.91203197
25025091900,boston,1206,42.52,36.75155784,5.768442157
25025092000,boston,1518,47.7,72.73096722,-25.03096722
25025092101,boston,2759,64.31,99.49878082,-35.18878082
25025092200,boston,1617,49.23,77.60769439,-28.37769439
25025092300,boston,1289,43.96,46.20698998,-2.246989976
25025092400,boston,1868,52.92,67.77296126,-14.85296126
25025100100,boston,1581,48.68,82.02384178,-33.34384178
25025100200,boston,1048,39.64,39.28474668,0.355253319
25025100300,boston,1224,42.83,52.72283934,-9.892839339
25025100400,boston,1652,49.76,49.91872121,-0.158721214
25025100500,boston,2250,58.08,62.54402601,-4.464026009
25025100601,boston,2159,56.89,39.20346789,17.68653211
25025100603,boston,965,38.03,95.12327283,-57.09327283
25025100700,boston,1951,54.08,91.26253048,-37.18253048
25025100800,boston,2022,55.05,78.81332972,-23.76332972
25025100900,boston,1909,53.49,71.57951775,-18.08951775
25025101001,boston,2466,60.8,57.12544026,3.67455974
25025101002,boston,1658,49.85,60.93199675,-11.08199675
25025101101,boston,1322,44.52,29.3551883,15.1648117
25025101102,boston,1458,46.75,83.78488215,-37.03488215
25025110104,boston,676,31.83,79.3145489,-47.4845489
25025110105,boston,1149,41.5,73.59794094,-32.09794094
25025110106,boston,519,27.89,54.84963425,-26.95963425
25025110201,boston,919,37.12,23.28637226,13.83362774
25025110301,boston,1292,44.01,68.95150366,-24.94150366
25025110401,boston,1226,42.87,50.39284747,-7.522847467
25025110403,boston,1868,52.92,20.13004606,32.78995394
25025110501,boston,1220,42.76,17.97615822,24.78384178
25025110502,boston,1576,48.61,75.0203197,-26.4103197
25025110601,boston,1078,40.2,10.75589271,29.44410729
25025110607,boston,1998,54.73,84.31319426,-29.58319426
25025120103,boston,824,35.15,53.02086156,-17.87086156
25025120104,boston,1038,39.45,66.48604714,-27.03604714
25025120105,boston,1274,43.7,19.05987537,24.64012463
25025120201,boston,1578,48.64,95.77350312,-47.13350312
25025120301,boston,2281,58.47,92.76618802,-34.29618802
25025120400,boston,2953,66.53,87.78108914,-21.25108914
25025120500,boston,935,37.44,65.34814413,-27.90814413
25025120600,boston,1177,42,57.0712544,-15.0712544
25025120700,boston,741,33.33,58.87293416,-25.54293416
25025130101,boston,2097,56.07,44.45949607,11.61050393
25025130200,boston,1995,54.69,87.00894067,-32.31894067
25025130300,boston,2051,55.45,57.93822812,-2.488228122
25025130402,boston,1962,54.23,89.10864264,-34.87864264
25025130404,boston,1254,43.36,6.272013005,37.087987
25025130406,boston,971,38.15,12.73367651,25.41632349
25025140102,boston,2305,58.78,75.98211867,-17.20211867
25025140105,boston,1842,52.55,47.4532647,5.096735302
25025140106,boston,247,19.24,7.450555405,11.78944459
25025140107,boston,1418,46.1,18.55865619,27.54134381
25025140201,boston,1080,40.24,83.22947711,-42.98947711
25025140202,boston,2573,62.1,21.14603089,40.95396911
25025140300,boston,3439,71.8,91.49282037,-19.69282037
25025140400,boston,3573,73.18,67.23110268,5.948897318
25025980101,boston,0,0,11.35193714,-11.35193714
25025980300,boston,281,20.52,10.85071796,9.669282037
25025980700,boston,116,13.19,0.636683826,12.55331617
25025980900,boston,25,6.12,8.723923056,-2.603923056
25025981000,boston,44,8.12,5.283121105,2.836878895
25025981100,boston,158,15.39,4.890273639,10.49972636
25025981201,boston,104,12.49,1.801679762,10.68832024
25025981202,boston,146,14.79,98.91628285,-84.12628285
25025981300,boston,20,5.48,91.09997291,-85.61997291
25025981501,boston,168,15.87,14.91465727,0.955342726
25025981600,boston,22,5.74,1.855865619,3.884134381
25025981700,boston,270,20.12,20.63126524,-0.51126524
25025981800,boston,317,21.8,13.1942563,8.605743701
25025981900,boston,8,3.46,26.98455703,-23.52455703
25025990101,boston,2,1.73,37.21213763,-35.48213763
37119000101,charlotte,239,11.35,98.11704145,-86.76704145
37119000102,charlotte,913,25.13,96.62693037,-71.49693037
37119000103,charlotte,537,18.55,75.27770252,-56.72770252
37119000104,charlotte,430,16.28,94.73042536,-78.45042536
37119000301,charlotte,383,15.19,83.60877811,-68.41877811
37119000302,charlotte,915,25.16,63.12652398,-37.96652398
37119000401,charlotte,680,21.27,80.50663777,-59.23663777
37119000402,charlotte,1145,28.52,97.4532647,-68.9332647
37119000501,charlotte,1238,29.78,84.40801951,-54.62801951
37119000502,charlotte,594,19.67,74.80357627,-55.13357627
37119000503,charlotte,1399,31.85,74.00433487,-42.15433487
37119000600,charlotte,1562,33.83,91.60119209,-57.77119209
37119000700,charlotte,1976,38.44,84.29964779,-45.85964779
37119000800,charlotte,3884,55.13,60.8371715,-5.707171498
37119000900,charlotte,3042,48.44,14.41343809,34.02656191
37119001000,charlotte,4278,58.01,51.66621512,6.343784882
37119001100,charlotte,4099,56.72,78.61013276,-21.89013276
37119001200,charlotte,6792,73.91,26.34787321,47.56212679
37119001300,charlotte,6924,74.65,66.32348957,8.326510431
37119001400,charlotte,4658,60.67,70.27905717,-9.609057166
37119001504,charlotte,8220,81.62,54.48387971,27.13612029
37119001505,charlotte,5510,66.26,70.90219453,-4.642194527
37119001507,charlotte,3674,53.54,16.160932,37.379068
37119001508,charlotte,8822,84.66,64.11541588,20.54458412
37119001509,charlotte,5399,65.56,69.83202384,-4.272023842
37119001510,charlotte,4576,60.11,23.11026822,36.99973178
37119001603,charlotte,4352,58.54,13.61419669,44.92580331
37119001605,charlotte,1915,37.79,5.94689786,31.84310214
37119001606,charlotte,4831,61.84,19.00568952,42.83431048
37119001607,charlotte,2025,38.95,25.64345706,13.30654294
37119001608,charlotte,5233,64.49,38.72934164,25.76065836
37119001609,charlotte,3773,54.29,24.24817123,30.04182877
37119001701,charlotte,3701,53.74,26.14467624,27.59532376
37119001702,charlotte,6538,72.45,73.76049851,-1.31049851
37119001801,charlotte,2245,41.17,89.44730425,-48.27730425
37119001802,charlotte,5449,65.87,90.32782444,-24.45782444
37119001910,charlotte,4427,59.07,60.57978868,-1.509788675
37119001911,charlotte,8711,84.11,4.86318071,79.24681929
37119001914,charlotte,5451,65.89,84.04226497,-18.15226497
37119001916,charlotte,5561,66.58,46.36954755,20.21045245
37119001918,charlotte,2727,45.69,66.49959361,-20.80959361
37119001919,charlotte,5312,65,44.02600921,20.97399079
37119001920,charlotte,5464,65.97,36.4264427,29.5435573
37119001921,charlotte,3871,55.04,44.82525061,10.21474939
37119001922,charlotte,5631,67.02,82.86372257,-15.84372257
37119001923,charlotte,3609,53.03,28.81332972,24.21667028
37119001924,charlotte,2866,46.92,20.33324302,26.58675698
37119001925,charlotte,3052,48.52,55.54050393,-7.020503928
37119001926,charlotte,3764,54.23,61.10810079,-6.878100786
37119001927,charlotte,827,23.77,58.26334327,-34.49334327
37119002004,charlotte,5156,63.99,25.69764292,38.29235708
37119002005,charlotte,1940,38.06,52.20807369,-14.14807369
37119002006,charlotte,6577,72.68,28.3662964,44.3137036
37119002007,charlotte,4258,57.87,51.58493633,6.285063668
37119002008,charlotte,6308,71.11,12.30018965,58.80981035
37119002100,charlotte,4200,57.46,20.08940666,37.37059334
37119002201,charlotte,3427,51.6,26.07694392,25.52305608
37119002202,charlotte,3256,50.22,41.53345977,8.686540233
37119002300,charlotte,4025,56.18,86.16905988,-29.98905988
37119002400,charlotte,3182,49.61,74.43782173,-24.82782173
37119002500,charlotte,2168,40.41,93.727987,-53.317987
37119002600,charlotte,1465,32.66,65.78163099,-33.12163099
37119002701,charlotte,1789,36.42,38.45841235,-2.038412354
37119002702,charlotte,6536,72.44,30.3440802,42.0959198
37119002800,charlotte,4411,58.96,57.82985641,1.130143593
37119002903,charlotte,3616,53.09,67.3394744,-14.2494744
37119002905,charlotte,3623,53.14,19.66946627,33.47053373
37119002907,charlotte,3972,55.79,43.02357085,12.76642915
37119002908,charlotte,5618,66.94,12.31373611,54.62626389
37119002909,charlotte,1790,36.43,68.7076673,-32.2776673
37119002910,charlotte,3715,53.85,52.87185045,0.978149553
37119003006,charlotte,6129,70.05,8.439447304,61.6105527
37119003008,charlotte,8710,84.1,62.73367651,21.36632349
37119003012,charlotte,5302,64.94,19.5069087,45.4330913
37119003013,charlotte,8768,84.39,40.81549716,43.57450284
37119003015,charlotte,8510,83.1,13.30262801,69.79737199
37119003016,charlotte,4770,61.43,21.91817936,39.51182064
37119003017,charlotte,7161,75.97,9.401246275,66.56875373
37119003018,charlotte,4305,58.21,24.35654294,33.85345706
37119003019,charlotte,3764,54.23,15.67325928,38.55674072
37119003020,charlotte,7263,76.53,19.54754809,56.98245191
37119003021,charlotte,3607,53.02,10.29531292,42.72468708
37119003022,charlotte,6242,70.72,65.9306421,4.789357898
37119003102,charlotte,5728,67.62,73.4218369,-5.801836901
37119003105,charlotte,7313,76.8,22.32457329,54.47542671
37119003106,charlotte,3531,52.42,57.28799783,-4.867997833
37119003108,charlotte,3756,54.17,27.44513682,26.72486318
37119003109,charlotte,1068,27.44,20.84800867,6.59199133
37119003110,charlotte,5103,63.65,74.64101869,-10.99101869
37119003111,charlotte,3902,55.27,60.70170685,-5.431706855
37119003201,charlotte,3741,54.05,88.03847196,-33.98847196
37119003203,charlotte,2769,46.07,0.894066649,45.17593335
37119003204,charlotte,5435,65.79,55.79788675,9.992113248
37119003301,charlotte,820,23.66,29.20617719,-5.546177188
37119003302,charlotte,3431,51.63,37.2256841,14.4043159
37119003401,charlotte,1671,35.1,70.33324302,-35.23324302
37119003402,charlotte,5752,67.77,72.36521268,-4.595212679
37119003500,charlotte,3590,52.89,74.55973991,-21.66973991
37119003600,charlotte,5679,67.31,94.52722839,-27.21722839
37119003701,charlotte,851,24.16,85.99295584,-61.83295584
37119003702,charlotte,1180,29,81.08913574,-52.08913574
37119003802,charlotte,5708,67.49,96.01733947,-28.52733947
37119003805,charlotte,1369,31.47,86.37225684,-54.90225684
37119003807,charlotte,5309,64.98,95.20455161,-30.22455161
37119003808,charlotte,2453,43.18,30.31698727,12.86301273
37119003809,charlotte,3604,52.99,42.18369006,10.80630994
37119003810,charlotte,4049,56.36,42.80682742,13.55317258
37119003811,charlotte,3191,49.68,58.20915741,-8.52915741
37119003902,charlotte,8431,82.7,71.83690057,10.86309943
37119003903,charlotte,1795,36.49,90.20590626,-53.71590626
37119004000,charlotte,9035,85.72,98.33378488,-12.61378488
37119004101,charlotte,2527,43.87,87.1850447,-43.3150447
37119004102,charlotte,2982,47.92,89.36602547,-41.44602547
37119004200,charlotte,7814,79.5,94.21565971,-14.71565971
37119004302,charlotte,9577,88.34,70.94283392,17.39716608
37119004303,charlotte,4940,62.57,29.3145489,33.2554511
37119004304,charlotte,6893,74.48,77.83798429,-3.357984286
37119004306,charlotte,2467,43.31,67.96261176,-24.65261176
37119004307,charlotte,5579,66.69,11.43321593,55.25678407
37119004400,charlotte,6900,74.52,93.21322135,-18.69322135
37119004500,charlotte,6470,72.06,83.6494175,-11.5894175
37119004600,charlotte,6906,74.55,59.56380385,14.98619615
37119004700,charlotte,2413,42.8,52.22162016,-9.421620157
37119004800,charlotte,8601,83.56,65.30750474,18.25249526
37119004900,charlotte,1517,33.29,71.76916825,-38.47916825
37119005000,charlotte,2318,41.89,6.732592793,35.15740721
37119005100,charlotte,4959,62.7,96.38309401,-33.68309401
37119005200,charlotte,3134,49.21,96.78948794,-47.57948794
37119005301,charlotte,4260,57.89,95.23164454,-37.34164454
37119005305,charlotte,7566,78.18,13.22134923,64.95865077
37119005306,charlotte,4002,56.01,94.68978597,-38.67978597
37119005307,charlotte,2715,45.59,34.55703062,11.03296938
37119005308,charlotte,431,16.3,48.83500406,-32.53500406
37119005403,charlotte,9786,89.33,18.59929558,70.73070442
37119005404,charlotte,10579,93.01,56.80032512,36.20967488
37119005405,charlotte,5752,67.77,64.27797345,3.492026551
37119005406,charlotte,7361,77.07,56.15009483,20.91990517
37119005508,charlotte,6358,71.41,60.4578705,10.9521295
37119005510,charlotte,11566,97.39,56.19073422,41.19926578
37119005511,charlotte,1493,33,68.24708751,-35.24708751
37119005512,charlotte,9055,85.81,10.24112707,75.56887293
37119005513,charlotte,7360,77.06,5.188295855,71.87170415
37119005515,charlotte,3011,48.17,11.93443511,36.23556489
37119005516,charlotte,2396,42.64,10.87781089,31.76218911
37119005517,charlotte,5267,64.71,50.66377675,14.04622325
37119005520,charlotte,7059,75.4,57.31509076,18.08490924
37119005522,charlotte,4413,58.97,33.73069629,25.23930371
37119005525,charlotte,4999,62.96,33.50040639,29.45959361
37119005526,charlotte,3976,55.82,19.33080466,36.48919534
37119005527,charlotte,4013,56.09,13.65483609,42.43516391
37119005528,charlotte,4483,59.46,27.53996207,31.92003793
37119005529,charlotte,2385,42.53,25.30479545,17.22520455
37119005530,charlotte,4896,62.28,38.4042265,23.8757735
37119005532,charlotte,758,22.63,8.872934164,13.75706584
37119005533,charlotte,360,14.63,45.04199404,-30.41199404
37119005534,charlotte,1093,27.79,91.18125169,-63.39125169
37119005535,charlotte,3682,53.6,28.29856407,25.30143593
37119005536,charlotte,6849,74.23,92.90165267,-18.67165267
37119005604,charlotte,1558,33.78,90.70712544,-56.92712544
37119005609,charlotte,1273,30.24,36.91411542,-6.674115416
37119005610,charlotte,4161,57.17,19.22243295,37.94756705
37119005611,charlotte,5202,64.29,21.37632078,42.91367922
37119005612,charlotte,7571,78.2,51.38173937,26.81826063
37119005613,charlotte,3423,51.57,65.87645624,-14.30645624
37119005615,charlotte,2656,45.06,7.382823083,37.67717692
37119005616,charlotte,708,21.76,7.206719046,14.55328095
37119005617,charlotte,4886,62.21,2.966675698,59.2433243
37119005618,charlotte,5213,64.36,7.816309943,56.54369006
37119005619,charlotte,7479,77.71,18.0980764,59.6119236
37119005622,charlotte,1709,35.53,9.157409916,26.37259008
37119005623,charlotte,2779,46.16,54.99864535,-8.838645354
37119005625,charlotte,8007,80.51,25.52153888,54.98846112
37119005626,charlotte,5045,63.27,24.87130859,38.39869141
37119005627,charlotte,12175,100,38.91899214,61.08100786
37119005716,charlotte,6194,70.44,9.780547277,60.65945272
37119005723,charlotte,1687,35.28,12.54402601,22.73597399
37119005811,charlotte,9373,87.36,45.97670008,41.38329992
37119005815,charlotte,5482,66.08,68.19290165,-2.112901653
37119005816,charlotte,5584,66.72,66.58087239,0.139127608
37119005817,charlotte,7517,77.91,40.07044161,37.83955839
37119005824,charlotte,2398,42.66,89.88079111,-47.22079111
37119005826,charlotte,5002,62.98,48.04930913,14.93069087
37119005827,charlotte,2754,45.94,56.62422108,-10.68422108
37119005828,charlotte,6864,74.31,34.16418315,40.14581685
37119005830,charlotte,7769,79.26,15.64616635,63.61383365
37119005832,charlotte,3363,51.09,9.360606882,41.72939312
37119005839,charlotte,2516,43.77,68.30127337,-24.53127337
37119005840,charlotte,2266,41.38,70.00812788,-28.62812788
37119005843,charlotte,3024,48.28,65.63261989,-17.35261989
37119005845,charlotte,4118,56.86,69.58818748,-12.72818748
37119005846,charlotte,4827,61.82,30.98076402,30.83923598
37119005847,charlotte,6524,72.37,24.45136819,47.91863181
37119005848,charlotte,8114,81.07,11.73123815,69.33876185
37119005849,charlotte,4485,59.48,13.68192902,45.79807098
37119005850,charlotte,1653,34.89,46.05797887,-11.16797887
37119005851,charlotte,5771,67.88,37.09021945,30.78978055
37119005852,charlotte,2373,42.42,7.437008941,34.98299106
37119005853,charlotte,1783,36.36,60.09211596,-23.73211596
37119005854,charlotte,818,23.62,71.87753996,-48.25753996
37119005855,charlotte,2812,46.45,70.46870767,-24.01870767
37119005856,charlotte,1413,32.02,2.099701978,29.92029802
37119005857,charlotte,690,21.44,10.98618261,10.45381739
37119005859,charlotte,3057,48.56,35.35627201,13.20372799
37119005860,charlotte,2349,42.19,55.62178271,-13.43178271
37119005861,charlotte,3452,51.8,16.540233,35.259767
37119005862,charlotte,4143,57.04,4.036846383,53.00315362
37119005863,charlotte,3794,54.45,26.84909239,27.60090761
37119005864,charlotte,4184,57.34,27.02519642,30.31480358
37119005910,charlotte,3703,53.76,38.37713357,15.38286643
37119005913,charlotte,9323,87.12,89.46085072,-2.340850718
37119005915,charlotte,292,12.87,79.42292062,-66.55292062
37119005916,charlotte,2599,44.54,71.11893796,-26.57893796
37119005918,charlotte,8081,80.9,50.13546464,30.76453536
37119005921,charlotte,1178,28.97,68.63993498,-39.66993498
37119005922,charlotte,7344,76.97,9.72636142,67.24363858
37119005923,charlotte,5153,63.97,33.02628014,30.94371986
37119005924,charlotte,6316,71.16,71.74207532,-0.582075318
37119005927,charlotte,3680,53.58,68.82958548,-15.24958548
37119005928,charlotte,1583,34.08,69.23597941,-35.15597941
37119005929,charlotte,3685,53.62,35.09888919,18.52111081
37119005930,charlotte,2953,47.68,91.81793552,-44.13793552
37119005931,charlotte,4912,62.39,4.592251422,57.79774858
37119005932,charlotte,2549,44.08,58.61555134,-14.53555134
37119006008,charlotte,7027,75.23,38.09265782,37.13734218
37119006009,charlotte,6080,69.76,55.44567868,14.31432132
37119006011,charlotte,6935,74.71,34.71958819,39.99041181
37119006012,charlotte,8227,81.65,57.09834733,24.55165267
37119006014,charlotte,5100,63.63,11.46030886,52.16969114
37119006015,charlotte,7180,76.07,18.96505012,57.10494988
37119006016,charlotte,5390,65.5,74.66811162,-9.168111623
37119006108,charlotte,7973,80.33,10.18694121,70.14305879
37119006109,charlotte,6036,69.49,66.7298835,2.7601165
37119006110,charlotte,9913,89.93,36.83283663,53.09716337
37119006112,charlotte,1296,30.54,76.97101057,-46.43101057
37119006113,charlotte,2386,42.54,20.91574099,21.62425901
37119006114,charlotte,4596,60.25,18.91086426,41.33913574
37119006115,charlotte,706,21.73,66.10674614,-44.37674614
37119980100,charlotte,11,0,99.4310485,-99.4310485
37119980200,charlotte,30,2.02,99.51232728,-97.49232728
37119980300,charlotte,35,2.43,91.69601734,-89.26601734
17031010100,chicago,597,28.39,60.13275535,-31.74275535
17031010201,chicago,1114,38.78,59.10322406,-20.32322406
17031010202,chicago,867,34.21,80.08669737,-45.87669737
17031010300,chicago,990,36.56,80.77756705,-44.21756705
17031010501,chicago,665,29.96,38.20102953,-8.241029531
17031010502,chicago,962,36.04,72.13492279,-36.09492279
17031010503,chicago,819,33.25,64.3727987,-31.1227987
17031010600,chicago,1650,47.2,91.98049309,-44.78049309
17031010701,chicago,686,30.43,37.72690328,-7.296903278
17031010702,chicago,1208,40.38,93.1183961,-52.7383961
17031020100,chicago,583,28.06,40.26009212,-12.20009212
17031020200,chicago,1868,50.22,60.75589271,-10.53589271
17031020301,chicago,711,30.98,18.80249255,12.17750745
17031020302,chicago,1070,38.01,50.55540504,-12.54540504
17031020400,chicago,850,33.88,23.6114874,10.2685126
17031020500,chicago,936,35.55,32.4708751,3.079124898
17031020601,chicago,1072,38.04,49.09238689,-11.05238689
17031020602,chicago,988,36.52,76.99810349,-40.47810349
17031020701,chicago,975,36.28,80.62855595,-44.34855595
17031020702,chicago,1337,42.49,80.19506909,-37.70506909
17031020801,chicago,1711,48.06,88.24166892,-40.18166892
17031020802,chicago,1905,50.71,93.94473043,-43.23473043
17031020901,chicago,1028,37.25,65.61907342,-28.36907342
17031020902,chicago,560,27.5,87.72690328,-60.22690328
17031030101,chicago,363,22.14,35.84394473,-13.70394473
17031030102,chicago,345,21.58,42.45461934,-20.87461934
17031030104,chicago,191,16.06,14.84692495,1.213075047
17031030200,chicago,2242,55.02,85.2479003,-30.2279003
17031030300,chicago,1131,39.08,56.59712815,-17.51712815
17031030400,chicago,1092,38.4,70.65835817,-32.25835817
17031030500,chicago,1857,50.07,87.91655378,-37.84655378
17031030601,chicago,358,21.98,27.13356814,-5.153568139
17031030603,chicago,595,28.34,88.91899214,-60.57899214
17031030604,chicago,338,21.36,3.291790843,18.06820916
17031030701,chicago,252,18.45,92.30560824,-73.85560824
17031030702,chicago,25,5.81,11.51449472,-5.704494717
17031030703,chicago,673,30.14,81.27878624,-51.13878624
17031030706,chicago,661,29.87,35.53237605,-5.66237605
17031030800,chicago,2220,54.75,91.43863452,-36.68863452
17031030900,chicago,1600,46.48,92.53589813,-46.05589813
17031031000,chicago,1670,47.48,88.18748307,-40.70748307
17031031100,chicago,1254,41.15,85.4375508,-44.2875508
17031031200,chicago,1298,41.86,97.50745056,-55.64745056
17031031300,chicago,915,35.15,20.18423192,14.96576808
17031031400,chicago,1444,44.15,28.54240043,15.60759957
17031031501,chicago,367,22.26,42.91519913,-20.65519913
17031031502,chicago,516,26.39,64.95529667,-38.56529667
17031031700,chicago,1619,46.75,82.71471146,-35.96471146
17031031800,chicago,664,29.94,73.55730154,-43.61730154
17031031900,chicago,787,32.6,67.9084259,-35.3084259
17031032100,chicago,1409,43.61,88.5532376,-44.9432376
17031040100,chicago,1675,47.55,86.77865077,-39.22865077
17031040201,chicago,2133,53.66,94.40531021,-40.74531021
17031040202,chicago,1100,38.54,73.74695205,-35.20695205
17031040300,chicago,1136,39.16,15.00948253,24.15051747
17031040401,chicago,1119,38.87,65.44296938,-26.57296938
17031040402,chicago,1137,39.18,90.92386887,-51.74386887
17031040600,chicago,985,36.47,94.55432132,-58.08432132
17031040700,chicago,1267,41.36,91.35735573,-49.99735573
17031040800,chicago,599,28.44,57.61311298,-29.17311298
17031040900,chicago,685,30.41,59.34706042,-28.93706042
17031050100,chicago,1119,38.87,97.4126253,-58.5426253
17031050200,chicago,1700,47.91,83.97453265,-36.06453265
17031050300,chicago,1085,38.27,87.09021945,-48.82021945
17031050500,chicago,2035,52.42,78.98943376,-26.56943376
17031050600,chicago,1381,43.18,98.83500406,-55.65500406
17031050700,chicago,486,25.62,53.22405852,-27.60405852
17031050800,chicago,579,27.96,38.29585478,-10.33585478
17031050900,chicago,538,26.95,38.32294771,-11.37294771
17031051000,chicago,644,29.49,40.74776483,-11.25776483
17031051100,chicago,543,27.08,51.40883229,-24.32883229
17031051200,chicago,692,30.57,38.35004064,-7.780040639
17031051300,chicago,782,32.49,34.48929829,-1.999298293
17031051400,chicago,984,36.45,22.98835004,13.46164996
17031060100,chicago,1122,38.92,61.026822,-22.106822
17031060200,chicago,746,31.74,87.40178813,-55.66178813
17031060300,chicago,1202,40.28,72.22974804,-31.94974804
17031060400,chicago,916,35.17,68.76185316,-33.59185316
17031060500,chicago,448,24.59,33.16174478,-8.571744785
17031060800,chicago,392,23,31.69872663,-8.698726632
17031060900,chicago,638,29.35,42.53589813,-13.18589813
17031061000,chicago,476,25.35,70.18423192,-44.83423192
17031061100,chicago,444,24.48,76.04985099,-51.56985099
17031061200,chicago,520,26.5,60.72879978,-34.22879978
17031061500,chicago,460,24.92,79.74803576,-54.82803576
17031061800,chicago,169,15.11,55.45922514,-40.34922514
17031061901,chicago,433,24.18,65.22622596,-41.04622596
17031062000,chicago,669,30.05,78.00054186,-47.95054186
17031062100,chicago,1254,41.15,90.82904362,-49.67904362
17031062200,chicago,835,33.58,68.46383094,-34.88383094
17031062300,chicago,418,23.76,34.47575183,-10.71575183
17031062400,chicago,488,25.67,31.11622866,-5.446228664
17031062500,chicago,1001,36.76,82.4708751,-45.7108751
17031062600,chicago,881,34.49,71.18667028,-36.69667028
17031062700,chicago,2087,53.08,76.51043078,-23.43043078
17031062800,chicago,1254,41.15,61.74478461,-20.59478461
17031062900,chicago,850,33.88,52.5873747,-18.7073747
17031063000,chicago,1409,43.61,95.6651314,-52.0551314
17031063100,chicago,604,28.56,78.21728529,-49.65728529
17031063200,chicago,941,35.64,38.71579518,-3.075795177
17031063301,chicago,431,24.12,65.05012192,-40.93012192
17031063302,chicago,260,18.74,45.19100515,-26.45100515
17031063303,chicago,217,17.12,10.10566242,7.014337578
17031063400,chicago,1065,37.92,79.00298022,-41.08298022
17031070101,chicago,1032,37.33,40.21945272,-2.889452723
17031070102,chicago,555,27.37,69.30371173,-41.93371173
17031070103,chicago,361,22.08,50.58249797,-28.50249797
17031070200,chicago,1502,45.03,78.63722568,-33.60722568
17031070300,chicago,2583,59.05,84.39447304,-25.34447304
17031070400,chicago,1460,44.4,48.72663235,-4.326632349
17031070500,chicago,862,34.11,67.74586833,-33.63586833
17031070600,chicago,1123,38.94,47.56163641,-8.621636413
17031070700,chicago,1913,50.82,89.70468708,-38.88468708
17031071000,chicago,716,31.09,64.50826334,-33.41826334
17031071100,chicago,1320,42.21,95.52966676,-53.31966676
17031071200,chicago,1157,39.52,58.92712002,-19.40712002
17031071300,chicago,870,34.27,53.25115145,-18.98115145
17031071400,chicago,888,34.62,71.09184503,-36.47184503
17031071500,chicago,2032,52.38,54.64643728,-2.26643728
17031071600,chicago,436,24.26,7.071254403,17.1887456
17031071700,chicago,367,22.26,15.14494717,7.115052831
17031071800,chicago,635,29.28,72.31102682,-43.03102682
17031080100,chicago,758,31.99,44.93362232,-12.94362232
17031080201,chicago,364,22.17,38.76998103,-16.59998103
17031080202,chicago,498,25.93,72.17556218,-46.24556218
17031080300,chicago,1443,44.14,95.61094554,-51.47094554
17031080400,chicago,843,33.74,86.1961528,-52.4561528
17031081000,chicago,988,36.52,72.20265511,-35.68265511
17031081100,chicago,548,27.2,85.35627201,-58.15627201
17031081201,chicago,830,33.47,89.81305879,-56.34305879
17031081300,chicago,484,25.56,82.29477106,-56.73477106
17031081401,chicago,628,29.12,88.47195882,-59.35195882
17031081402,chicago,602,28.51,62.7743159,-34.2643159
17031081500,chicago,1744,48.52,91.45218098,-42.93218098
17031081600,chicago,1158,39.54,78.90815497,-39.36815497
17031081700,chicago,2284,55.53,90.73421837,-35.20421837
17031081800,chicago,3316,66.91,97.34489298,-30.43489298
17031081900,chicago,127,13.09,13.35681387,-0.266813872
17031090100,chicago,1146,39.33,46.58629098,-7.256290978
17031090200,chicago,2471,57.76,91.73665673,-33.97665673
17031090300,chicago,683,30.37,75.33188838,-44.96188838
17031100100,chicago,1617,46.72,92.82037388,-46.10037388
17031100200,chicago,3108,64.78,88.82416689,-24.04416689
17031100300,chicago,2775,61.21,59.21159577,1.998404226
17031100400,chicago,1541,45.61,50.51476565,-4.904765646
17031100500,chicago,2397,56.89,84.12354376,-27.23354376
17031100600,chicago,2293,55.64,92.49525874,-36.85525874
17031100700,chicago,1789,49.15,22.52777025,26.62222975
17031110100,chicago,1760,48.75,87.53725278,-38.78725278
17031110200,chicago,1287,41.68,93.38932539,-51.70932539
17031110300,chicago,1872,50.27,67.01435925,-16.74435925
17031110400,chicago,1748,48.58,85.38336494,-36.80336494
17031110501,chicago,1679,47.61,36.72446491,10.88553509
17031110502,chicago,1665,47.41,92.54944459,-45.13944459
17031120100,chicago,1797,49.26,62.24600379,-12.98600379
17031120200,chicago,2077,52.95,87.95719317,-35.00719317
17031120300,chicago,2863,62.17,81.56326199,-19.39326199
17031120400,chicago,1823,49.61,86.85992956,-37.24992956
17031130100,chicago,1673,47.53,85.19371444,-37.66371444
17031130200,chicago,880,34.47,72.44649147,-37.97649147
17031130300,chicago,1273,41.46,49.64779193,-8.187791926
17031140100,chicago,1128,39.02,37.9842861,1.035713899
17031140200,chicago,1871,50.26,75.48089949,-25.22089949
17031140301,chicago,641,29.42,65.47006231,-36.05006231
17031140302,chicago,1235,40.83,30.81820645,10.01179355
17031140400,chicago,2338,56.18,98.03576267,-41.85576267
17031140500,chicago,1399,43.46,70.53643999,-27.07643999
17031140601,chicago,1043,37.53,54.74126253,-17.21126253
17031140602,chicago,1463,44.44,48.00866974,-3.568669737
17031140701,chicago,925,35.34,90.47683555,-55.13683555
17031140702,chicago,1647,47.15,70.31969656,-23.16969656
17031140800,chicago,2204,54.55,88.72934164,-34.17934164
17031150200,chicago,3381,67.56,99.2007586,-31.6407586
17031150300,chicago,2892,62.49,64.15605527,-1.66605527
17031150401,chicago,1675,47.55,52.37063127,-4.820631265
17031150402,chicago,1531,45.46,74.19398537,-28.73398537
17031150501,chicago,1134,39.13,10.74234625,28.38765375
17031150502,chicago,1480,44.7,45.0961799,-0.396179897
17031150600,chicago,1528,45.42,71.03765917,-25.61765917
17031150700,chicago,1469,44.53,46.80303441,-2.273034408
17031150800,chicago,1796,49.24,75.38607423,-26.14607423
17031151001,chicago,916,35.17,19.34435112,15.82564888
17031151002,chicago,1566,45.98,92.11595774,-46.13595774
17031151100,chicago,1757,48.7,57.51828773,-8.818287727
17031151200,chicago,1730,48.33,60.26821999,-11.93821999
17031160100,chicago,1364,42.91,83.44622054,-40.53622054
17031160200,chicago,1833,49.75,98.71308588,-48.96308588
17031160300,chicago,1162,39.61,74.13979951,-34.52979951
17031160400,chicago,2073,52.9,90.04334869,-37.14334869
17031160501,chicago,1087,38.31,37.29341642,1.016583582
17031160502,chicago,1619,46.75,67.65104308,-20.90104308
17031160601,chicago,1161,39.59,74.24817123,-34.65817123
17031160602,chicago,1180,39.91,57.95177459,-18.04177459
17031160700,chicago,2020,52.22,88.16039014,-35.94039014
17031160800,chicago,2690,60.26,86.64318613,-26.38318613
17031160900,chicago,1512,45.18,91.46572745,-46.28572745
17031161000,chicago,963,36.06,82.64697914,-46.58697914
17031161100,chicago,1191,40.1,86.87347602,-46.77347602
17031161200,chicago,1138,39.2,84.92278515,-45.72278515
17031161300,chicago,1887,50.47,77.64833378,-27.17833378
17031170100,chicago,195,16.23,43.78217285,-27.55217285
17031170200,chicago,1381,43.18,44.05310214,-0.87310214
17031170300,chicago,1939,51.16,67.48848551,-16.32848551
17031170400,chicago,1291,41.75,55.75724736,-14.00724736
17031170500,chicago,1634,46.97,26.94391764,20.02608236
17031170600,chicago,957,35.94,10.17339474,25.76660526
17031170700,chicago,1116,38.82,26.71362774,12.10637226
17031170800,chicago,1533,45.49,57.84340287,-12.35340287
17031170900,chicago,549,27.22,26.28014088,0.939859117
17031171000,chicago,2544,58.61,69.92684909,-11.31684909
17031171100,chicago,1893,50.55,42.1295042,8.420495801
17031180100,chicago,2260,55.24,56.38038472,-1.14038472
17031190100,chicago,966,36.11,87.90300732,-51.79300732
17031190200,chicago,1917,50.87,76.06339745,-25.19339745
17031190300,chicago,2130,53.63,76.93037117,-23.30037117
17031190401,chicago,1551,45.76,40.3820103,5.377989705
17031190402,chicago,2413,57.08,61.90734218,-4.827342184
17031190601,chicago,1522,45.33,19.92684909,25.40315091
17031190602,chicago,2170,54.13,73.63858033,-19.50858033
17031190701,chicago,763,32.1,48.2525061,-16.1525061
17031190702,chicago,1328,42.34,61.406123,-19.066123
17031190800,chicago,1749,48.59,80.61500948,-32.02500948
17031190900,chicago,743,31.67,82.95854782,-51.28854782
17031191000,chicago,1052,37.69,91.68247088,-53.99247088
17031191100,chicago,2700,60.38,96.87076673,-36.49076673
17031191200,chicago,1364,42.91,64.34570577,-21.43570577
17031191301,chicago,2030,52.35,85.66784069,-33.31784069
17031191302,chicago,2042,52.51,86.90056895,-34.39056895
17031200100,chicago,1273,41.46,83.01273368,-41.55273368
17031200200,chicago,1677,47.58,92.57653752,-44.99653752
17031200300,chicago,1029,37.27,72.21620157,-34.94620157
17031200401,chicago,1042,37.51,72.2432945,-34.7332945
17031200402,chicago,1221,40.6,75.94147927,-35.34147927
17031210100,chicago,2159,53.99,89.01381739,-35.02381739
17031210400,chicago,1046,37.58,80.80465998,-43.22465998
17031210501,chicago,1718,48.16,80.33053373,-32.17053373
17031210502,chicago,1671,47.5,49.620699,-2.120698998
17031210601,chicago,1550,45.75,67.21755622,-21.46755622
17031210602,chicago,2237,54.96,92.77973449,-37.81973449
17031210700,chicago,1896,50.59,95.63803847,-45.04803847
17031210800,chicago,719,31.16,87.13085885,-55.97085885
17031210900,chicago,2130,53.63,97.14169602,-43.51169602
17031220300,chicago,1102,38.57,75.08805202,-36.51805202
17031220400,chicago,1648,47.17,84.55703062,-37.38703062
17031220500,chicago,2151,53.89,94.36467082,-40.47467082
17031220601,chicago,703,30.81,56.10945543,-25.29945543
17031220602,chicago,2521,58.34,86.92766188,-28.58766188
17031220701,chicago,861,34.09,49.70197778,-15.61197778
17031220702,chicago,1884,50.43,89.31183961,-38.88183961
17031220901,chicago,941,35.64,56.97642915,-21.33642915
17031220902,chicago,1023,37.16,81.68518017,-44.52518017
17031221000,chicago,811,33.09,52.74993227,-19.65993227
17031221100,chicago,1703,47.95,59.29287456,-11.34287456
17031221200,chicago,1234,40.82,46.32890815,-5.508908155
17031221300,chicago,2557,58.75,93.74153346,-34.99153346
17031221400,chicago,2187,54.34,94.79815768,-40.45815768
17031221500,chicago,1891,50.53,77.74315904,-27.21315904
17031221600,chicago,1582,46.21,88.51259821,-42.30259821
17031222200,chicago,2044,52.53,71.79626118,-19.26626118
17031222500,chicago,815,33.17,65.10430778,-31.93430778
17031222600,chicago,645,29.51,50.02709293,-20.51709293
17031222700,chicago,737,31.54,75.15578434,-43.61578434
17031222800,chicago,412,23.58,42.37334056,-18.79334056
17031222900,chicago,517,26.42,69.56109455,-43.14109455
17031230100,chicago,564,27.59,54.59225142,-27.00225142
17031230200,chicago,902,34.9,67.08209157,-32.18209157
17031230300,chicago,376,22.53,33.71714982,-11.18714982
17031230400,chicago,1193,40.13,85.26144676,-45.13144676
17031230500,chicago,1448,44.21,94.94716879,-50.73716879
17031230600,chicago,2403,56.96,94.6762395,-37.7162395
17031230700,chicago,2606,59.32,90.9509618,-31.6309618
17031230800,chicago,378,22.59,65.53779464,-42.94779464
17031230900,chicago,1455,44.32,64.69791384,-20.37791384
17031231100,chicago,476,25.35,58.77810891,-33.42810891
17031231200,chicago,2220,54.75,64.30506638,-9.555066378
17031231500,chicago,2221,54.76,87.59143863,-32.83143863
17031240200,chicago,662,29.9,28.94879436,0.951205635
17031240300,chicago,1141,39.25,79.85640748,-40.60640748
17031240500,chicago,1505,45.08,87.42888106,-42.34888106
17031240600,chicago,864,34.15,51.25982119,-17.10982119
17031240700,chicago,538,26.95,34.4486589,-7.4986589
17031240800,chicago,695,30.63,66.79761582,-36.16761582
17031240900,chicago,883,34.53,32.32186399,2.208136007
17031241000,chicago,612,28.74,69.42562991,-40.68562991
17031241100,chicago,1741,48.48,66.90598754,-18.42598754
17031241200,chicago,1156,39.51,73.17800054,-33.66800054
17031241300,chicago,628,29.12,55.892712,-26.772712
17031241400,chicago,5111,83.07,91.3302628,-8.260262801
17031241500,chicago,2463,57.66,87.07667299,-29.41667299
17031241600,chicago,1482,44.73,92.80682742,-48.07682742
17031242000,chicago,2226,54.82,77.90571661,-23.08571661
17031242100,chicago,2484,57.91,61.39257654,-3.482576538
17031242200,chicago,1442,44.12,64.19669466,-20.07669466
17031242300,chicago,1731,48.34,74.77648334,-26.43648334
17031242400,chicago,2310,55.85,83.85261447,-28.00261447
17031242500,chicago,1836,49.79,70.02167434,-20.23167434
17031242600,chicago,2129,53.61,83.16174478,-29.55174478
17031242700,chicago,695,30.63,51.50365755,-20.87365755
17031242800,chicago,1426,43.88,85.55946898,-41.67946898
17031242900,chicago,1312,42.09,80.00541859,-37.91541859
17031243000,chicago,1358,42.82,71.20021674,-28.38021674
17031243100,chicago,1560,45.89,90.7206719,-44.8306719
17031243200,chicago,1710,48.05,74.53264698,-26.48264698
17031243300,chicago,1252,41.11,93.61961528,-52.50961528
17031243400,chicago,1551,45.76,93.89054457,-48.13054457
17031243500,chicago,3141,65.12,98.6318071,-33.5118071
17031250200,chicago,1142,39.27,77.59414793,-38.32414793
17031250300,chicago,1366,42.94,73.65212679,-30.71212679
17031250400,chicago,1902,50.67,96.30181523,-45.63181523
17031250500,chicago,3014,63.79,96.73530209,-32.94530209
17031250600,chicago,1385,43.24,59.60444324,-16.36444324
17031250700,chicago,1842,49.87,59.36060688,-9.490606882
17031250800,chicago,964,36.08,74.51910051,-38.43910051
17031251000,chicago,747,31.76,83.35139529,-51.59139529
17031251100,chicago,1287,41.68,35.42400433,6.255995665
17031251200,chicago,1694,47.82,30.73692766,17.08307234
17031251300,chicago,1381,43.18,47.67000813,-4.490008128
17031251400,chicago,1192,40.12,58.15497155,-18.03497155
17031251500,chicago,1422,43.82,53.31888377,-9.498883771
17031251600,chicago,1177,39.86,43.33513953,-3.475139529
17031251700,chicago,785,32.55,87.29341642,-54.74341642
17031251800,chicago,2658,59.9,94.60850718,-34.70850718
17031251900,chicago,1192,40.12,55.35085343,-15.23085343
17031252000,chicago,1001,36.76,42.86101328,-6.101013276
17031252101,chicago,334,21.23,31.18396099,-9.953960986
17031252102,chicago,1372,43.04,37.3746952,5.665304795
17031252201,chicago,743,31.67,40.02980222,-8.359802222
17031252202,chicago,1889,50.5,92.83392035,-42.33392035
17031260100,chicago,608,28.65,57.81630994,-29.16630994
17031260200,chicago,870,34.27,83.86616093,-49.59616093
17031260300,chicago,640,29.39,40.3413709,-10.9513709
17031260400,chicago,836,33.6,50.06773232,-16.46773232
17031260500,chicago,965,36.09,68.03034408,-31.94034408
17031260600,chicago,880,34.47,56.70549986,-22.23549986
17031260700,chicago,901,34.88,62.82850176,-27.94850176
17031260800,chicago,846,33.8,75.71118938,-41.91118938
17031260900,chicago,601,28.48,65.19913303,-36.71913303
17031261000,chicago,1108,38.68,78.1766459,-39.4966459
17031270500,chicago,475,25.32,41.04578705,-15.72578705
17031271200,chicago,838,33.64,75.56217827,-41.92217827
17031271300,chicago,416,23.7,79.34164183,-55.64164183
17031271400,chicago,482,25.51,80.56082363,-55.05082363
17031271500,chicago,259,18.7,11.52804118,7.171958819
17031271800,chicago,533,26.83,33.31075589,-6.480755893
17031280100,chicago,3353,67.28,98.52343538,-31.24343538
17031280400,chicago,1966,51.52,90.66648605,-39.14648605
17031280800,chicago,385,22.8,21.93172582,0.86827418
17031280900,chicago,297,20.02,20.6448117,-0.624811704
17031281900,chicago,1085,38.27,97.08751016,-58.81751016
17031282700,chicago,1513,45.2,76.07694392,-30.87694392
17031282800,chicago,956,35.93,48.78081821,-12.85081821
17031283100,chicago,586,28.13,55.47277161,-27.34277161
17031283200,chicago,483,25.54,15.48360878,10.05639122
17031283800,chicago,332,21.17,40.54456787,-19.37456787
17031290900,chicago,1488,44.82,73.90950962,-29.08950962
17031291200,chicago,597,28.39,28.92170144,-0.531701436
17031291600,chicago,362,22.11,67.69168247,-45.58168247
17031292200,chicago,975,36.28,44.58141425,-8.301414251
17031292400,chicago,781,32.47,62.5846654,-30.1146654
17031292500,chicago,1521,45.32,89.65050122,-44.33050122
17031300500,chicago,1402,43.51,69.66946627,-26.15946627
17031300600,chicago,1466,44.49,67.55621783,-23.06621783
17031300700,chicago,2054,52.66,66.47250068,-13.81250068
17031300800,chicago,1736,48.41,65.86290978,-17.45290978
17031300900,chicago,1366,42.94,75.1693308,-32.2293308
17031301100,chicago,986,36.49,38.82416689,-2.334166892
17031301200,chicago,1454,44.31,85.23435383,-40.92435383
17031301600,chicago,1183,39.96,54.70062314,-14.74062314
17031301701,chicago,1586,46.27,68.1387158,-21.8687158
17031301702,chicago,1750,48.61,35.51882959,13.09117041
17031301801,chicago,1579,46.17,81.1026822,-34.9326822
17031301802,chicago,2035,52.42,83.74424275,-31.32424275
17031301803,chicago,2093,53.16,41.39799512,11.76200488
17031310200,chicago,1634,46.97,94.14792739,-47.17792739
17031310300,chicago,1920,50.91,89.75887293,-38.84887293
17031310400,chicago,902,34.9,57.47764833,-22.57764833
17031310500,chicago,1255,41.16,78.85396911,-37.69396911
17031310600,chicago,4284,76.05,92.65781631,-16.60781631
17031310700,chicago,1378,43.13,63.01815226,-19.88815226
17031310800,chicago,3180,65.52,95.93606069,-30.41606069
17031310900,chicago,2539,58.55,96.2747223,-37.7247223
17031320101,chicago,1484,44.76,72.18910864,-27.42910864
17031320102,chicago,3586,69.58,90.80195069,-21.22195069
17031320400,chicago,2142,53.78,80.76402059,-26.98402059
17031320600,chicago,1780,49.02,76.45624492,-27.43624492
17031330101,chicago,1031,37.31,79.58547819,-42.27547819
17031330102,chicago,1228,40.72,90.43619615,-49.71619615
17031330103,chicago,986,36.49,91.1406123,-54.6506123
17031330200,chicago,1411,43.65,63.9528583,-20.3028583
17031340300,chicago,665,29.96,85.84394473,-55.88394473
17031340400,chicago,654,29.71,91.89921431,-62.18921431
17031340500,chicago,536,26.9,94.03955568,-67.13955568
17031340600,chicago,177,15.46,95.99024655,-80.53024655
17031350100,chicago,161,14.74,25.80601463,-11.06601463
17031350400,chicago,129,13.2,30.08669737,-16.88669737
17031351000,chicago,241,18.04,55.01219182,-36.97219182
17031351100,chicago,81,10.46,22.01300461,-11.55300461
17031351400,chicago,258,18.66,76.23950149,-57.57950149
17031351500,chicago,104,11.85,2.086155513,9.763844487
17031360200,chicago,67,9.51,3.440801951,6.069198049
17031380100,chicago,505,26.11,9.306421024,16.80357898
17031380200,chicago,182,15.68,13.56001084,2.119989163
17031380600,chicago,977,36.32,59.30642102,-22.98642102
17031381200,chicago,334,21.23,55.0934706,-33.8634706
17031381400,chicago,432,24.15,38.52614468,-14.37614468
17031381500,chicago,112,12.3,46.09861826,-33.79861826
17031381700,chicago,65,9.37,25.11514495,-15.74514495
17031381800,chicago,318,20.72,45.21809808,-24.49809808
17031381900,chicago,226,17.47,32.48442157,-15.01442157
17031390100,chicago,351,21.77,41.15415876,-19.38415876
17031390200,chicago,444,24.48,13.50582498,10.97417502
17031390300,chicago,296,19.99,40.11108101,-20.12108101
17031390400,chicago,299,20.09,9.60444324,10.48555676
17031390500,chicago,212,16.92,3.305337307,13.61466269
17031390600,chicago,341,21.46,10.09211596,11.36788404
17031400300,chicago,641,29.42,18.15226226,11.26773774
17031400400,chicago,312,20.52,57.00352208,-36.48352208
17031400500,chicago,387,22.86,36.02004877,-13.16004877
17031400800,chicago,482,25.51,40.99160119,-15.48160119
17031410200,chicago,149,14.18,8.42590084,5.75409916
17031410500,chicago,226,17.47,17.81360065,-0.34360065
17031410600,chicago,381,22.68,27.07938228,-4.399382281
17031410700,chicago,358,21.98,63.27553509,-41.29553509
17031410800,chicago,359,22.02,84.78732051,-62.76732051
17031411100,chicago,437,24.29,38.85125982,-14.56125982
17031411200,chicago,308,20.39,30.19506909,-9.805069087
17031420100,chicago,269,19.06,9.536710918,9.523289082
17031420200,chicago,213,16.96,26.09049038,-9.130490382
17031420300,chicago,303,20.23,17.93551883,2.29448117
17031420400,chicago,174,15.33,37.13085885,-21.80085885
17031420500,chicago,405,23.38,23.55730154,-0.177301544
17031420600,chicago,530,26.75,29.5041994,-2.754199404
17031420700,chicago,1434,44,62.93687348,-18.93687348
17031420800,chicago,719,31.16,42.60363045,-11.44363045
17031421200,chicago,550,27.25,51.43592522,-24.18592522
17031430101,chicago,406,23.41,38.06556489,-14.65556489
17031430200,chicago,920,35.24,36.50772148,-1.267721485
17031430300,chicago,676,30.21,56.39393118,-26.18393118
17031430400,chicago,931,35.45,80.7233812,-45.2733812
17031430500,chicago,681,30.32,59.53671092,-29.21671092
17031430600,chicago,509,26.21,66.67569764,-40.46569764
17031430700,chicago,275,19.27,60.36304525,-41.09304525
17031430800,chicago,474,25.3,24.68165809,0.618341913
17031430900,chicago,450,24.65,31.46843674,-6.818436738
17031431200,chicago,1382,43.19,33.98807911,9.201920889
17031431301,chicago,795,32.76,52.9260363,-20.1660363
17031431302,chicago,608,28.65,70.06231374,-41.41231374
17031440101,chicago,630,29.16,53.07504741,-23.91504741
17031440102,chicago,759,32.01,74.57328637,-42.56328637
17031440201,chicago,961,36.02,55.24248171,-19.22248171
17031440202,chicago,861,34.09,37.0360336,-2.946033595
17031440300,chicago,1609,46.61,43.06421024,3.545789759
17031440600,chicago,834,33.56,30.43890545,3.121094554
17031440700,chicago,614,28.79,19.4662693,9.323730696
17031440800,chicago,435,24.23,34.35383365,-10.12383365
17031440900,chicago,1026,37.22,47.35843945,-10.13843945
17031450300,chicago,1282,41.6,98.30669195,-56.70669195
17031460100,chicago,1148,39.37,67.58331076,-28.21331076
17031460200,chicago,952,35.85,58.08723923,-22.23723923
17031460301,chicago,897,34.8,33.47331347,1.326686535
17031460302,chicago,1027,37.24,36.16905988,1.070940125
17031460400,chicago,982,36.41,23.08317529,13.32682471
17031460500,chicago,1958,51.41,48.91628285,2.49371715
17031460800,chicago,1127,39.01,61.18937957,-22.17937957
17031461000,chicago,772,32.28,91.30316987,-59.02316987
17031470100,chicago,1236,40.85,87.33405581,-46.48405581
17031480100,chicago,658,29.81,63.7632078,-33.9532078
17031480200,chicago,399,23.21,65.65971281,-42.44971281
17031480300,chicago,555,27.37,45.78704958,-18.41704958
17031480400,chicago,2204,54.55,77.946356,-23.396356
17031480500,chicago,1418,43.75,88.09265782,-44.34265782
17031490200,chicago,1161,39.59,57.2609049,-17.6709049
17031490500,chicago,744,31.69,58.19561095,-26.50561095
17031490600,chicago,889,34.64,45.75995665,-11.11995665
17031490700,chicago,1090,38.36,30.27634787,8.083652127
17031490800,chicago,1582,46.21,87.99783257,-41.78783257
17031490901,chicago,1141,39.25,38.1739366,1.076063397
17031490902,chicago,2071,52.88,56.3126524,-3.432652398
17031491000,chicago,1810,49.43,37.38824167,12.04175833
17031491100,chicago,1709,48.03,66.77052289,-18.74052289
17031491200,chicago,968,36.15,36.34516391,-0.195163912
17031491300,chicago,892,34.7,43.3080466,-8.6080466
17031491400,chicago,1031,37.31,75.3996207,-38.0896207
17031500100,chicago,1143,39.28,90.09753454,-50.81753454
17031500200,chicago,822,33.31,97.60227581,-64.29227581
17031500300,chicago,680,30.3,90.54456787,-60.24456787
17031510100,chicago,1933,51.09,92.72554863,-41.63554863
17031510200,chicago,1167,39.69,81.7122731,-42.0222731
17031510300,chicago,2585,59.08,95.57030615,-36.49030615
17031520100,chicago,924,35.32,93.03711731,-57.71711731
17031520200,chicago,1447,44.2,93.06421024,-48.86421024
17031520300,chicago,2212,54.65,80.26280141,-25.61280141
17031520400,chicago,1387,43.27,82.93145489,-39.66145489
17031520500,chicago,1517,45.26,37.17149824,8.088501761
17031520600,chicago,948,35.78,47.69710106,-11.91710106
17031530100,chicago,907,34.99,61.04036846,-26.05036846
17031530200,chicago,1897,50.61,53.3459767,-2.7359767
17031530300,chicago,1606,46.56,48.18477377,-1.624773774
17031530400,chicago,796,32.78,69.98103495,-37.20103495
17031530501,chicago,1953,51.35,67.46139258,-16.11139258
17031530502,chicago,710,30.96,20.36033595,10.59966405
17031530503,chicago,2196,54.45,59.91601192,-5.466011921
17031530600,chicago,1056,37.76,35.57301544,2.186984557
17031540101,chicago,375,22.5,54.80899485,-32.30899485
17031540102,chicago,656,29.76,83.36494175,-53.60494175
17031550100,chicago,2474,57.79,86.45353563,-28.66353563
17031550200,chicago,1342,42.57,67.13627743,-24.56627743
17031560100,chicago,1087,38.31,89.63695475,-51.32695475
17031560200,chicago,817,33.21,38.93253861,-5.722538607
17031560300,chicago,1390,43.32,39.10864264,4.211357356
17031560400,chicago,932,35.47,74.39718234,-38.92718234
17031560700,chicago,1576,46.13,79.04361962,-32.91361962
17031560800,chicago,1757,48.7,80.05960444,-31.35960444
17031560900,chicago,1613,46.67,74.46491466,-27.79491466
17031561000,chicago,1807,49.39,65.32105121,-15.93105121
17031561100,chicago,1706,47.99,32.21349228,15.77650772
17031570100,chicago,1538,45.57,97.94093742,-52.37093742
17031570200,chicago,2200,54.5,98.86209699,-44.36209699
17031570300,chicago,4459,77.59,93.19967488,-15.60967488
17031570400,chicago,2010,52.09,84.52993769,-32.43993769
17031570500,chicago,2448,57.49,70.38742888,-12.89742888
17031580100,chicago,2713,60.52,91.7502032,-31.2302032
17031580200,chicago,2159,53.99,95.8954213,-41.9054213
17031580300,chicago,684,30.39,92.9287456,-62.5387456
17031580400,chicago,4337,76.52,91.37090219,-14.85090219
17031580501,chicago,2347,56.29,58.4800867,-2.190086697
17031580502,chicago,2534,58.49,84.01517204,-25.52517204
17031580600,chicago,2336,56.16,49.30913032,6.850869683
17031580700,chicago,2206,54.57,62.19181794,-7.621817936
17031580800,chicago,884,34.55,46.35600108,-11.80600108
17031590500,chicago,2674,60.08,64.33215931,-4.252159306
17031590600,chicago,1673,47.53,28.1360065,19.3939935
17031590700,chicago,1795,49.23,87.45597399,-38.22597399
17031600400,chicago,1419,43.77,63.81739366,-20.04739366
17031600600,chicago,1045,37.56,84.8685993,-47.3085993
17031600700,chicago,1568,46.01,85.42400433,-39.41400433
17031600900,chicago,1412,43.66,55.3237605,-11.6637605
17031610300,chicago,2460,57.63,98.69953942,-41.06953942
17031610400,chicago,718,31.13,65.79517746,-34.66517746
17031610800,chicago,740,31.61,68.04389054,-36.43389054
17031611200,chicago,1084,38.26,72.25684096,-33.99684096
17031611300,chicago,1926,50.99,79.95123273,-28.96123273
17031611400,chicago,1374,43.07,46.39664048,-3.326640477
17031611500,chicago,1686,47.71,81.45489027,-33.74489027
17031611600,chicago,827,33.41,30.95367109,2.456328908
17031611700,chicago,947,35.76,21.71498239,14.04501761
17031611800,chicago,926,35.36,25.9685722,9.391427797
17031611900,chicago,1156,39.51,24.16689244,15.34310756
17031612000,chicago,604,28.56,14.00704416,14.55295584
17031612100,chicago,612,28.74,14.68436738,14.05563262
17031612200,chicago,1288,41.7,78.25792468,-36.55792468
17031620100,chicago,3451,68.26,74.95258737,-6.692587375
17031620200,chicago,2245,55.05,86.46708209,-31.41708209
17031620300,chicago,2522,58.35,51.13790301,7.212096993
17031620400,chicago,2008,52.07,30.60146302,21.46853698
17031630300,chicago,4238,75.64,97.01977784,-21.37977784
17031630400,chicago,3945,72.98,56.73259279,16.24740721
17031630500,chicago,2705,60.43,52.09970198,8.330298022
17031630600,chicago,2955,63.16,90.27363858,-27.11363858
17031630800,chicago,3347,67.22,54.93091303,12.28908697
17031630900,chicago,2446,57.47,53.04795448,4.422045516
17031640100,chicago,499,25.96,57.97886752,-32.01886752
17031640300,chicago,1885,50.45,65.75453807,-15.30453807
17031640400,chicago,1026,37.22,85.45109726,-48.23109726
17031640500,chicago,1005,36.84,47.57518288,-10.73518288
17031640600,chicago,1432,43.97,49.05174749,-5.081747494
17031640700,chicago,1077,38.13,52.53318884,-14.40318884
17031640800,chicago,579,27.96,80.99431048,-53.03431048
17031650100,chicago,2676,60.11,63.04524519,-2.935245191
17031650200,chicago,2368,56.54,82.36250339,-25.82250339
17031650301,chicago,1623,46.81,65.15849363,-18.34849363
17031650302,chicago,2409,57.03,57.4911948,-0.461194798
17031650400,chicago,2129,53.61,56.09590897,-2.485908968
17031650500,chicago,2075,52.93,98.0222162,-45.0922162
17031660301,chicago,1145,39.32,52.60092116,-13.28092116
17031660302,chicago,2637,59.67,41.31671634,18.35328366
17031660400,chicago,2903,62.6,36.64318613,25.95681387
17031660500,chicago,2137,53.71,58.71037659,-5.000376592
17031660600,chicago,2693,60.3,55.20184232,5.098157681
17031660700,chicago,1179,39.9,70.56353292,-30.66353292
17031660800,chicago,2242,55.02,31.03494988,23.98505012
17031660900,chicago,1962,51.47,53.12923327,-1.65923327
17031661000,chicago,2450,57.51,82.91790843,-25.40790843
17031661100,chicago,2307,55.81,51.5578434,4.252156597
17031670100,chicago,770,32.24,23.8011379,8.438862097
17031670200,chicago,695,30.63,25.44026009,5.189739908
17031670300,chicago,805,32.97,42.6984557,-9.728455703
17031670400,chicago,739,31.59,22.31102682,9.278973178
17031670500,chicago,694,30.61,38.49905175,-7.889051747
17031670600,chicago,664,29.94,5.066377675,24.87362232
17031670700,chicago,765,32.14,29.03007315,3.109926849
17031670800,chicago,641,29.42,25.98211867,3.437881333
17031670900,chicago,520,26.5,10.79653211,15.70346789
17031671100,chicago,420,23.81,41.66892441,-17.85892441
17031671200,chicago,585,28.1,41.28962341,-13.18962341
17031671300,chicago,787,32.6,19.95394202,12.64605798
17031671400,chicago,718,31.13,55.83852614,-24.70852614
17031671500,chicago,1312,42.09,68.01679762,-25.92679762
17031671600,chicago,857,34.01,28.23083175,5.779168247
17031671800,chicago,516,26.39,46.0850718,-19.6950718
17031671900,chicago,636,29.3,54.49742617,-25.19742617
17031672000,chicago,1445,44.17,59.00839881,-14.83839881
17031680500,chicago,599,28.44,33.86616093,-5.426160932
17031680600,chicago,512,26.29,23.89596315,2.394036846
17031680900,chicago,825,33.37,83.54104579,-50.17104579
17031681000,chicago,1170,39.74,45.81414251,-6.074142509
17031681100,chicago,1154,39.47,35.55946898,3.910531021
17031681200,chicago,897,34.8,59.02194527,-24.22194527
17031681300,chicago,830,33.47,50.86697372,-17.39697372
17031681400,chicago,1108,38.68,53.98266053,-15.30266053
17031690300,chicago,466,25.08,86.95475481,-61.87475481
17031690400,chicago,1122,38.92,63.89867245,-24.97867245
17031690500,chicago,339,21.39,85.22080737,-63.83080737
17031690900,chicago,1368,42.98,84.34028719,-41.36028719
17031691000,chicago,1049,37.63,55.96044432,-18.33044432
17031691100,chicago,849,33.86,73.62503387,-39.76503387
17031691200,chicago,813,33.13,88.71579518,-55.58579518
17031691300,chicago,903,34.92,62.65239772,-27.73239772
17031691400,chicago,1487,44.81,66.43186128,-21.62186128
17031691500,chicago,748,31.78,69.07342184,-37.29342184
17031700100,chicago,1891,50.53,84.0693579,-33.5393579
17031700200,chicago,2679,60.14,80.9130317,-20.7730317
17031700301,chicago,3100,64.69,53.41370902,11.27629098
17031700302,chicago,2756,61,46.28826876,14.71173124
17031700401,chicago,3056,64.23,68.61284205,-4.382842048
17031700402,chicago,1910,50.78,71.43050664,-20.65050664
17031700501,chicago,3031,63.97,66.83825522,-2.868255215
17031700502,chicago,1038,37.43,11.47385532,25.95614468
17031710100,chicago,333,21.2,23.05608236,-1.856082363
17031710200,chicago,1273,41.46,42.96938499,-1.509384991
17031710300,chicago,544,27.1,62.99105933,-35.89105933
17031710400,chicago,1903,50.69,55.73015443,-5.04015443
17031710500,chicago,1052,37.69,44.77106475,-7.081064752
17031710600,chicago,551,27.27,33.63587104,-6.365871038
17031710700,chicago,1027,37.24,38.60742346,-1.367423462
17031710800,chicago,1553,45.79,57.08480087,-11.29480087
17031710900,chicago,1200,40.25,64.67082092,-24.42082092
17031711000,chicago,1392,43.35,56.16364129,-12.81364129
17031711100,chicago,817,33.21,26.90327824,6.306721756
17031711200,chicago,1699,47.89,26.79490653,21.09509347
17031711300,chicago,690,30.52,47.33134652,-16.81134652
17031711400,chicago,986,36.49,73.51666215,-37.02666215
17031711500,chicago,836,33.6,34.46220536,-0.862205364
17031720100,chicago,1463,44.44,79.72094283,-35.28094283
17031720200,chicago,1675,47.55,85.95231645,-38.40231645
17031720300,chicago,1844,49.9,81.50907613,-31.60907613
17031720400,chicago,952,35.85,43.79571932,-7.945719317
17031720500,chicago,1002,36.78,49.83744243,-13.05744243
17031720600,chicago,641,29.42,27.47222975,1.947770252
17031720700,chicago,1031,37.31,43.14548903,-5.835489027
17031730100,chicago,931,35.45,39.47439718,-4.024397182
17031730201,chicago,1585,46.26,73.35410458,-27.09410458
17031730202,chicago,990,36.56,73.9907884,-37.4307884
17031730300,chicago,471,25.22,65.3616906,-40.1416906
17031730400,chicago,1804,49.35,77.32321864,-27.97321864
17031730500,chicago,2002,51.99,54.32132213,-2.331322135
17031730600,chicago,1708,48.02,69.60173395,-21.58173395
17031730700,chicago,938,35.59,66.60796532,-31.01796532
17031740100,chicago,1253,41.13,71.72852885,-30.59852885
17031740200,chicago,2238,54.97,43.42996478,11.54003522
17031740300,chicago,1855,50.04,39.00027093,11.03972907
17031740400,chicago,1487,44.81,25.61636413,19.19363587
17031750100,chicago,1705,47.98,69.57464102,-21.59464102
17031750200,chicago,1159,39.56,44.50013546,-4.940135465
17031750300,chicago,816,33.19,45.74641019,-12.55641019
17031750400,chicago,1338,42.5,56.55648876,-14.05648876
17031750500,chicago,2286,55.55,93.84990517,-38.29990517
17031750600,chicago,1669,47.47,78.73205093,-31.26205093
17031760801,chicago,337,21.33,87.84882146,-66.51882146
17031760802,chicago,716,31.09,36.58900027,-5.499000271
17031760803,chicago,687,30.45,17.21755622,13.23244378
17031830500,chicago,2587,59.1,99.41750203,-40.31750203
17031830600,chicago,1739,48.45,98.32023842,-49.87023842
17031830700,chicago,2410,57.04,92.40043349,-35.36043349
17031830800,chicago,946,35.74,93.09130317,-57.35130317
17031830900,chicago,3364,67.39,99.14657274,-31.75657274
17031831000,chicago,1836,49.79,75.19642373,-25.40642373
17031831100,chicago,3905,72.61,99.87808182,-27.26808182
17031831200,chicago,2005,52.03,86.60254674,-34.57254674
17031831300,chicago,952,35.85,95.17745868,-59.32745868
17031831400,chicago,1823,49.61,99.78325657,-50.17325657
17031831500,chicago,1387,43.27,83.13465186,-39.86465186
17031831600,chicago,2708,60.46,94.86589,-34.40589
17031831700,chicago,1091,38.38,83.48685993,-45.10685993
17031831800,chicago,2804,61.53,78.39338933,-16.86338933
17031831900,chicago,1471,44.56,96.50501219,-51.94501219
17031832000,chicago,577,27.91,80.87239231,-52.96239231
17031832100,chicago,1112,38.75,91.62828502,-52.87828502
17031832200,chicago,1370,43.01,97.71064752,-54.70064752
17031832300,chicago,2973,63.35,97.98157681,-34.63157681
17031832400,chicago,1946,51.26,75.18287727,-23.92287727
17031832500,chicago,2030,52.35,94.25629911,-41.90629911
17031832600,chicago,2495,58.04,96.91140612,-38.87140612
17031832900,chicago,796,32.78,81.54971552,-48.76971552
17031833000,chicago,5408,85.45,98.27959902,-12.82959902
17031833100,chicago,2383,56.72,88.7835275,-32.0635275
17031833300,chicago,770,32.24,89.82660526,-57.58660526
17031833900,chicago,806,32.99,73.53020862,-40.54020862
17031834000,chicago,711,30.98,66.36412896,-35.38412896
17031834200,chicago,1600,46.48,82.78244378,-36.30244378
17031834300,chicago,2480,57.86,87.51015985,-29.65015985
17031834400,chicago,768,32.2,7.667298835,24.53270116
17031834500,chicago,585,28.1,64.5624492,-36.4624492
17031834600,chicago,1496,44.94,81.15686806,-36.21686806
17031834700,chicago,1059,37.81,36.25033866,1.559661338
17031834800,chicago,731,31.42,39.02736386,-7.607363858
17031834900,chicago,542,27.05,31.64454077,-4.594540775
17031835000,chicago,2663,59.96,81.53616906,-21.57616906
17031835100,chicago,3677,70.46,82.48442157,-12.02442157
17031835200,chicago,2412,57.06,97.91384449,-40.85384449
17031835500,chicago,1047,37.6,90.3413709,-52.7413709
17031835600,chicago,819,33.25,96.80303441,-63.55303441
17031835800,chicago,314,20.59,46.03088594,-25.44088594
17031836000,chicago,522,26.55,24.85776212,1.692237876
17031836100,chicago,491,25.75,58.41235438,-32.66235438
17031836200,chicago,368,22.29,72.87997833,-50.58997833
17031836300,chicago,195,16.23,14.76564617,1.464353834
17031836400,chicago,639,29.37,21.21376321,8.156236792
17031836500,chicago,234,17.77,8.602004877,9.167995123
17031836600,chicago,1795,49.23,96.57274451,-47.34274451
17031836700,chicago,1359,42.83,92.07531834,-49.24531834
17031836800,chicago,1597,46.43,48.33378488,-1.903784882
17031836900,chicago,571,27.76,12.28664319,15.47335681
17031837000,chicago,1183,39.96,79.9241398,-39.9641398
17031837100,chicago,1660,47.34,98.23895963,-50.89895963
17031837300,chicago,703,30.81,46.78948794,-15.97948794
17031837400,chicago,1089,38.34,95.88187483,-57.54187483
17031837800,chicago,2607,59.33,94.93362232,-35.60362232
17031838000,chicago,1326,42.31,54.51097264,-12.20097264
17031838100,chicago,913,35.11,97.48035763,-62.37035763
17031838200,chicago,1518,45.27,79.78867516,-34.51867516
17031838300,chicago,440,24.37,55.74370089,-31.37370089
17031838600,chicago,547,27.18,34.31319426,-7.133194256
17031838700,chicago,1194,40.15,55.55405039,-15.40405039
17031838800,chicago,1727,48.29,98.2525061,-49.9625061
17031839000,chicago,1456,44.34,85.88458412,-41.54458412
17031839100,chicago,7407,100,97.8325657,2.1674343
17031839200,chicago,453,24.73,69.03278244,-44.30278244
17031839500,chicago,366,22.23,24.4107288,-2.1807288
17031839600,chicago,284,19.58,45.52966676,-25.94966676
17031839700,chicago,1894,50.57,82.53860742,-31.96860742
17031839800,chicago,802,32.91,66.01192089,-33.10192089
17031839900,chicago,1970,51.57,91.64183148,-40.07183148
17031840000,chicago,981,36.39,66.24221078,-29.85221078
17031840100,chicago,965,36.09,83.96098618,-47.87098618
17031840200,chicago,2796,61.44,89.84015172,-28.40015172
17031840300,chicago,3920,72.75,96.83012734,-24.08012734
17031840400,chicago,3426,68.01,99.620699,-31.610699
17031840700,chicago,3307,66.82,97.06041723,-30.24041723
17031840800,chicago,1026,37.22,58.58845841,-21.36845841
17031841000,chicago,847,33.82,93.3080466,-59.4880466
17031841100,chicago,4485,77.81,98.92982931,-21.11982931
17031841200,chicago,2721,60.61,95.97670008,-35.36670008
17031841300,chicago,2901,62.58,99.71552425,-37.13552425
17031841500,chicago,1006,36.85,32.56570035,4.284299648
17031841700,chicago,1601,46.49,78.27147115,-31.78147115
17031841800,chicago,1015,37.02,76.30723381,-39.28723381
17031841900,chicago,3887,72.44,99.241398,-26.801398
17031842000,chicago,347,21.64,56.81387158,-35.17387158
17031842100,chicago,2051,52.62,90.68003251,-38.06003251
17031842200,chicago,1870,50.25,97.33134652,-47.08134652
17031842300,chicago,5402,85.4,99.06529396,-13.66529396
17031842400,chicago,1581,46.2,99.18721214,-52.98721214
17031842500,chicago,345,21.58,87.94364671,-66.36364671
17031842600,chicago,3045,64.12,98.78081821,-34.66081821
17031842800,chicago,5344,84.94,98.2118667,-13.2718667
17031842900,chicago,3167,65.39,93.36223246,-27.97223246
17031843000,chicago,1236,40.85,89.18992143,-48.33992143
17031843100,chicago,814,33.15,31.63099431,1.51900569
17031843200,chicago,4576,78.6,99.98645354,-21.38645354
17031843300,chicago,653,29.69,88.02492549,-58.33492549
17031843400,chicago,1267,41.36,84.96342455,-43.60342455
17031843500,chicago,1664,47.4,98.17122731,-50.77122731
17031843600,chicago,620,28.93,41.84502845,-12.91502845
17031843700,chicago,2480,57.86,81.33297209,-23.47297209
17031843800,chicago,1670,47.48,90.7613113,-43.2813113
17031843900,chicago,1363,42.9,45.51612029,-2.616120293
17031844600,chicago,392,23,33.60877811,-10.60877811
17031844700,chicago,1351,42.71,61.54158765,-18.83158765
17031980000,chicago,,,98.38797074,
17031980100,chicago,590,28.22,95.38065565,-67.16065565
17043840000,chicago,0,0,72.86643186,-72.86643186
39061000200,cincinnati,59,0,44.01246275,-44.01246275
39061000700,cincinnati,718,32.73,99.76971011,-67.03971011
39061000900,cincinnati,646,30.37,99.72907071,-69.35907071
39061001000,cincinnati,448,23.09,99.22785153,-76.13785153
39061001100,cincinnati,787,34.88,97.73774045,-62.85774045
39061001600,cincinnati,788,34.91,99.53942021,-64.62942021
39061001700,cincinnati,779,34.64,66.29639664,-31.65639664
39061001800,cincinnati,1179,45.64,48.59116771,-2.951167705
39061001900,cincinnati,869,37.32,61.36548361,-24.04548361
39061002000,cincinnati,633,29.93,56.92224329,-26.99224329
39061002200,cincinnati,1642,56.23,53.06150095,3.168499052
39061002300,cincinnati,738,33.36,19.77783798,13.58216202
39061002500,cincinnati,1438,51.78,42.29206177,9.487938228
39061002600,cincinnati,3143,82.84,74.69520455,8.144795448
39061002700,cincinnati,1651,56.42,23.27282579,33.14717421
39061002800,cincinnati,1408,51.1,99.56651314,-48.46651314
39061002901,cincinnati,690,31.83,12.61175833,19.21824167
39061002902,cincinnati,902,38.27,39.86724465,-1.597244649
39061003000,cincinnati,650,30.5,55.13411,-24.63411
39061003200,cincinnati,836,36.36,59.90246546,-23.54246546
39061003300,cincinnati,958,39.85,68.43673801,-28.58673801
39061003600,cincinnati,651,30.54,27.52641561,3.013584394
39061003700,cincinnati,849,36.74,90.91032241,-54.17032241
39061003800,cincinnati,2084,65.01,65.02302899,-0.013028989
39061003900,cincinnati,1573,54.76,23.82823083,30.93176917
39061004000,cincinnati,1879,61.07,75.79246817,-14.72246817
39061004100,cincinnati,1019,41.51,43.44351124,-1.933511244
39061004200,cincinnati,909,38.47,44.44594961,-5.975949607
39061004602,cincinnati,2336,69.61,32.95854782,36.65145218
39061004603,cincinnati,1673,56.88,13.85803305,43.02196695
39061004604,cincinnati,1680,57.03,9.645082633,47.38491737
39061004605,cincinnati,1213,46.48,7.491194798,38.9888052
39061004703,cincinnati,3121,82.51,96.85722027,-14.34722027
39061004800,cincinnati,2054,64.45,68.27418044,-3.824180439
39061004900,cincinnati,3268,84.73,49.47168789,35.25831211
39061005000,cincinnati,2504,72.53,92.25142238,-19.72142238
39061005100,cincinnati,1472,52.54,63.07233812,-10.53233812
39061005200,cincinnati,2103,65.37,88.26876185,-22.89876185
39061005301,cincinnati,1824,59.98,89.32538607,-29.34538607
39061005302,cincinnati,1507,53.32,63.83094012,-10.51094012
39061005500,cincinnati,2624,74.56,92.35979409,-17.79979409
39061005600,cincinnati,3545,88.8,57.22026551,31.57973449
39061005701,cincinnati,1833,60.16,66.81116229,-6.651162287
39061005702,cincinnati,2573,73.7,90.61230019,-16.91230019
39061005800,cincinnati,3139,82.78,61.2164725,21.5635275
39061005900,cincinnati,765,34.21,71.98591168,-37.77591168
39061006000,cincinnati,1874,60.97,89.27120022,-28.30120022
39061006100,cincinnati,2062,64.6,94.59496072,-29.99496072
39061006300,cincinnati,3284,84.97,91.83148198,-6.861481983
39061006400,cincinnati,3468,87.68,95.65158494,-7.971584936
39061006501,cincinnati,557,27.26,56.65131401,-29.39131401
39061006502,cincinnati,2564,73.55,60.32240585,13.22759415
39061006600,cincinnati,1070,42.86,27.30967218,15.55032782
39061006800,cincinnati,2218,67.49,21.09184503,46.39815497
39061006900,cincinnati,2244,67.96,17.9084259,50.0515741
39061007000,cincinnati,1540,54.04,48.86209699,5.177903007
39061007100,cincinnati,1468,52.45,87.2256841,-34.7756841
39061007200,cincinnati,690,31.83,68.05743701,-36.22743701
39061007300,cincinnati,1710,57.65,84.2590084,-26.6090084
39061007400,cincinnati,1485,52.83,90.89677594,-38.06677594
39061007500,cincinnati,1151,44.94,21.10539149,23.83460851
39061007700,cincinnati,1470,52.5,64.77919263,-12.27919263
39061008000,cincinnati,681,31.53,58.80520184,-27.27520184
39061008100,cincinnati,2063,64.62,29.36873476,35.25126524
39061008201,cincinnati,2873,78.63,11.27065836,67.35934164
39061008202,cincinnati,1982,63.08,42.38688702,20.69311298
39061008300,cincinnati,2895,78.98,23.01544297,55.96455703
39061008400,cincinnati,1112,43.95,6.014630182,37.93536982
39061008501,cincinnati,971,40.2,10.20048767,29.99951233
39061008502,cincinnati,159,8.44,6.421024113,2.018975887
39061008601,cincinnati,2313,69.2,35.72202655,33.47797345
39061008800,cincinnati,1890,61.29,1.639122189,59.65087781
39061009200,cincinnati,2681,75.51,32.63343267,42.87656733
39061009300,cincinnati,2186,66.9,36.06068816,30.83931184
39061009400,cincinnati,1685,57.13,48.92982931,8.200170685
39061009500,cincinnati,2356,69.96,38.62096993,31.33903007
39061009600,cincinnati,3939,94.31,17.19046329,77.11953671
39061009700,cincinnati,4367,100,42.26496884,57.73503116
39061009800,cincinnati,1731,58.09,3.657545381,54.43245462
39061009901,cincinnati,2901,79.07,15.10430778,63.96569222
39061009902,cincinnati,3189,83.54,16.24221078,67.29778922
39061010002,cincinnati,3918,94.03,6.827418044,87.20258196
39061010003,cincinnati,2455,71.69,8.290436196,63.3995638
39061010004,cincinnati,783,34.76,11.58222704,23.17777296
39061010005,cincinnati,1246,47.29,24.00433487,23.28566513
39061010100,cincinnati,2655,75.08,46.57274451,28.50725549
39061010201,cincinnati,3792,92.29,78.94879436,13.34120564
39061010202,cincinnati,1862,60.73,7.464101869,53.26589813
39061010300,cincinnati,1288,48.3,84.66540233,-36.36540233
39061010400,cincinnati,833,36.27,68.07098347,-31.80098347
39061010500,cincinnati,1192,45.96,42.07531834,3.884681658
39061010600,cincinnati,1481,52.74,57.50474126,-4.764741263
39061010700,cincinnati,1077,43.04,76.94391764,-33.90391764
39061010900,cincinnati,1733,58.13,74.35654294,-16.22654294
39061011000,cincinnati,2095,65.22,86.31807098,-21.09807098
39061011100,cincinnati,1986,63.15,4.971552425,58.17844758
39061026300,cincinnati,1485,52.83,99.89162829,-47.06162829
39061026400,cincinnati,577,27.98,57.05770794,-29.07770794
39061026500,cincinnati,771,34.39,99.10593335,-64.71593335
39061026600,cincinnati,1438,51.78,97.72419399,-45.94419399
39061026700,cincinnati,1728,58.03,94.09374153,-36.06374153
39061026800,cincinnati,1024,41.64,90.62584665,-48.98584665
39061026900,cincinnati,1775,58.99,94.54077486,-35.55077486
39061027000,cincinnati,2275,68.52,88.1739366,-19.6539366
39061027100,cincinnati,2743,76.53,84.09645083,-7.566450826
39061027200,cincinnati,2418,71.05,31.06204281,39.98795719
39061027600,cincinnati,1362,50.04,97.62936873,-47.58936873
39061027700,cincinnati,3336,85.75,90.17881333,-4.42881333
48085031704,dallas,1239,56.97,56.272013,0.697986995
48085031706,dallas,827,46.55,31.61744785,14.93255215
48085031708,dallas,928,49.31,70.98347331,-21.67347331
48085031709,dallas,826,46.52,84.88214576,-38.36214576
48085031711,dallas,689,42.49,30.20861555,12.28138445
48085031713,dallas,136,18.88,40.39555676,-21.51555676
48085031715,dallas,670,41.9,21.8639935,20.0360065
48085031716,dallas,322,29.04,51.96423733,-22.92423733
48085031717,dallas,377,31.43,26.04985099,5.380149011
48085031718,dallas,697,42.73,27.49932268,15.23067732
48085031719,dallas,413,32.89,15.26686535,17.62313465
48085031720,dallas,145,19.49,37.19859117,-17.70859117
48085031721,dallas,632,40.69,5.215388784,35.47461122
48085031722,dallas,65,13.05,44.18856678,-31.13856678
48085031723,dallas,91,15.44,38.63451639,-23.19451639
48085031724,dallas,136,18.88,0.596044432,18.28395557
48085031812,dallas,394,32.13,57.1118938,-24.9818938
48113000100,dallas,2177,75.52,46.30181523,29.21818477
48113000201,dallas,1514,62.98,62.74722297,0.232777025
48113000202,dallas,2007,72.51,72.04009753,0.469902465
48113000300,dallas,2321,77.98,85.00406394,-7.024063939
48113000401,dallas,1121,54.19,89.06800325,-34.87800325
48113000405,dallas,486,35.68,19.64237334,16.03762666
48113000407,dallas,491,35.87,44.22920618,-8.359206177
48113000408,dallas,366,30.97,2.072609049,28.89739095
48113000409,dallas,1003,51.26,93.47060417,-42.21060417
48113000410,dallas,1409,60.76,93.82281225,-33.06281225
48113000501,dallas,433,33.68,27.95990247,5.720097535
48113000502,dallas,744,44.15,37.02248713,7.127512869
48113000503,dallas,303,28.17,4.21295042,23.95704958
48113000605,dallas,925,49.23,42.49525874,6.734741263
48113000606,dallas,998,51.13,36.20969927,14.92030073
48113000607,dallas,589,39.28,7.152533189,32.12746681
48113000608,dallas,727,43.64,18.76185316,24.87814684
48113000609,dallas,998,51.13,17.25819561,33.87180439
48113000610,dallas,346,30.11,4.619344351,25.49065565
48113000611,dallas,457,34.6,8.981305879,25.61869412
48113000703,dallas,390,31.96,51.84231915,-19.88231915
48113000704,dallas,438,33.87,73.21863993,-39.34863993
48113000705,dallas,719,43.4,57.35573015,-13.95573015
48113000706,dallas,330,29.4,69.05987537,-39.65987537
48113000801,dallas,1581,64.36,21.53887835,42.82112165
48113000802,dallas,534,37.4,84.99051747,-47.59051747
48113000901,dallas,724,43.55,79.43646708,-35.88646708
48113000902,dallas,555,38.13,31.41425088,6.715749119
48113001001,dallas,1029,51.92,12.15117854,39.76882146
48113001002,dallas,1418,60.95,43.66025467,17.28974533
48113001101,dallas,1987,72.15,31.91547006,40.23452994
48113001102,dallas,953,49.97,22.12137632,27.84862368
48113001202,dallas,1110,53.93,54.61934435,-0.689344351
48113001203,dallas,405,32.57,8.154971552,24.41502845
48113001204,dallas,487,35.72,15.82227039,19.89772961
48113001301,dallas,761,44.65,6.136548361,38.51345164
48113001302,dallas,774,45.03,12.32728258,32.70271742
48113001400,dallas,846,47.08,28.12246004,18.95753996
48113001502,dallas,1057,52.62,72.06719046,-19.44719046
48113001503,dallas,1000,51.18,38.94608507,12.23391493
48113001504,dallas,793,45.58,48.57762124,-2.997621241
48113001601,dallas,549,37.92,77.68897318,-39.76897318
48113001602,dallas,1026,51.85,92.59008399,-40.74008399
48113001703,dallas,363,30.84,60.47141696,-29.63141696
48113001705,dallas,689,42.49,97.80547277,-55.31547277
48113001801,dallas,175,21.41,59.22514224,-37.81514224
48113001802,dallas,302,28.13,66.82470875,-38.69470875
48113001901,dallas,514,36.7,61.09455432,-24.39455432
48113001902,dallas,339,29.8,84.74668112,-54.94668112
48113002001,dallas,973,50.49,43.94473043,6.545269575
48113002002,dallas,590,39.32,21.11893796,18.20106204
48113002100,dallas,1021,51.72,99.3904091,-47.6704091
48113002200,dallas,834,46.74,95.46193444,-48.72193444
48113002400,dallas,876,47.91,82.68761853,-34.77761853
48113002500,dallas,2123,74.58,96.28826876,-21.70826876
48113002703,dallas,1817,68.99,90.23299919,-21.24299919
48113003102,dallas,700,42.82,98.37442428,-55.55442428
48113003103,dallas,711,43.16,99.03820103,-55.87820103
48113003700,dallas,2051,73.3,41.68247088,31.61752912
48113004201,dallas,2264,77.02,81.92901653,-4.909016527
48113004202,dallas,916,48.99,19.30371173,29.68628827
48113004300,dallas,2770,85.19,96.26117583,-11.07117583
48113004400,dallas,1536,63.44,43.90409103,19.53590897
48113004500,dallas,2153,75.1,59.8482796,15.2517204
48113004600,dallas,783,45.29,53.49498781,-8.204987808
48113004700,dallas,1309,58.56,80.58791655,-22.02791655
48113004800,dallas,895,48.42,88.56678407,-40.14678407
48113005000,dallas,1390,60.35,96.8436738,-36.4936738
48113005100,dallas,1047,52.37,45.02844758,7.341552425
48113005200,dallas,1463,61.91,45.88187483,16.02812517
48113005300,dallas,2238,76.57,52.07260905,24.49739095
48113005400,dallas,2378,78.93,65.41587646,13.51412354
48113005500,dallas,1926,71.03,62.69303712,8.336962883
48113005600,dallas,2282,77.32,49.87808182,27.44191818
48113005700,dallas,1753,67.77,71.71498239,-3.94498239
48113005901,dallas,1815,68.96,13.87157952,55.08842048
48113005902,dallas,1102,53.73,30.23570848,23.49429152
48113006001,dallas,758,44.56,29.09780547,15.46219453
48113006002,dallas,720,43.43,41.62828502,1.801714982
48113006100,dallas,1440,61.42,46.76239501,14.65760499
48113006200,dallas,1805,68.77,86.27743159,-17.50743159
48113006301,dallas,1635,65.45,19.39853698,46.05146302
48113006302,dallas,1426,61.12,55.90625847,5.213741533
48113006401,dallas,603,39.75,15.38878353,24.36121647
48113006402,dallas,1434,61.29,42.90165267,18.38834733
48113006501,dallas,929,49.33,25.62991059,23.70008941
48113006502,dallas,787,45.41,81.79355188,-36.38355188
48113006701,dallas,681,42.24,14.22378759,28.01621241
48113006702,dallas,889,48.26,15.34814413,32.91185587
48113006800,dallas,977,50.59,51.19208886,-0.602088865
48113006900,dallas,481,35.5,71.32213492,-35.82213492
48113007101,dallas,769,44.89,33.93389325,10.95610675
48113007102,dallas,1982,72.06,60.82362503,11.23637497
48113007203,dallas,95,15.78,85.50528312,-69.72528312
48113007204,dallas,554,38.1,84.48929829,-46.38929829
48113007205,dallas,366,30.97,10.68816039,20.28183961
48113007206,dallas,112,17.13,71.62015714,-54.49015714
48113007301,dallas,1670,66.15,70.22487131,-4.074871309
48113007302,dallas,2105,74.26,46.59983744,27.66016256
48113007601,dallas,1058,52.65,6.353291791,46.29670821
48113007604,dallas,2286,77.39,16.21511785,61.17488215
48113007605,dallas,1376,60.04,39.352479,20.687521
48113007701,dallas,955,50.02,32.44378217,17.57621783
48113007702,dallas,1739,67.5,12.25955026,55.24044974
48113007801,dallas,1403,60.63,61.67705229,-1.047052289
48113007805,dallas,1096,53.59,69.4662693,-15.8762693
48113007809,dallas,799,45.75,81.11622866,-35.36622866
48113007810,dallas,1049,52.42,83.52749932,-31.10749932
48113007812,dallas,1065,52.82,8.060146302,44.7598537
48113007815,dallas,446,34.18,35.88458412,-1.704584124
48113007819,dallas,317,28.82,74.76293687,-45.94293687
48113007821,dallas,87,15.1,12.42210783,2.67789217
48113007822,dallas,500,36.19,97.29070713,-61.10070713
48113007823,dallas,292,27.66,87.32050935,-59.66050935
48113007824,dallas,612,40.04,7.315090761,32.72490924
48113007825,dallas,938,49.57,15.7409916,33.8290084
48113007826,dallas,172,21.23,8.669737199,12.5602628
48113007827,dallas,125,18.1,8.480086697,9.619913303
48113007828,dallas,88,15.18,93.86345164,-78.68345164
48113007829,dallas,687,42.42,92.5088052,-50.0888052
48113007830,dallas,123,17.95,6.04172311,11.90827689
48113007831,dallas,68,13.35,2.031969656,11.31803034
48113007832,dallas,129,18.38,6.001083717,12.37891628
48113007833,dallas,146,19.56,36.92766188,-17.36766188
48113007834,dallas,99,16.1,53.57626659,-37.47626659
48113007835,dallas,153,20.02,41.24898402,-21.22898402
48113007902,dallas,2127,74.65,85.08534273,-10.43534273
48113007903,dallas,938,49.57,74.04497426,-24.47497426
48113007906,dallas,1160,55.13,30.85884584,24.27115416
48113007909,dallas,334,29.58,92.14305066,-62.56305066
48113007910,dallas,90,15.36,6.150094825,9.209905175
48113007912,dallas,144,19.42,96.00379301,-76.58379301
48113007913,dallas,278,26.99,89.78596586,-62.79596586
48113007914,dallas,381,31.59,96.03088594,-64.44088594
48113007915,dallas,4,3.24,2.926036305,0.313963695
48113007916,dallas,58,12.33,2.113248442,10.21675156
48113008000,dallas,3817,100,33.21593064,66.78406936
48113008101,dallas,301,28.08,44.94716879,-16.86716879
48113008102,dallas,1901,70.57,82.38959632,-11.81959632
48113008200,dallas,1274,57.77,90.36846383,-32.59846383
48113008401,dallas,1016,51.59,17.54267136,34.04732864
48113008402,dallas,1168,55.32,72.39230561,-17.07230561
48113008500,dallas,1166,55.27,89.37957193,-34.10957193
48113008604,dallas,423,33.29,21.34922785,11.94077215
48113008701,dallas,1147,54.82,33.37848821,21.44151179
48113008703,dallas,1464,61.93,3.373069629,58.55693037
48113008704,dallas,823,46.43,82.0915741,-35.6615741
48113008705,dallas,523,37.02,40.04334869,-3.023348686
48113008801,dallas,1465,61.95,39.73178001,22.21821999
48113008802,dallas,2187,75.69,16.74342996,58.94657004
48113009001,dallas,823,46.43,86.20969927,-39.77969927
48113009002,dallas,1066,52.85,35.41045787,17.43954213
48113009101,dallas,1205,56.19,79.01652669,-22.82652669
48113009103,dallas,768,44.86,19.15470062,25.70529938
48113009104,dallas,823,46.43,27.83798429,18.59201571
48113009105,dallas,974,50.51,43.19967488,7.310325115
48113009202,dallas,1759,67.88,44.89298293,22.98701707
48113009203,dallas,757,44.53,36.57545381,7.954546193
48113009204,dallas,627,40.53,21.4846925,19.0453075
48113009301,dallas,1090,53.44,64.22378759,-10.78378759
48113009303,dallas,1140,54.65,48.75372528,5.896274722
48113009304,dallas,862,47.52,81.61744785,-34.09744785
48113009401,dallas,2163,75.28,20.48225413,54.79774587
48113009402,dallas,1266,57.59,16.97371986,40.61628014
48113009500,dallas,1286,58.04,13.08588458,44.95411542
48113009603,dallas,1811,68.88,67.88133297,0.998667028
48113009604,dallas,1147,54.82,79.84286101,-25.02286101
48113009605,dallas,869,47.71,88.05201842,-40.34201842
48113009607,dallas,2040,73.11,36.77865077,36.33134923
48113009608,dallas,1652,65.79,58.72392306,7.066076944
48113009609,dallas,1407,60.71,15.45651585,45.25348415
48113009610,dallas,80,14.48,88.214576,-73.734576
48113009611,dallas,1660,65.95,45.82768897,20.12231103
48113009701,dallas,1839,69.41,77.02519642,-7.615196424
48113009702,dallas,1942,71.33,29.72094283,41.60905717
48113009802,dallas,1490,62.48,51.32755351,11.15244649
48113009803,dallas,563,38.41,82.13221349,-43.72221349
48113009804,dallas,212,23.57,31.37361149,-7.803611487
48113009900,dallas,2415,79.54,97.04687077,-17.50687077
48113010001,dallas,1198,56.02,98.46924953,-42.44924953
48113010002,dallas,472,35.16,88.45841235,-53.29841235
48113010003,dallas,2534,81.48,96.96559198,-15.48559198
48113010101,dallas,1818,69.01,8.412354376,60.59764562
48113010102,dallas,1344,59.34,65.72744514,-6.387445137
48113010500,dallas,1520,63.1,96.32890815,-33.22890815
48113010601,dallas,1716,67.05,54.65998374,12.39001626
48113010602,dallas,1111,53.95,69.75074506,-15.80074506
48113010701,dallas,1128,54.36,92.41397995,-38.05397995
48113010704,dallas,660,41.58,29.45001355,12.12998645
48113010804,dallas,806,45.95,37.59143863,8.358561365
48113010805,dallas,950,49.89,61.60931997,-11.71931997
48113010806,dallas,1187,55.77,15.90354917,39.86645083
48113010807,dallas,961,50.18,29.5448388,20.6351612
48113010808,dallas,278,26.99,23.17800054,3.811999458
48113010809,dallas,680,42.21,60.89135736,-18.68135736
48113010903,dallas,384,31.72,83.839068,-52.119068
48113010904,dallas,358,30.63,86.9953942,-56.3653942
48113010905,dallas,101,16.27,17.55621783,-1.286217827
48113010906,dallas,919,49.07,51.07017069,-2.000170685
48113011002,dallas,1309,58.56,41.50636684,17.05363316
48113011003,dallas,1802,68.71,10.21403414,58.49596586
48113011004,dallas,425,33.37,19.79138445,13.57861555
48113011101,dallas,1903,70.61,23.62503387,46.98496613
48113011103,dallas,1079,53.17,22.48713086,30.68286914
48113011104,dallas,884,48.12,18.26063397,29.85936603
48113011105,dallas,737,43.94,10.37659171,33.56340829
48113011201,dallas,892,48.34,7.233811975,41.10618802
48113011202,dallas,1252,57.27,22.16201571,35.10798429
48113011300,dallas,2920,87.46,51.35464644,36.10535356
48113011401,dallas,1747,67.65,7.003522081,60.64647792
48113011500,dallas,601,39.68,36.96830127,2.711698727
48113011601,dallas,1121,54.19,24.05852073,30.13147927
48113011603,dallas,1079,53.17,51.61202926,1.55797074
48113011604,dallas,1136,54.55,31.25169331,23.29830669
48113011701,dallas,1438,61.38,57.76212409,3.617875914
48113011702,dallas,1134,54.51,58.11433216,-3.604332159
48113011801,dallas,1074,53.04,4.687076673,48.35292333
48113011802,dallas,1063,52.77,14.50826334,38.26173666
48113011901,dallas,1362,59.73,11.04036846,48.68963154
48113011902,dallas,1038,52.15,23.46247629,28.68752371
48113012000,dallas,1061,52.72,8.276889732,44.44311027
48113012101,dallas,319,28.91,43.56542942,-14.65542942
48113012102,dallas,777,45.12,54.95800596,-9.83800596
48113012206,dallas,1414,60.86,33.2701165,27.5898835
48113012207,dallas,1696,66.66,96.69466269,-30.03466269
48113012208,dallas,137,18.95,18.97859659,-0.028596586
48113012209,dallas,847,47.11,19.61528041,27.49471959
48113012210,dallas,448,34.26,22.79869954,11.46130046
48113012211,dallas,538,37.54,61.01327554,-23.47327554
48113012212,dallas,904,48.67,57.59956651,-8.929566513
48113012213,dallas,741,44.06,10.4578705,33.6021295
48113012301,dallas,1130,54.41,16.26930371,38.14069629
48113012302,dallas,1048,52.4,49.32267678,3.077323219
48113012400,dallas,2227,76.38,56.86805744,19.51194256
48113012501,dallas,1072,53,2.194527228,50.80547277
48113012502,dallas,1418,60.95,38.86480629,22.08519371
48113012601,dallas,1105,53.8,63.11297751,-9.312977513
48113012603,dallas,728,43.67,6.461663506,37.20833649
48113012604,dallas,532,37.33,9.590896776,27.73910322
48113012701,dallas,1575,64.24,69.14115416,-4.901154159
48113012702,dallas,898,48.5,45.61094554,2.889054457
48113012801,dallas,904,48.67,26.78136007,21.88863993
48113012802,dallas,1489,62.46,89.62340829,-27.16340829
48113012900,dallas,2075,73.73,46.68111623,27.04888377
48113013005,dallas,1049,52.42,63.93931184,-11.51931184
48113013007,dallas,637,40.85,24.27526416,16.57473584
48113013008,dallas,828,46.58,25.49444595,21.08555405
48113013009,dallas,992,50.98,41.87212138,9.107878624
48113013010,dallas,384,31.72,79.86995394,-48.14995394
48113013011,dallas,161,20.54,71.24085614,-50.70085614
48113013012,dallas,621,40.34,49.37686264,-9.036862639
48113013013,dallas,1513,62.96,46.73530209,16.22469791
48113013101,dallas,1613,65.01,63.39745326,1.612546735
48113013102,dallas,986,50.82,2.424817123,48.39518288
48113013104,dallas,211,23.51,34.6383094,-11.1283094
48113013106,dallas,276,26.89,2.69574641,24.19425359
48113013107,dallas,189,22.25,66.06610675,-43.81610675
48113013201,dallas,1646,65.67,62.70658358,2.963416418
48113013202,dallas,1019,51.67,83.70360336,-32.03360336
48113013300,dallas,1876,70.11,40.46328908,29.64671092
48113013400,dallas,1467,61.99,66.919534,-4.929534002
48113013500,dallas,1350,59.47,8.168518017,51.30148198
48113013605,dallas,2381,78.98,33.92034679,45.05965321
48113013606,dallas,1598,64.7,50.65023029,14.04976971
48113013607,dallas,1381,60.15,31.6716337,28.4783663
48113013608,dallas,1867,69.94,47.04687077,22.89312923
48113013609,dallas,1439,61.4,40.58520726,20.81479274
48113013610,dallas,1981,72.04,51.00243836,21.03756164
48113013611,dallas,834,46.74,45.54321322,1.196786779
48113013615,dallas,464,34.87,77.567055,-42.697055
48113013617,dallas,851,47.22,79.23327012,-32.01327012
48113013618,dallas,688,42.46,33.24302357,9.216976429
48113013619,dallas,1811,68.88,61.73123815,7.148761853
48113013620,dallas,351,30.32,88.95963154,-58.63963154
48113013621,dallas,142,19.29,28.39338933,-9.103389325
48113013624,dallas,166,20.85,17.5291249,3.320875102
48113013625,dallas,125,18.1,26.83554592,-8.735545923
48113013626,dallas,265,26.35,67.61040368,-41.26040368
48113013629,dallas,64,12.95,1.761040368,11.18895963
48113013630,dallas,40,10.24,2.397724194,7.842275806
48113013631,dallas,35,9.58,1.625575725,7.954424275
48113014157,dallas,47,11.1,32.93145489,-21.83145489
48113015900,dallas,87,15.1,53.08859388,-37.98859388
48113016421,dallas,2,2.29,2.47900298,-0.18900298
48113016511,dallas,514,36.7,2.614467624,34.08553238
48113016521,dallas,854,47.3,35.16662151,12.13337849
48113016526,dallas,704,42.95,5.486318071,37.46368193
48113016527,dallas,831,46.66,2.343538336,44.31646166
48113016528,dallas,928,49.31,4.375507992,44.93449201
48113016533,dallas,629,40.59,56.21782715,-15.62782715
48113016534,dallas,482,35.54,88.67515578,-53.13515578
48113016607,dallas,88,15.18,70.14359252,-54.96359252
48113016635,dallas,273,26.74,73.48956922,-46.74956922
48113016709,dallas,440,33.95,92.56299106,-58.61299106
48113016710,dallas,1455,61.74,50.1896505,11.5503495
48113016711,dallas,726,43.61,15.05012192,28.55987808
48113017009,dallas,712,43.19,1.097263614,42.09273639
48113017010,dallas,731,43.76,18.30127337,25.45872663
48113017101,dallas,1456,61.76,39.88079111,21.87920889
48113017102,dallas,2008,72.53,13.9528583,58.5771417
48113017605,dallas,820,46.35,4.199403956,42.15059604
48113018141,dallas,0,0,6.177187754,-6.177187754
48113018142,dallas,0,0,0.406393931,-0.406393931
48113018505,dallas,66,13.15,53.33243024,-40.18243024
48113018506,dallas,486,35.68,98.72663235,-63.04663235
48113018507,dallas,53,11.78,39.3931184,-27.6131184
48113018508,dallas,109,16.9,4.253589813,12.64641019
48113019016,dallas,264,26.3,87.83527499,-61.53527499
48113019018,dallas,738,43.97,20.42806827,23.54193173
48113019019,dallas,747,44.24,61.4467624,-17.2067624
48113019034,dallas,417,33.05,18.46383094,14.58616906
48113019035,dallas,168,20.98,50.40639393,-29.42639393
48113019208,dallas,722,43.49,77.89217014,-34.40217014
48113019212,dallas,15,6.27,2.04551612,4.22448388
48113019213,dallas,71,13.64,70.48225413,-56.84225413
48113020200,dallas,1795,68.58,82.14575996,-13.56575996
48113020300,dallas,1858,69.77,99.05174749,-29.28174749
48113020401,dallas,1169,55.34,98.55052831,-43.21052831
48113020402,dallas,3154,90.9,98.13058792,-7.230587917
48113020500,dallas,1084,53.29,83.73069629,-30.44069629
48113020600,dallas,2274,77.19,39.31183961,37.87816039
48113020800,dallas,3353,93.73,65.11785424,28.61214576
48113020900,dallas,1869,69.98,95.78704958,-25.80704958
48113021000,dallas,2666,83.57,83.20238418,0.367615822
48113021100,dallas,2281,77.3,90.08398808,-12.78398808
48113980100,dallas,422,33.25,99.0111081,-65.7611081
48121021616,dallas,459,34.68,9.807640206,24.87235979
48121021634,dallas,103,16.43,11.16228664,5.267713357
48121021635,dallas,312,28.59,26.06339745,2.526602547
48121021637,dallas,527,37.16,63.45163912,-26.29163912
48121021638,dallas,473,35.2,12.84204823,22.35795177
48121021641,dallas,118,17.58,30.62855595,-13.04855595
48121021642,dallas,171,21.17,27.97344893,-6.80344893
48397040103,dallas,0,0,4.917366567,-4.917366567
48397040104,dallas,0,0,7.12544026,-7.12544026
48397040301,dallas,0,0,23.77404497,-23.77404497
48397040303,dallas,0,0,28.78623679,-28.78623679
48397040510,dallas,0,0,24.58683284,-24.58683284
8031000102,denver,223,61.13,56.96288269,4.167117312
8031000201,denver,218,60.16,93.48415064,-33.32415064
8031000202,denver,219,60.35,81.63099431,-21.28099431
8031000301,denver,328,79.5,78.10891357,1.391086426
8031000302,denver,269,69.62,55.86561907,13.75438093
8031000303,denver,353,83.42,83.080466,0.339534002
8031000401,denver,206,57.78,66.55377946,-8.773779464
8031000403,denver,243,64.92,64.38634516,0.533654836
8031000404,denver,165,49.06,71.68788946,-22.62788946
8031000501,denver,160,47.93,30.92657816,17.00342184
8031000503,denver,89,29.34,1.937144405,27.40285559
8031000504,denver,205,57.57,52.76347873,4.806521268
8031000600,denver,244,65.11,89.42021132,-24.31021132
8031000703,denver,170,50.18,40.88322948,9.296770523
8031000704,denver,284,72.23,57.19317258,15.03682742
8031000705,denver,255,67.12,33.74424275,33.37575725
8031000706,denver,161,48.16,52.34353834,-4.183538336
8031000800,denver,167,49.51,93.55188296,-44.04188296
8031000902,denver,296,74.26,30.18152262,44.07847738
8031000903,denver,378,87.2,60.25467353,26.94532647
8031000904,denver,177,51.71,38.48550528,13.22449472
8031000905,denver,188,54.07,47.92739095,6.142609049
8031001000,denver,280,71.54,98.22541317,-26.68541317
8031001101,denver,224,61.33,46.99268491,14.33731509
8031001102,denver,369,85.85,89.67759415,-3.827594148
8031001301,denver,462,99.06,68.40964508,30.65035492
8031001302,denver,342,81.71,91.91276077,-10.20276077
8031001401,denver,385,88.24,89.12218911,-0.882189109
8031001402,denver,161,48.16,42.44107288,5.71892712
8031001403,denver,382,87.79,94.45949607,-6.669496072
8031001500,denver,462,99.06,97.57518288,1.484817123
8031001601,denver,400,90.42,91.08642644,-0.666426443
8031001602,denver,148,45.13,94.31048496,-49.18048496
8031001603,denver,469,100,76.7678136,23.2321864
8031001703,denver,109,35.16,31.57680845,3.583191547
8031001704,denver,322,78.54,87.15795177,-8.617951775
8031001705,denver,96,31.44,88.52614468,-57.08614468
8031001706,denver,154,46.54,94.75751829,-48.21751829
8031001707,denver,234,63.24,98.50988892,-35.26988892
8031001800,denver,456,98.25,80.20861555,18.04138445
8031001901,denver,340,81.4,98.34733135,-16.94733135
8031002000,denver,389,88.82,87.87591439,0.944085614
8031002101,denver,286,72.57,83.82552154,-11.25552154
8031002102,denver,409,91.72,98.15768085,-6.437680845
8031002300,denver,284,72.23,39.79951233,32.43048767
8031002402,denver,135,41.97,70.42806827,-28.45806827
8031002404,denver,138,42.71,80.01896505,-37.30896505
8031002405,denver,302,75.27,66.74342996,8.526570035
8031002602,denver,266,69.09,68.0980764,0.991923598
8031002603,denver,123,38.92,71.53887835,-32.61887835
8031002604,denver,203,57.17,92.03467895,-34.86467895
8031002704,denver,257,67.48,92.04822541,-24.56822541
8031002705,denver,215,59.57,72.78515308,-13.21515308
8031002706,denver,276,70.84,76.21240856,-5.372408561
8031002707,denver,151,45.84,15.68680574,30.15319426
8031002708,denver,210,58.58,65.82227039,-7.242270387
8031002709,denver,123,38.92,25.14223788,13.77776212
8031002801,denver,349,82.8,60.24112707,22.55887293
8031002802,denver,445,96.75,73.78759144,22.96240856
8031002804,denver,97,31.74,11.17583311,20.56416689
8031002805,denver,110,35.43,4.727716066,30.70228393
8031002901,denver,250,66.21,97.10105662,-30.89105662
8031002902,denver,178,51.93,60.0379301,-8.1079301
8031003002,denver,134,41.72,59.25223517,-17.53223517
8031003003,denver,129,40.46,93.44351124,-52.98351124
8031003004,denver,312,76.92,60.17339474,16.74660526
8031003005,denver,201,56.76,95.13681929,-38.37681929
8031003006,denver,219,60.35,56.02817665,4.321823354
8031003101,denver,87,28.72,67.04145218,-38.32145218
8031003102,denver,385,88.24,82.41668924,5.823310756
8031003202,denver,151,45.84,36.30452452,9.535475481
8031003203,denver,207,57.98,40.55811433,17.42188567
8031003204,denver,136,42.22,77.72961257,-35.50961257
8031003205,denver,138,42.71,7.545380656,35.16461934
8031003300,denver,293,73.76,59.99729071,13.76270929
8031003401,denver,142,43.69,9.184502845,34.50549716
8031003402,denver,304,75.6,70.29260363,5.30739637
8031003501,denver,336,80.77,98.53698185,-17.76698185
8031003502,denver,175,51.28,94.66269304,-43.38269304
8031003601,denver,418,93,79.32809537,13.67190463
8031003602,denver,246,65.47,78.77269033,-13.30269033
8031003603,denver,204,57.37,46.43727987,10.93272013
8031003701,denver,240,64.36,63.72256841,0.63743159
8031003702,denver,231,62.67,62.78786237,-0.117862368
8031003703,denver,275,70.67,72.14846925,-1.47846925
8031003801,denver,400,90.42,68.11162287,22.30837713
8031003802,denver,282,71.88,50.85342726,21.02657274
8031003901,denver,290,73.25,55.16120293,18.08879707
8031003902,denver,329,79.66,80.38471959,-0.724719588
8031004002,denver,104,33.76,14.46762395,19.29237605
8031004003,denver,283,72.05,77.7567055,-5.7067055
8031004004,denver,63,20.69,56.52939583,-35.83939583
8031004005,denver,154,46.54,70.21132484,-23.67132484
8031004006,denver,278,71.19,29.77512869,41.41487131
8031004101,denver,285,72.4,95.55675969,-23.15675969
8031004102,denver,272,70.15,97.58872934,-27.43872934
8031004103,denver,257,67.48,48.08994852,19.39005148
8031004104,denver,241,64.55,17.59685722,46.95314278
8031004108,denver,134,41.72,13.27553509,28.44446491
8031004109,denver,75,24.87,74.70875102,-49.83875102
8031004110,denver,184,53.22,94.77106475,-41.55106475
8031004111,denver,138,42.71,80.6827418,-37.9727418
8031004112,denver,166,49.29,43.80926578,5.480734218
8031004113,denver,236,63.61,90.84259008,-27.23259008
8031004201,denver,267,69.27,71.59306421,-2.32306421
8031004202,denver,356,83.88,74.28881062,9.59118938
8031004302,denver,215,59.57,42.10241127,17.46758873
8031004303,denver,228,62.09,39.5827689,22.5072311
8031004306,denver,322,78.54,19.75074506,58.78925494
8031004307,denver,131,40.97,54.36196153,-13.39196153
8031004308,denver,179,52.15,72.64968843,-20.49968843
8031004309,denver,220,60.55,67.63749661,-7.087496613
8031004310,denver,292,73.59,39.44730425,34.14269575
8031004403,denver,288,72.91,40.01625576,32.89374424
8031004404,denver,258,67.66,47.27716066,20.38283934
8031004406,denver,132,41.22,54.38905446,-13.16905446
8031004407,denver,126,39.69,9.021945272,30.66805473
8031004503,denver,160,47.93,24.89840152,23.03159848
8031004504,denver,265,68.91,18.93795719,49.97204281
8031004505,denver,241,64.55,58.18206448,6.367935519
8031004506,denver,81,26.83,41.09997291,-14.26997291
8031004601,denver,222,60.94,39.36602547,21.57397453
8031004602,denver,225,61.52,39.89433758,21.62566242
8031004603,denver,245,65.29,36.26388513,29.02611487
8031004700,denver,251,66.39,54.25358981,12.13641019
8031004801,denver,113,36.26,40.32782444,-4.067824438
8031005001,denver,232,62.86,42.52235167,20.33764833
8031005003,denver,166,49.29,22.60904904,26.68095096
8031005004,denver,167,49.51,63.46518559,-13.95518559
8031005102,denver,122,38.66,27.39095096,11.26904904
8031005104,denver,79,26.18,66.28285018,-40.10285018
8031005200,denver,334,80.46,32.10512056,48.35487944
8031005300,denver,224,61.33,91.05933351,-29.72933351
8031005502,denver,48,14.85,30.75047413,-15.90047413
8031005503,denver,164,48.84,7.586020049,41.25397995
8031006701,denver,147,44.89,87.61853156,-42.72853156
8031006804,denver,232,62.86,91.38444866,-28.52444866
8031006810,denver,155,46.78,79.82931455,-33.04931455
8031006812,denver,369,85.85,68.68057437,17.16942563
8031006813,denver,44,13.15,32.64697914,-19.49697914
8031006814,denver,162,48.38,49.86453536,-1.484535356
8031006815,denver,63,20.69,68.38255215,-47.69255215
8031006816,denver,127,39.95,69.62882688,-29.67882688
8031006817,denver,119,37.87,1.002438364,36.86756164
8031006818,denver,137,42.47,48.71308588,-6.243085885
8031006902,denver,341,81.56,83.93389325,-2.373893254
8031006903,denver,108,34.88,16.55377946,18.32622054
8031007006,denver,88,29.03,20.27905717,8.750942834
8031007013,denver,130,40.72,31.42779734,9.292202655
8031007037,denver,64,21.05,29.84286101,-8.792861013
8031007088,denver,77,25.53,8.64264427,16.88735573
8031007090,denver,19,0,1.056624221,-1.056624221
8031007091,denver,61,19.95,5.919804931,14.03019507
8031008304,denver,131,40.97,2.180980764,38.78901924
8031008305,denver,59,19.21,1.882958548,17.32704145
8031008306,denver,110,35.43,9.265781631,26.16421837
8031008312,denver,186,53.65,74.84421566,-21.19421566
8031008386,denver,92,30.25,8.493633162,21.75636684
8031008387,denver,82,27.15,3.847195882,23.30280412
8031008388,denver,287,72.74,74.6003793,-1.860379301
8031008389,denver,219,60.35,42.02113248,18.32886752
8031008390,denver,190,54.49,11.92088865,42.56911135
8031008391,denver,152,46.08,2.316445408,43.76355459
8031011902,denver,170,50.18,29.47710648,20.70289352
8031011903,denver,81,26.83,10.56624221,16.26375779
8031012001,denver,57,18.45,3.251151449,15.19884855
8031012010,denver,88,29.03,44.107288,-15.077288
8031012015,denver,107,34.6,43.18612842,-8.58612842
8031012016,denver,60,19.58,25.90083988,-6.320839881
8031015300,denver,136,42.22,32.87726903,9.342730967
8031015400,denver,294,73.93,74.96613384,-1.036133839
8031015500,denver,93,30.55,56.78677865,-26.23677865
8031015600,denver,419,93.14,94.22920618,-1.089206177
8031015700,denver,156,47.01,12.55757247,34.45242753
8031015800,denver,94,30.85,66.66215118,-35.81215118
8031980001,denver,39,10.9,98.90273639,-88.00273639
8031980100,denver,209,58.38,99.82389596,-41.44389596
8031980200,denver,118,37.6,99.64779193,-62.04779193
26163500100,detroit,551,66.27,20.96992685,45.30007315
26163500200,detroit,442,59.04,48.8214576,10.2185424
26163500300,detroit,790,79.93,30.15442969,49.77557031
26163500400,detroit,516,64.03,43.32159306,20.70840694
26163500500,detroit,497,62.79,10.33595232,52.45404768
26163500600,detroit,686,74.28,17.82714711,56.45285289
26163500700,detroit,565,67.14,23.73340558,43.40659442
26163500800,detroit,307,48.72,16.85180168,31.86819832
26163500900,detroit,737,77.1,29.62611758,47.47388242
26163501000,detroit,717,76.01,19.42562991,56.58437009
26163501100,detroit,482,61.79,35.97940937,25.81059063
26163501200,detroit,635,71.35,29.61257112,41.73742888
26163501300,detroit,613,70.06,20.88864806,49.17135194
26163501400,detroit,585,68.37,61.77187754,6.59812246
26163501500,detroit,707,75.45,29.82931455,45.62068545
26163501600,detroit,332,50.78,61.79897047,-11.01897047
26163501700,detroit,408,56.61,53.86074235,2.749257654
26163501800,detroit,602,69.4,25.29124898,44.10875102
26163501900,detroit,643,71.82,13.24844216,58.57155784
26163502000,detroit,350,52.21,16.89244107,35.31755893
26163502600,detroit,568,67.33,24.2210783,43.1089217
26163502700,detroit,571,67.51,39.81305879,27.69694121
26163503100,detroit,405,56.39,41.3302628,15.0597372
26163503200,detroit,708,75.51,43.84990517,31.66009483
26163503300,detroit,551,66.27,22.70387429,43.56612571
26163503400,detroit,321,49.88,32.15930642,17.72069358
26163503500,detroit,538,65.44,30.16797616,35.27202384
26163503600,detroit,261,44.69,17.47493904,27.21506096
26163503900,detroit,397,55.8,30.80465998,24.99534002
26163504000,detroit,183,36.94,6.312652398,30.6273476
26163504100,detroit,205,39.27,17.86778651,21.40221349
26163504200,detroit,375,54.15,28.06827418,26.08172582
26163504300,detroit,335,51.02,20.21132484,30.80867516
26163504400,detroit,362,53.15,27.3367651,25.8132349
26163505100,detroit,267,45.23,96.54565158,-51.31565158
26163505200,detroit,548,66.08,23.90950962,42.17049038
26163505400,detroit,708,75.51,30.3034408,45.2065592
26163505600,detroit,531,65,66.160932,-1.160931997
26163505700,detroit,847,82.87,98.67244649,-15.80244649
26163505800,detroit,676,73.72,97.53454348,-23.81454348
26163506100,detroit,377,54.3,76.03630452,-21.73630452
26163506200,detroit,424,57.77,85.0176104,-27.2476104
26163506300,detroit,602,69.4,96.12571119,-26.72571119
26163506400,detroit,307,48.72,85.31563262,-36.59563262
26163506500,detroit,436,58.62,13.70902195,44.91097805
26163506600,detroit,413,56.97,28.05472772,28.91527228
26163506700,detroit,169,35.38,56.47520997,-21.09520997
26163506800,detroit,494,62.59,38.02492549,24.56507451
26163506900,detroit,429,58.12,20.4551612,37.6648388
26163507000,detroit,294,47.61,20.71254403,26.89745597
26163507100,detroit,459,60.22,15.28041181,44.93958819
26163507200,detroit,371,53.85,32.19994581,21.65005419
26163507300,detroit,600,69.28,26.91682471,42.36317529
26163507400,detroit,412,56.9,32.03738824,24.86261176
26163507500,detroit,310,48.97,43.13194256,5.838057437
26163508000,detroit,125,30.02,90.78840423,-60.76840423
26163508100,detroit,623,70.65,72.79869954,-2.148699539
26163509000,detroit,504,63.25,94.24275264,-30.99275264
26163509100,detroit,549,66.14,93.80926578,-27.66926578
26163510600,detroit,331,50.7,73.08317529,-22.38317529
26163511200,detroit,366,53.46,94.56786779,-41.10786779
26163511300,detroit,333,50.86,19.53400163,31.32599837
26163511400,detroit,420,57.48,78.28501761,-20.80501761
26163511900,detroit,406,56.46,96.11216473,-39.65216473
26163512800,detroit,776,79.19,55.513411,23.676589
26163513200,detroit,546,65.95,13.18070983,52.76929017
26163513300,detroit,316,49.47,6.840964508,42.62903549
26163513700,detroit,307,48.72,63.56001084,-14.84001084
26163513800,detroit,384,54.83,39.25765375,15.57234625
26163513900,detroit,281,46.48,18.40964508,28.07035492
26163514100,detroit,513,63.84,20.50934706,43.33065294
26163514200,detroit,362,53.15,24.74939041,28.40060959
26163514300,detroit,368,53.62,88.22812246,-34.60812246
26163514500,detroit,186,37.27,12.44920076,24.82079924
26163515200,detroit,422,57.62,32.79599025,24.82400975
26163515300,detroit,478,61.52,52.39772419,9.122275806
26163515400,detroit,182,36.83,33.20238418,3.627615822
26163515700,detroit,34,14.24,17.70522894,-3.465228935
26163516000,detroit,521,64.35,24.66811162,39.68188838
26163516400,detroit,217,40.49,66.70279057,-26.21279057
26163516500,detroit,128,30.41,46.45082633,-16.04082633
26163516600,detroit,63,20.46,31.79355188,-11.33355188
26163516700,detroit,47,17.27,1.422378759,15.84762124
26163516800,detroit,225,41.28,47.91384449,-6.633844487
26163516900,detroit,52,18.31,2.519642373,15.79035763
26163517000,detroit,112,28.26,46.62693037,-18.36693037
26163517100,detroit,37,14.99,25.91438635,-10.92438635
26163517200,detroit,358,52.84,98.48279599,-45.64279599
26163517300,detroit,185,37.16,63.26198862,-26.10198862
26163517500,detroit,90,25.02,95.44838797,-70.42838797
26163518000,detroit,153,33.52,75.68409645,-42.16409645
26163518900,detroit,162,34.58,97.37198591,-62.79198591
26163519000,detroit,261,44.69,78.05472772,-33.36472772
26163519100,detroit,265,45.05,80.94012463,-35.89012463
26163519200,detroit,544,65.82,94.62205364,-28.80205364
26163519300,detroit,273,45.77,67.38011379,-21.61011379
26163520200,detroit,127,30.28,98.60471417,-68.32471417
26163520300,detroit,127,30.28,98.80791114,-68.52791114
26163520400,detroit,128,30.41,63.09943105,-32.68943105
26163520700,detroit,151,33.28,99.95936061,-66.67936061
26163520800,detroit,176,36.17,95.35356272,-59.18356272
26163521100,detroit,181,36.72,98.26605256,-61.54605256
26163521400,detroit,330,50.62,99.5800596,-48.9600596
26163521500,detroit,245,43.2,84.84150637,-41.64150637
26163521800,detroit,24,11.5,5.594689786,5.905310214
26163521900,detroit,372,53.92,92.48171227,-38.56171227
26163522000,detroit,190,37.7,71.78271471,-34.08271471
26163522300,detroit,334,50.94,57.01706855,-6.077068545
26163522400,detroit,125,30.02,84.71958819,-54.69958819
26163522500,detroit,126,30.15,98.00866974,-67.85866974
26163522800,detroit,320,49.8,93.63316174,-43.83316174
26163523100,detroit,168,35.27,97.35843945,-62.08843945
26163523200,detroit,275,45.95,65.03657545,-19.08657545
26163523300,detroit,253,43.95,57.8704958,-13.9204958
26163523400,detroit,198,38.54,52.3570848,-13.8170848
26163523800,detroit,326,50.29,93.75507992,-43.46507992
26163524001,detroit,196,38.33,84.93633162,-46.60633162
26163524101,detroit,237,42.44,57.88404226,-15.44404226
26163524200,detroit,368,53.62,58.84584124,-5.225841235
26163524300,detroit,185,37.16,48.68599296,-11.52599296
26163524500,detroit,59,19.7,98.79436467,-79.09436467
26163524600,detroit,386,54.98,99.59360607,-44.61360607
26163524700,detroit,342,51.58,64.42698456,-12.84698456
26163524800,detroit,291,47.35,18.4773774,28.8726226
26163525400,detroit,190,37.7,45.13681929,-7.43681929
26163525700,detroit,375,54.15,89.9620699,-35.8120699
26163525800,detroit,176,36.17,68.69412083,-32.52412083
26163525900,detroit,314,49.3,89.352479,-40.052479
26163526000,detroit,286,46.92,97.65646166,-50.73646166
26163526100,detroit,203,39.06,70.73963695,-31.67963695
26163526200,detroit,324,50.13,59.2793281,-9.149328095
26163526300,detroit,317,49.55,53.26469791,-3.714697914
26163526400,detroit,100,26.54,62.67949065,-36.13949065
26163526500,detroit,461,60.36,28.325657,32.034343
26163527900,detroit,483,61.85,49.03820103,12.81179897
26163530100,detroit,492,62.45,47.38553238,15.06446762
26163530200,detroit,608,69.76,58.46654023,11.29345977
26163530300,detroit,432,58.34,75.80601463,-17.46601463
26163530400,detroit,162,34.58,15.51070171,19.06929829
26163530500,detroit,557,66.64,22.08073693,44.55926307
26163530800,detroit,330,50.62,49.75616364,0.863836359
26163530900,detroit,430,58.2,18.78894609,39.41105391
26163531100,detroit,207,39.47,15.03657545,24.43342455
26163531200,detroit,389,55.21,25.87374695,29.33625305
26163531300,detroit,230,41.77,17.40720672,24.36279328
26163531400,detroit,254,44.04,19.2766188,24.7633812
26163531501,detroit,362,53.15,23.93660255,29.21339745
26163531502,detroit,246,43.3,30.9130317,12.3869683
26163531600,detroit,330,50.62,32.97209428,17.64790572
26163531700,detroit,187,37.37,43.29450014,-5.924500135
26163531800,detroit,344,51.74,26.61880249,25.12119751
26163531900,detroit,227,41.48,47.49390409,-6.013904091
26163532100,detroit,502,63.12,28.01408832,35.10591168
26163532400,detroit,186,37.27,38.28230832,-1.012308318
26163532600,detroit,249,43.58,70.76672988,-27.18672988
26163532700,detroit,194,38.12,32.61988621,5.50011379
26163533000,detroit,432,58.34,16.07965321,42.26034679
26163533100,detroit,283,46.65,21.4440531,25.2059469
26163533200,detroit,439,58.83,20.75318342,38.07681658
26163533300,detroit,336,51.1,14.86047142,36.23952858
26163533400,detroit,458,60.15,56.13654836,4.013451639
26163533600,detroit,426,57.91,24.73584394,33.17415606
26163533800,detroit,510,63.64,72.01300461,-8.373004606
26163533900,detroit,374,54.07,99.70197778,-45.63197778
26163534100,detroit,383,54.76,51.08371715,3.67628285
26163534200,detroit,787,79.77,56.5023029,23.2676971
26163534300,detroit,324,50.13,62.31373611,-12.18373611
26163534400,detroit,335,51.02,53.9149282,-2.894928204
26163534700,detroit,353,52.45,28.97588729,23.47411271
26163534800,detroit,730,76.72,90.3820103,-13.6620103
26163535000,detroit,415,57.12,70.41452181,-13.29452181
26163535100,detroit,273,45.77,44.9065294,0.863470604
26163535200,detroit,474,61.25,67.43429965,-6.184299648
26163535300,detroit,564,67.08,93.70089407,-26.62089407
26163535600,detroit,516,64.03,16.32348957,47.70651043
26163535700,detroit,217,40.49,17.1498239,23.3401761
26163535800,detroit,661,72.86,71.30858846,1.551411542
26163536100,detroit,694,74.73,22.71742075,52.01257925
26163536200,detroit,343,51.66,52.61446762,-0.954467624
26163536300,detroit,597,69.1,44.2969385,24.8030615
26163536400,detroit,432,58.34,23.36765104,34.97234896
26163536500,detroit,369,53.69,65.23977242,-11.54977242
26163536600,detroit,512,63.77,85.58656191,-21.81656191
26163536700,detroit,222,40.98,22.20265511,18.77734489
26163536800,detroit,239,42.64,28.24437822,14.39562178
26163536900,detroit,412,56.9,44.52722839,12.37277161
26163537000,detroit,559,66.77,28.31211054,38.45788946
26163537100,detroit,435,58.55,61.93443511,-3.384435112
26163537200,detroit,350,52.21,86.73801138,-34.52801138
26163537300,detroit,428,58.05,72.47358439,-14.42358439
26163537500,detroit,465,60.63,10.66106746,49.96893254
26163537600,detroit,451,59.67,15.09076131,44.57923869
26163537700,detroit,440,58.9,16.87889461,42.02110539
26163537800,detroit,370,53.77,62.48984015,-8.719840152
26163538100,detroit,200,38.75,25.60281766,13.14718234
26163538200,detroit,215,40.29,37.94364671,2.346353292
26163538300,detroit,161,34.47,30.01896505,4.45103495
26163538400,detroit,260,44.6,28.00054186,16.59945814
26163538500,detroit,686,74.28,35.47819019,38.80180981
26163538600,detroit,794,80.14,28.52885397,51.61114603
26163538700,detroit,399,55.95,42.48171227,13.46828773
26163538800,detroit,173,35.83,9.739907884,26.09009212
26163538900,detroit,266,45.14,27.85153075,17.28846925
26163539000,detroit,440,58.9,33.94743972,24.95256028
26163539100,detroit,300,48.12,17.42075318,30.69924682
26163539200,detroit,545,65.89,57.42346248,8.466537524
26163539300,detroit,677,73.77,33.54104579,40.22895421
26163539400,detroit,310,48.97,52.42481712,-3.454817123
26163539500,detroit,400,56.02,63.31617448,-7.296174478
26163539600,detroit,371,53.85,27.28257925,26.56742075
26163539700,detroit,894,85.21,29.24681658,55.96318342
26163540100,detroit,489,62.26,23.0425359,39.2174641
26163540200,detroit,567,67.26,20.00812788,47.25187212
26163540300,detroit,464,60.57,23.8417773,36.7282227
26163540400,detroit,505,63.31,28.65077215,34.65922785
26163540500,detroit,466,60.7,36.22324573,24.47675427
26163540600,detroit,490,62.32,19.12760769,43.19239231
26163540700,detroit,814,81.18,37.99783257,43.18216743
26163540800,detroit,307,48.72,19.71010566,29.00989434
26163540900,detroit,471,61.04,43.61961528,17.42038472
26163541000,detroit,604,69.52,26.67298835,42.84701165
26163541100,detroit,497,62.79,9.374153346,53.41584665
26163541200,detroit,506,63.38,42.9287456,20.4512544
26163541300,detroit,406,56.46,49.17366567,7.286334327
26163541400,detroit,401,56.1,34.73313465,21.36686535
26163541500,detroit,289,47.18,21.41696017,25.76303983
26163541700,detroit,92,25.33,13.05879166,12.27120834
26163541800,detroit,250,43.67,23.78759144,19.88240856
26163542100,detroit,708,75.51,34.28610133,41.22389867
26163542200,detroit,420,57.48,26.25304795,31.22695205
26163542300,detroit,331,50.7,47.2636142,3.436385803
26163542400,detroit,347,51.98,28.10891357,23.87108643
26163542500,detroit,464,60.57,23.54375508,37.02624492
26163542600,detroit,495,62.65,76.70008128,-14.05008128
26163542900,detroit,430,58.2,50.12191818,8.078081821
26163543000,detroit,145,32.56,44.97426172,-12.41426172
26163543100,detroit,262,44.78,36.94120834,7.838791655
26163543200,detroit,340,51.42,41.72311027,9.696889732
26163543300,detroit,399,55.95,96.2340829,-40.2840829
26163543400,detroit,384,54.83,15.49715524,39.33284476
26163543500,detroit,413,56.97,5.838526145,51.13147386
26163543700,detroit,323,50.04,16.22866432,33.81133568
26163543900,detroit,141,32.06,63.53291791,-31.47291791
26163544000,detroit,238,42.54,32.8501761,9.689823896
26163544100,detroit,229,41.67,15.47006231,26.19993769
26163544200,detroit,347,51.98,5.540503928,46.43949607
26163544300,detroit,501,63.05,26.23950149,36.81049851
26163544800,detroit,515,63.97,19.85911677,44.11088323
26163545100,detroit,304,48.46,31.59035492,16.86964508
26163545200,detroit,567,67.26,24.8306692,42.4293308
26163545500,detroit,434,58.48,55.49986454,2.980135465
26163545600,detroit,467,60.77,54.40260092,6.367399079
26163545700,detroit,434,58.48,47.62936873,10.85063127
26163545800,detroit,1219,100,21.8233541,78.1766459
26163545900,detroit,959,88.36,41.23543755,47.12456245
26163546000,detroit,519,64.23,25.34543484,38.88456516
26163546100,detroit,534,65.19,11.67705229,53.51294771
26163546201,detroit,564,67.08,8.913573557,58.16642644
26163546301,detroit,189,37.59,8.588458412,29.00154159
26163546600,detroit,284,46.74,7.951774587,38.78822541
26163546700,detroit,410,56.76,39.63695475,17.12304525
26163547000,detroit,365,53.38,55.43213221,-2.052132213
26163547100,detroit,639,71.59,92.15659713,-20.56659713
26163547200,detroit,510,63.64,79.57193173,-15.93193173
26163984100,detroit,8,5.39,33.01273368,-27.62273368
26163984200,detroit,18,9.56,84.08290436,-74.52290436
26163985000,detroit,33,13.99,89.52858304,-75.53858304
26163985100,detroit,66,21.01,92.3191547,-71.3091547
26163985200,detroit,58,19.51,95.4754809,-75.9654809
26163985300,detroit,45,16.83,95.58385261,-78.75385261
26163985500,detroit,1,0,0.772148469,-0.772148469
26163985800,detroit,182,36.83,10.86426443,25.96573557
26163985900,detroit,27,12.37,81.07558927,-68.70558927
29037060100,kansas_city,13,0,34.0693579,-34.0693579
29047020201,kansas_city,1624,52.14,47.20942834,4.930571661
29047020202,kansas_city,2068,59.5,77.21484692,-17.71484692
29047020300,kansas_city,1779,54.81,75.75182877,-20.94182877
29047020400,kansas_city,792,34.87,63.30262801,-28.43262801
29047020500,kansas_city,2199,61.51,30.87239231,30.63760769
29047020602,kansas_city,908,37.69,75.46735302,-37.77735302
29047020603,kansas_city,1799,55.15,28.70495801,26.44504199
29047020604,kansas_city,2108,60.12,63.77675427,-3.656754267
29047020901,kansas_city,2364,63.97,60.71525332,3.254746681
29047020902,kansas_city,974,39.22,24.91194798,14.30805202
29047021204,kansas_city,939,38.42,30.35762666,8.062373341
29047021208,kansas_city,1624,52.14,57.70793823,-5.567938228
29047021209,kansas_city,2013,58.63,38.13329721,20.49670279
29047021210,kansas_city,1560,51,12.99105933,38.00894067
29047021211,kansas_city,926,38.12,20.92928746,17.19071254
29047021212,kansas_city,2881,71.15,32.8908155,38.2591845
29047021213,kansas_city,859,36.52,64.71146031,-28.19146031
29047021214,kansas_city,645,30.96,23.12381468,7.836185316
29047021303,kansas_city,1889,56.64,12.5846654,44.0553346
29047021307,kansas_city,2293,62.92,59.94310485,2.97689515
29047021309,kansas_city,1538,50.6,52.01842319,-1.418423192
29047021311,kansas_city,891,37.29,6.854510973,30.43548903
29047021312,kansas_city,2563,66.82,6.624221078,60.19577892
29047021313,kansas_city,2689,68.56,26.41560553,42.14439447
29047021314,kansas_city,2018,58.71,20.67190463,38.03809537
29047021808,kansas_city,1501,49.93,38.56678407,11.36321593
29047022200,kansas_city,2208,61.65,95.25873747,-33.60873747
29095000300,kansas_city,1180,43.69,88.44486589,-44.75486589
29095000600,kansas_city,2186,61.31,58.65619073,2.653809266
29095000700,kansas_city,1495,49.82,49.29558385,0.524416147
29095000800,kansas_city,1996,58.36,55.06637768,3.293622325
29095000900,kansas_city,2105,60.07,46.64047684,13.42952316
29095001000,kansas_city,1292,45.95,68.97859659,-23.02859659
29095001100,kansas_city,684,32.04,79.76158223,-47.72158223
29095001800,kansas_city,1891,56.67,59.31996749,-2.649967488
29095001900,kansas_city,2874,71.05,97.20942834,-26.15942834
29095002000,kansas_city,1220,44.51,95.74641019,-51.23641019
29095002100,kansas_city,2875,71.07,87.26632349,-16.19632349
29095002200,kansas_city,2106,60.09,19.96748849,40.12251151
29095002300,kansas_city,1556,50.93,58.76456245,-7.834562449
29095003400,kansas_city,1806,55.26,31.27878624,23.98121376
29095003700,kansas_city,1304,46.19,14.38634516,31.80365484
29095003800,kansas_city,1141,42.88,19.24952587,23.63047413
29095004300,kansas_city,1240,44.91,75.42671363,-30.51671363
29095004400,kansas_city,1028,40.44,92.37334056,-51.93334056
29095004600,kansas_city,1272,45.56,89.55567597,-43.99567597
29095005100,kansas_city,903,37.58,38.83771336,-1.257713357
29095005200,kansas_city,801,35.09,38.973178,-3.883178001
29095005300,kansas_city,1142,42.9,5.337306963,37.56269304
29095005400,kansas_city,730,33.27,53.56272013,-20.29272013
29095005500,kansas_city,799,35.04,30.57437009,4.465629911
29095005601,kansas_city,1355,47.18,21.78271471,25.39728529
29095005602,kansas_city,1494,49.8,18.54510973,31.25489027
29095005700,kansas_city,2096,59.93,12.8149553,47.1150447
29095005801,kansas_city,1946,57.56,34.50284476,23.05715524
29095006000,kansas_city,1580,51.36,6.989975616,44.37002438
29095006100,kansas_city,2434,64.98,24.69520455,40.28479545
29095006300,kansas_city,1303,46.17,50.81278786,-4.642787862
29095006500,kansas_city,1164,43.36,15.80872392,27.55127608
29095006600,kansas_city,1042,40.75,54.05039285,-13.30039285
29095006700,kansas_city,1053,40.99,34.21836901,6.771630994
29095006900,kansas_city,605,29.83,48.48279599,-18.65279599
29095007100,kansas_city,1579,51.34,47.31780005,4.022199946
29095007200,kansas_city,1327,46.64,53.71173124,-7.071731238
29095007301,kansas_city,185,14.2,87.63207803,-73.43207803
29095007302,kansas_city,445,24.85,95.51612029,-70.66612029
29095007400,kansas_city,1585,51.45,86.10132755,-34.65132755
29095007500,kansas_city,1442,48.84,62.84204823,-14.00204823
29095007600,kansas_city,2362,63.94,40.80195069,23.13804931
29095007700,kansas_city,1758,54.46,25.33188838,29.12811162
29095007802,kansas_city,1910,56.98,76.1582227,-19.1782227
29095007900,kansas_city,2642,67.92,12.72013005,55.19986995
29095008000,kansas_city,2049,59.2,38.70224871,20.49775129
29095008100,kansas_city,1368,47.43,34.54348415,12.88651585
29095008200,kansas_city,1478,49.51,46.12571119,3.384288811
29095008300,kansas_city,1291,45.93,52.03196966,-6.101969656
29095008400,kansas_city,1623,52.12,5.17474939,46.94525061
29095008500,kansas_city,2004,58.49,13.92576538,44.56423462
29095008600,kansas_city,3248,75.86,75.57572474,0.284275264
29095008700,kansas_city,2064,59.43,74.85776212,-15.42776212
29095008800,kansas_city,2690,68.58,20.17068545,48.40931455
29095008900,kansas_city,1600,51.72,30.56082363,21.15917637
29095009000,kansas_city,5473,100,37.7946356,62.2053644
29095009100,kansas_city,3595,80.08,68.77539962,11.30460038
29095009200,kansas_city,2575,66.98,63.96640477,3.013595232
29095009300,kansas_city,2084,59.75,61.88024925,-2.130249255
29095009400,kansas_city,3710,81.43,47.52099702,33.90900298
29095009500,kansas_city,3290,76.38,51.02953129,25.35046871
29095009600,kansas_city,2139,60.6,86.35871038,-25.75871038
29095009700,kansas_city,500,26.65,53.64399892,-26.99399892
29095009800,kansas_city,2272,62.61,26.1988621,36.4111379
29095009900,kansas_city,1556,50.93,78.46112165,-27.53112165
29095010001,kansas_city,1150,43.06,73.81468437,-30.75468437
29095010002,kansas_city,1007,39.97,43.99891628,-4.028916283
29095010103,kansas_city,1277,45.66,53.65754538,-7.997545381
29095010105,kansas_city,1544,50.71,35.11243565,15.59756435
29095010201,kansas_city,979,39.34,9.130316987,30.20968301
29095010203,kansas_city,2173,61.12,41.88566784,19.23433216
29095010204,kansas_city,2540,66.49,39.5421295,26.9478705
29095010500,kansas_city,2825,70.4,46.13925765,24.26074235
29095010600,kansas_city,2241,62.14,10.49850989,51.64149011
29095010702,kansas_city,1867,56.28,54.19940396,2.080596044
29095012903,kansas_city,2145,60.69,16.36412896,44.32587104
29095012904,kansas_city,1261,45.34,1.584936332,43.75506367
29095012906,kansas_city,3126,74.32,38.51259821,35.80740179
29095013003,kansas_city,2661,68.18,73.38119751,-5.201197507
29095013100,kansas_city,1819,55.48,89.14928204,-33.66928204
29095013203,kansas_city,2593,67.23,2.60092116,64.62907884
29095013208,kansas_city,1203,44.16,13.26198862,30.89801138
29095013210,kansas_city,1747,54.27,8.900027093,45.36997291
29095013405,kansas_city,1946,57.56,93.07775671,-35.51775671
29095013407,kansas_city,1436,48.72,5.432132213,43.28786779
29095013417,kansas_city,933,38.28,8.832294771,29.44770523
29095013418,kansas_city,1827,55.61,16.01192089,39.59807911
29095014300,kansas_city,3223,75.55,60.68816039,14.86183961
29095014400,kansas_city,1729,53.96,7.193172582,46.76682742
29095015200,kansas_city,846,36.21,99.45814143,-63.24814143
29095015300,kansas_city,3043,73.26,98.49634245,-25.23634245
29095015401,kansas_city,1295,46.01,76.1988621,-30.1888621
29095015402,kansas_city,474,25.81,37.51015985,-11.70015985
29095015500,kansas_city,2863,70.91,99.30913032,-28.39913032
29095015701,kansas_city,624,30.37,99.85098889,-69.48098889
29095015702,kansas_city,429,24.31,98.06285559,-73.75285559
29095015800,kansas_city,1130,42.64,99.8103495,-57.1703495
29095015900,kansas_city,569,28.77,89.85369818,-61.08369818
29095016000,kansas_city,2141,60.63,95.2858304,-34.6558304
29095016100,kansas_city,1217,44.45,96.66756976,-52.21756976
29095016200,kansas_city,1686,53.22,56.40747765,-3.187477648
29095016300,kansas_city,1849,55.98,93.25386074,-37.27386074
29095016400,kansas_city,2031,58.92,41.99403956,16.92596044
29095016500,kansas_city,2104,60.06,35.69493362,24.36506638
29095016600,kansas_city,1798,55.13,39.59631536,15.53368464
29095016700,kansas_city,2055,59.29,97.87320509,-38.58320509
29095016801,kansas_city,1600,51.72,90.85613655,-39.13613655
29095016802,kansas_city,1087,41.73,59.0490382,-17.3190382
29095016900,kansas_city,2022,58.77,45.94960715,12.82039285
29095017000,kansas_city,1434,48.69,56.75968572,-8.069685722
29095017100,kansas_city,2502,65.95,79.13844487,-13.18844487
29095017200,kansas_city,2885,71.2,57.99241398,13.20758602
29095017300,kansas_city,2050,59.21,85.72202655,-26.51202655
29095017400,kansas_city,543,27.99,89.48794365,-61.49794365
29095017500,kansas_city,1875,56.41,79.20617719,-22.79617719
29095017600,kansas_city,3408,77.83,12.47629369,65.35370631
29095017800,kansas_city,1559,50.98,89.5421295,-38.5621295
29095018102,kansas_city,350,21.46,1.82877269,19.63122731
29095980101,kansas_city,212,15.57,46.88431319,-31.31431319
29095980802,kansas_city,49,4.82,75.04741263,-70.22741263
29095988300,kansas_city,107,9.58,1.571389867,8.008610133
29165030003,kansas_city,1231,44.73,6.935789759,37.79421024
29165030004,kansas_city,1742,54.18,12.85559469,41.32440531
29165030102,kansas_city,1185,43.79,51.72040098,-7.930400975
29165030201,kansas_city,2952,72.08,68.21999458,3.860005419
29165030207,kansas_city,1561,51.02,54.37550799,-3.355507992
29165030210,kansas_city,537,27.81,61.5957735,-33.7857735
29165030211,kansas_city,802,35.12,74.58683284,-39.46683284
29165030212,kansas_city,1601,51.73,7.098347331,44.63165267
29165030213,kansas_city,800,35.07,14.61663506,20.45336494
29165030214,kansas_city,783,34.64,67.54267136,-32.90267136
29165030215,kansas_city,723,33.08,2.059062585,31.02093742
29165030216,kansas_city,1518,50.24,19.35789759,30.88210241
29165030308,kansas_city,1794,55.06,72.52777025,-17.46777025
29165030601,kansas_city,603,29.77,11.28420482,18.48579518
29165980000,kansas_city,109,9.71,65.98482796,-56.27482796
6037101110,los_angeles,5600,38.51,12.05635329,26.45364671
6037101122,los_angeles,4668,34.76,3.047954484,31.71204552
6037101220,los_angeles,3730,30.58,22.18910864,8.390891357
6037101221,los_angeles,3483,29.4,9.455432132,19.94456787
6037101222,los_angeles,3209,28.03,33.25657004,-5.226570035
6037101300,los_angeles,5253,37.15,49.94581414,-12.79581414
6037101400,los_angeles,6778,42.83,50.69086968,-7.860869683
6037102103,los_angeles,2284,22.93,7.829856407,15.10014359
6037102104,los_angeles,4611,34.52,27.24193985,7.278060146
6037102105,los_angeles,1909,20.57,50.46057979,-29.89057979
6037102107,los_angeles,4888,35.67,25.0203197,10.6496803
6037103101,los_angeles,4012,31.89,2.235166622,29.65483338
6037103102,los_angeles,7044,43.75,43.53833649,0.211663506
6037103201,los_angeles,4938,35.88,34.13709022,1.742909781
6037103202,los_angeles,2732,25.51,14.30506638,11.20493362
6037103300,los_angeles,4179,32.64,23.20509347,9.434906529
6037103401,los_angeles,2799,25.87,21.49823896,4.37176104
6037103402,los_angeles,5753,39.09,35.27499323,3.815006773
6037104103,los_angeles,4340,33.35,12.00216743,21.34783257
6037104105,los_angeles,4216,32.8,26.97101057,5.828989434
6037104108,los_angeles,5070,36.42,33.17529125,3.244708751
6037104201,los_angeles,5364,37.59,69.3172582,-31.7272582
6037104203,los_angeles,4098,32.28,34.74668112,-2.466681116
6037104204,los_angeles,2356,23.36,21.56597128,1.794028719
6037104310,los_angeles,4986,36.08,90.12462747,-54.04462747
6037104321,los_angeles,3199,27.98,18.50447033,9.475529667
6037104322,los_angeles,3304,28.51,92.38688702,-63.87688702
6037104401,los_angeles,2976,26.82,29.76158223,-2.941582227
6037104403,los_angeles,3338,28.68,45.65158494,-16.97158494
6037104404,los_angeles,3285,28.42,49.63424546,-21.21424546
6037104500,los_angeles,3571,29.82,28.09536711,1.724632891
6037104610,los_angeles,4959,35.97,51.12435654,-15.15435654
6037104620,los_angeles,4420,33.7,10.11920889,23.58079111
6037104701,los_angeles,2199,22.41,49.72907071,-27.31907071
6037104703,los_angeles,1864,20.27,81.49552967,-61.22552967
6037104704,los_angeles,3210,28.04,58.10078569,-30.06078569
6037104821,los_angeles,3345,28.72,18.39609862,10.32390138
6037104822,los_angeles,2225,22.57,59.98374424,-37.41374424
6037104823,los_angeles,2438,23.84,6.068816039,17.77118396
6037104824,los_angeles,2279,22.9,59.59089678,-36.69089678
6037106010,los_angeles,3771,30.77,6.515849363,24.25415064
6037106020,los_angeles,6419,41.55,10.59333514,30.95666486
6037106111,los_angeles,4665,34.75,4.768355459,29.98164454
6037106112,los_angeles,7594,45.6,61.06746139,-15.46746139
6037106113,los_angeles,6573,42.11,45.44838797,-3.338387971
6037106114,los_angeles,11889,58.22,64.7520997,-6.532099702
6037106403,los_angeles,6101,40.4,11.54158765,28.85841235
6037106405,los_angeles,5443,37.9,16.45895421,21.44104579
6037106406,los_angeles,6349,41.3,14.21024113,27.08975887
6037106407,los_angeles,3534,29.64,45.62449201,-15.98449201
6037106408,los_angeles,3318,28.58,12.57111894,16.00888106
6037106510,los_angeles,8700,49.13,71.90463289,-22.77463289
6037106520,los_angeles,7856,46.46,68.3283663,-21.8683663
6037106603,los_angeles,3890,31.33,39.37957193,-8.049571932
6037106604,los_angeles,8396,48.19,83.63587104,-35.44587104
6037106641,los_angeles,2625,24.91,3.467894879,21.44210512
6037106642,los_angeles,4096,32.27,15.61907342,16.65092658
6037106643,los_angeles,4018,31.91,5.364399892,26.54560011
6037106645,los_angeles,3695,30.42,2.506095909,27.91390409
6037106646,los_angeles,4297,33.16,51.67976158,-18.51976158
6037106648,los_angeles,6937,43.38,37.86236792,5.517632078
6037106649,los_angeles,3867,31.22,13.64128962,17.57871038
6037107010,los_angeles,4450,33.83,40.16526687,-6.335266865
6037107020,los_angeles,6727,42.65,16.09319967,26.55680033
6037108101,los_angeles,3129,27.62,8.046599837,19.57340016
6037108102,los_angeles,4197,32.72,31.36006502,1.359934977
6037108103,los_angeles,3656,30.23,4.050392847,26.17960715
6037108104,los_angeles,2279,22.9,2.38417773,20.51582227
6037108202,los_angeles,9040,50.17,47.8325657,2.3374343
6037108203,los_angeles,4101,32.29,0.663776754,31.62622325
6037108204,los_angeles,2254,22.75,60.07856949,-37.32856949
6037109100,los_angeles,3610,30.01,63.73611487,-33.72611487
6037109200,los_angeles,3631,30.11,19.52045516,10.58954484
6037109300,los_angeles,4359,33.43,41.57409916,-8.14409916
6037109400,los_angeles,4629,34.59,12.6253048,21.9646952
6037109500,los_angeles,4549,34.25,79.40937415,-45.15937415
6037109601,los_angeles,5434,37.87,18.3283663,19.5416337
6037109603,los_angeles,5320,37.42,44.63560011,-7.215600108
6037109604,los_angeles,4722,34.98,75.03386616,-40.05386616
6037109700,los_angeles,6294,41.1,38.66160932,2.43839068
6037109800,los_angeles,5755,39.1,29.53129233,9.568707667
6037111100,los_angeles,3896,31.36,43.52479003,-12.16479003
6037111201,los_angeles,4543,34.23,47.90029802,-13.67029802
6037111202,los_angeles,6372,41.39,64.07477648,-22.68477648
6037111204,los_angeles,7334,44.74,11.81251693,32.92748307
6037111205,los_angeles,3408,29.03,27.3774045,1.652595503
6037111206,los_angeles,5869,39.53,53.21051206,-13.68051206
6037111302,los_angeles,4963,35.98,30.88593877,5.09406123
6037111303,los_angeles,5739,39.04,57.72148469,-18.68148469
6037111304,los_angeles,1489,17.62,45.2858304,-27.6658304
6037111401,los_angeles,3410,29.04,38.7835275,-9.743527499
6037111402,los_angeles,5248,37.13,28.20373882,8.926261176
6037113101,los_angeles,5085,36.48,39.90788404,-3.427884042
6037113102,los_angeles,3649,30.2,24.37008941,5.829910593
6037113211,los_angeles,5118,36.61,20.57707938,16.03292062
6037113212,los_angeles,4132,32.43,61.51449472,-29.08449472
6037113213,los_angeles,6580,42.13,68.08452994,-25.95452994
6037113232,los_angeles,5351,37.54,33.82552154,3.714478461
6037113234,los_angeles,3531,29.63,42.95583853,-13.32583853
6037113237,los_angeles,5579,38.43,86.68382552,-48.25382552
6037113238,los_angeles,3998,31.82,62.80140883,-30.98140883
6037113239,los_angeles,2046,21.45,83.12110539,-61.67110539
6037113301,los_angeles,3784,30.83,84.32674072,-53.49674072
6037113303,los_angeles,8043,47.07,97.11460309,-50.04460309
6037113322,los_angeles,5308,37.37,22.053644,15.316356
6037113323,los_angeles,4775,35.21,50.32511514,-15.11511514
6037113324,los_angeles,1227,15.57,14.31861284,1.251387158
6037113423,los_angeles,3188,27.92,7.220265511,20.69973449
6037113424,los_angeles,4746,35.09,89.02736386,-53.93736386
6037113425,los_angeles,1513,17.8,62.88268762,-45.08268762
6037113426,los_angeles,2869,26.25,94.92007586,-68.67007586
6037113427,los_angeles,1704,19.18,1.51720401,17.66279599
6037113428,los_angeles,3959,31.65,18.31481983,13.33518017
6037115101,los_angeles,7099,43.94,29.68030344,14.25969656
6037115103,los_angeles,142,2.26,17.61040368,-15.35040368
6037115104,los_angeles,3014,27.02,2.329991872,24.69000813
6037115202,los_angeles,9325,51.03,86.72446491,-35.69446491
6037115203,los_angeles,2141,22.05,27.87862368,-5.828623679
6037115204,los_angeles,4133,32.43,32.0915741,0.338425901
6037115301,los_angeles,4506,34.07,41.92630723,-7.856307234
6037115302,los_angeles,2353,23.34,79.88350041,-56.54350041
6037115401,los_angeles,6590,42.17,39.01381739,3.156182606
6037115403,los_angeles,6649,42.37,80.52018423,-38.15018423
6037115404,los_angeles,3935,31.54,81.72581956,-50.18581956
6037117101,los_angeles,5858,39.49,15.1314007,24.3585993
6037117102,los_angeles,2945,26.66,10.52560282,16.13439718
6037117201,los_angeles,3804,30.93,18.92441073,12.00558927
6037117202,los_angeles,4457,33.86,32.07802763,1.781972365
6037117301,los_angeles,5095,36.52,15.91709564,20.60290436
6037117302,los_angeles,6559,42.06,81.8612842,-39.8012842
6037117303,los_angeles,4921,35.81,62.53047954,-26.72047954
6037117404,los_angeles,5471,38.01,64.00704416,-25.99704416
6037117405,los_angeles,2627,24.92,32.91790843,-7.997908426
6037117407,los_angeles,2766,25.69,31.34651856,-5.656518559
6037117408,los_angeles,2752,25.62,45.10972636,-19.48972636
6037117510,los_angeles,3351,28.75,36.33161745,-7.581617448
6037117520,los_angeles,4339,33.35,27.90571661,5.444283392
6037117530,los_angeles,7000,43.6,49.98645354,-6.386453536
6037119001,los_angeles,5340,37.5,10.0379301,27.4620699
6037119003,los_angeles,3967,31.68,25.88729342,5.792706584
6037119004,los_angeles,3484,29.4,26.45624492,2.94375508
6037119201,los_angeles,4756,35.13,28.42048225,6.709517746
6037119202,los_angeles,4792,35.28,34.36738011,0.912619886
6037119310,los_angeles,3498,29.47,14.34570577,15.12429423
6037119320,los_angeles,4060,32.1,3.332430236,28.76756976
6037119340,los_angeles,2618,24.87,12.08344622,12.78655378
6037119341,los_angeles,2514,24.28,8.127878624,16.15212138
6037119342,los_angeles,2615,24.86,5.039284747,19.82071525
6037119400,los_angeles,6069,40.28,18.73476023,21.54523977
6037119700,los_angeles,6639,42.34,40.62584665,1.714153346
6037119801,los_angeles,3141,27.68,19.37144405,8.308555947
6037119802,los_angeles,3575,29.84,22.17556218,7.664437822
6037119900,los_angeles,5178,36.85,28.67786508,8.172134923
6037120010,los_angeles,2704,25.35,47.98157681,-22.63157681
6037120020,los_angeles,3487,29.42,79.91059334,-50.49059334
6037120030,los_angeles,2502,24.21,61.25711189,-37.04711189
6037120103,los_angeles,3156,27.76,20.80736928,6.952630723
6037120104,los_angeles,2591,24.72,77.85153075,-53.13153075
6037120105,los_angeles,3415,29.06,68.58574912,-39.52574912
6037120106,los_angeles,3050,27.21,4.023299919,23.18670008
6037120107,los_angeles,2790,25.83,9.956651314,15.87334869
6037120108,los_angeles,4200,32.73,3.061500948,29.66849905
6037120300,los_angeles,7477,45.21,91.99403956,-46.78403956
6037120400,los_angeles,7315,44.67,85.65429423,-40.98429423
6037121010,los_angeles,8345,48.03,66.41831482,-18.38831482
6037121020,los_angeles,4340,33.35,17.98970469,15.36029531
6037121101,los_angeles,3064,27.28,49.60715253,-22.32715253
6037121102,los_angeles,6419,41.55,94.85234354,-53.30234354
6037121210,los_angeles,4939,35.88,78.84042265,-42.96042265
6037121221,los_angeles,3454,29.25,14.54890274,14.70109726
6037121222,los_angeles,6207,40.79,85.61365484,-44.82365484
6037121600,los_angeles,3624,30.08,76.74072067,-46.66072067
6037121801,los_angeles,4342,33.36,14.95529667,18.40470333
6037121802,los_angeles,5101,36.54,70.80736928,-34.26736928
6037121900,los_angeles,6050,40.21,84.43511244,-44.22511244
6037122000,los_angeles,7251,44.46,96.49146573,-52.03146573
6037122120,los_angeles,5056,36.36,15.18558656,21.17441344
6037122121,los_angeles,2473,24.04,9.929558385,14.11044161
6037122122,los_angeles,3832,31.06,87.7946356,-56.7346356
6037122200,los_angeles,5205,36.96,97.76483338,-60.80483338
6037122410,los_angeles,4456,33.85,79.81576808,-45.96576808
6037122420,los_angeles,4905,35.74,81.19750745,-45.45750745
6037123010,los_angeles,3936,31.54,75.49444595,-43.95444595
6037123020,los_angeles,3482,29.39,25.31834191,4.071658087
6037123103,los_angeles,5182,36.87,61.13519371,-24.26519371
6037123104,los_angeles,6279,41.05,25.46735302,15.58264698
6037123203,los_angeles,6312,41.17,74.62747223,-33.45747223
6037123204,los_angeles,4030,31.97,13.93931184,18.03068816
6037123205,los_angeles,3874,31.25,78.42048225,-47.17048225
6037123206,los_angeles,2744,25.57,80.28989434,-54.71989434
6037123301,los_angeles,6361,41.35,83.21593064,-41.86593064
6037123303,los_angeles,3867,31.22,83.2701165,-52.0501165
6037123304,los_angeles,5139,36.7,84.94987808,-48.24987808
6037123410,los_angeles,5741,39.05,35.28853969,3.761460309
6037123420,los_angeles,6055,40.23,60.52560282,-20.29560282
6037123510,los_angeles,6721,42.63,21.95881875,20.67118125
6037123520,los_angeles,4336,33.33,25.50799241,7.822007586
6037123601,los_angeles,6177,40.68,35.54592251,5.134077486
6037123602,los_angeles,4407,33.64,18.68057437,14.95942563
6037123700,los_angeles,5702,38.9,41.7502032,-2.850203197
6037123800,los_angeles,7975,46.85,60.99972907,-14.14972907
6037123901,los_angeles,8774,49.36,86.34516391,-36.98516391
6037123902,los_angeles,3769,30.76,28.58303983,2.176960173
6037124000,los_angeles,5869,39.53,35.64074776,3.889252235
6037124102,los_angeles,8349,48.04,53.82010295,-5.780102953
6037124103,los_angeles,3165,27.81,52.56028177,-24.75028177
6037124104,los_angeles,3365,28.81,24.50555405,4.30444595
6037124105,los_angeles,3705,30.46,39.98916283,-9.529162829
6037124201,los_angeles,5325,37.44,52.00487673,-14.56487673
6037124203,los_angeles,4016,31.91,6.123001897,25.7869981
6037124204,los_angeles,3588,29.9,45.25873747,-15.35873747
6037124300,los_angeles,9450,51.4,60.90490382,-9.50490382
6037124400,los_angeles,5436,37.87,22.58195611,15.28804389
6037124500,los_angeles,3601,29.97,25.42671363,4.543286372
6037124600,los_angeles,4002,31.84,52.43836359,-20.59836359
6037124700,los_angeles,6338,41.26,64.16960173,-22.90960173
6037124902,los_angeles,2848,26.14,37.53725278,-11.39725278
6037124903,los_angeles,3732,30.59,29.97832566,0.611674343
6037125101,los_angeles,4205,32.75,49.3904091,-16.6404091
6037125102,los_angeles,2706,25.36,22.6225955,2.737404497
6037125200,los_angeles,5833,39.4,52.11324844,-12.71324844
6037125310,los_angeles,8321,47.95,79.59902465,-31.64902465
6037125321,los_angeles,3884,31.3,36.67027906,-5.370279057
6037125322,los_angeles,2534,24.4,85.53237605,-61.13237605
6037125402,los_angeles,5975,39.93,74.9796803,-35.0496803
6037125403,los_angeles,3197,27.97,41.80438905,-13.83438905
6037125404,los_angeles,4076,32.18,71.56597128,-39.38597128
6037125501,los_angeles,5296,37.32,40.44974262,-3.129742617
6037125502,los_angeles,4789,35.26,50.379301,-15.119301
6037125600,los_angeles,3003,26.97,25.57572474,1.394275264
6037127102,los_angeles,7108,43.97,73.67921972,-29.70921972
6037127103,los_angeles,2759,25.66,44.6762395,-19.0162395
6037127104,los_angeles,5131,36.66,54.53806556,-17.87806556
6037127210,los_angeles,8014,46.97,89.73178001,-42.76178001
6037127220,los_angeles,6529,41.95,53.46789488,-11.51789488
6037127300,los_angeles,4387,33.55,88.14684367,-54.59684367
6037127400,los_angeles,9620,51.9,97.92739095,-46.02739095
6037127520,los_angeles,2706,25.36,89.74532647,-64.38532647
6037127603,los_angeles,3663,30.26,43.75507992,-13.49507992
6037127604,los_angeles,3370,28.84,34.90923869,-6.069238689
6037127605,los_angeles,3935,31.54,18.27418044,13.26581956
6037127606,los_angeles,3378,28.88,14.9823896,13.8976104
6037127711,los_angeles,3968,31.69,55.36439989,-23.67439989
6037127712,los_angeles,3363,28.8,42.46816581,-13.66816581
6037127803,los_angeles,5157,36.77,44.54077486,-7.770774858
6037127804,los_angeles,4107,32.32,50.27092929,-17.95092929
6037127805,los_angeles,5465,37.99,49.13302628,-11.14302628
6037127806,los_angeles,5084,36.47,49.85098889,-13.38098889
6037127910,los_angeles,5665,38.76,51.15144947,-12.39144947
6037127920,los_angeles,5846,39.45,21.29504199,18.15495801
6037128101,los_angeles,4714,34.95,23.53020862,11.41979138
6037128102,los_angeles,6380,41.41,44.41885668,-3.008856678
6037128210,los_angeles,7850,46.44,50.74505554,-4.305055541
6037128220,los_angeles,3655,30.23,13.58710377,16.64289623
6037128302,los_angeles,5726,38.99,54.22649688,-15.23649688
6037128303,los_angeles,7730,46.05,73.97724194,-27.92724194
6037128400,los_angeles,6336,41.26,90.42264969,-49.16264969
6037128500,los_angeles,5190,36.9,39.66404768,-2.764047684
6037128601,los_angeles,6184,40.7,31.73936603,8.960633975
6037128602,los_angeles,4522,34.14,21.38986724,12.75013276
6037128703,los_angeles,4005,31.86,50.82633433,-18.96633433
6037128704,los_angeles,2983,26.86,75.41316716,-48.55316716
6037128801,los_angeles,3252,28.25,36.07423462,-7.824234625
6037128802,los_angeles,5071,36.42,27.06583582,9.354164183
6037128910,los_angeles,5438,37.88,62.09699268,-24.21699268
6037131021,los_angeles,3046,27.19,4.930913032,22.25908697
6037131022,los_angeles,2709,25.38,5.012191818,20.36780818
6037131023,los_angeles,4549,34.25,50.10837171,-15.85837171
6037131024,los_angeles,5049,36.33,27.71606611,8.613933893
6037131100,los_angeles,5336,37.48,21.07829856,16.40170144
6037131200,los_angeles,4324,33.28,9.523164454,23.75683555
6037131300,los_angeles,6948,43.42,24.88485505,18.53514495
6037131400,los_angeles,5969,39.91,44.33757789,-4.427577892
6037131600,los_angeles,6414,41.54,38.593877,2.946123002
6037131701,los_angeles,5506,38.15,7.789217014,30.36078299
6037131702,los_angeles,4126,32.4,10.81007857,21.58992143
6037131801,los_angeles,4727,35.01,47.61582227,-12.60582227
6037131802,los_angeles,5764,39.14,13.83094012,25.30905988
6037131900,los_angeles,7123,44.02,54.75480899,-10.73480899
6037132001,los_angeles,4947,35.92,20.25196424,15.66803576
6037132002,los_angeles,5771,39.16,50.35220807,-11.19220807
6037132101,los_angeles,5818,39.34,26.9574641,12.3825359
6037132102,los_angeles,7559,45.49,66.85180168,-21.36180168
6037132301,los_angeles,5090,36.5,51.31400704,-14.81400704
6037132302,los_angeles,3039,27.15,68.66702791,-41.51702791
6037132501,los_angeles,4054,32.08,19.81847738,12.26152262
6037132502,los_angeles,4631,34.6,11.20292604,23.39707396
6037132700,los_angeles,7004,43.61,35.77621241,7.833787591
6037132900,los_angeles,4558,34.29,13.47873205,20.81126795
6037133000,los_angeles,5253,37.15,37.44242753,-0.292427526
6037133101,los_angeles,2398,23.61,18.00325115,5.606748849
6037133102,los_angeles,3530,29.62,29.16553779,0.454462205
6037134001,los_angeles,3646,30.18,26.72717421,3.452825792
6037134002,los_angeles,3802,30.92,18.04389054,12.87610946
6037134101,los_angeles,4638,34.63,6.190734218,28.43926578
6037134103,los_angeles,4955,35.95,11.48740179,24.46259821
6037134104,los_angeles,5001,36.14,21.68788946,14.45211054
6037134201,los_angeles,4921,35.81,67.86778651,-32.05778651
6037134302,los_angeles,5198,36.93,16.02546735,20.90453265
6037134303,los_angeles,6796,42.89,73.71985912,-30.82985912
6037134304,los_angeles,3962,31.66,35.70848009,-4.048480087
6037134305,los_angeles,1819,19.97,58.39880791,-38.42880791
6037134306,los_angeles,2947,26.67,58.16851802,-31.49851802
6037134421,los_angeles,4758,35.14,1.923597941,33.21640206
6037134422,los_angeles,6678,42.48,26.26659442,16.21340558
6037134423,los_angeles,4514,34.1,11.10810079,22.99189921
6037134424,los_angeles,3142,27.69,0.785694934,26.90430507
6037134520,los_angeles,5796,39.26,74.18043891,-34.92043891
6037134521,los_angeles,2088,21.72,49.21430507,-27.49430507
6037134522,los_angeles,4906,35.75,62.0157139,-26.2657139
6037134710,los_angeles,3923,31.48,12.53047954,18.94952046
6037134720,los_angeles,4965,35.99,36.12842048,-0.138420482
6037134801,los_angeles,4093,32.25,27.63478732,4.615212679
6037134802,los_angeles,4193,32.7,43.71444053,-11.01444053
6037134901,los_angeles,4560,34.3,30.04605798,4.253942021
6037134904,los_angeles,5126,36.64,22.29748036,14.34251964
6037134905,los_angeles,2375,23.47,40.43619615,-16.96619615
6037134906,los_angeles,1510,17.78,16.13383907,1.646160932
6037134907,los_angeles,769,11.37,41.98049309,-30.61049309
6037135102,los_angeles,5225,37.04,22.35166622,14.68833378
6037135111,los_angeles,3758,30.71,48.23895963,-17.52895963
6037135113,los_angeles,830,11.99,54.9038201,-42.9138201
6037135115,los_angeles,1080,14.33,40.73421837,-26.40421837
6037135116,los_angeles,1445,17.29,91.04578705,-73.75578705
6037135201,los_angeles,3944,31.58,70.13004606,-38.55004606
6037135202,los_angeles,6031,40.14,40.50392847,-0.363928475
6037135204,los_angeles,6621,42.28,29.42292062,12.85707938
6037135205,los_angeles,1629,18.65,0.677323219,17.97267678
6037137000,los_angeles,6328,41.23,58.07369277,-16.84369277
6037137103,los_angeles,2195,22.39,72.812246,-50.422246
6037137104,los_angeles,3767,30.76,77.58060146,-46.82060146
6037137202,los_angeles,2733,25.51,29.58547819,-4.07547819
6037137203,los_angeles,3839,31.09,67.20400975,-36.11400975
6037137301,los_angeles,2533,24.39,6.055269575,18.33473043
6037137302,los_angeles,5289,37.29,3.549173666,33.74082633
6037137401,los_angeles,6592,42.17,54.87672717,-12.70672717
6037137402,los_angeles,5956,39.86,56.8816039,-17.0216039
6037137501,los_angeles,4201,32.74,71.17312381,-38.43312381
6037137502,los_angeles,6661,42.42,82.07802763,-39.65802763
6037137504,los_angeles,1962,20.91,1.08371715,19.82628285
6037138000,los_angeles,5595,38.49,13.11297751,25.37702249
6037139001,los_angeles,6337,41.26,28.84042265,12.41957735
6037139200,los_angeles,6374,41.39,23.16445408,18.22554592
6037139301,los_angeles,7100,43.94,37.27986995,6.660130046
6037139302,los_angeles,4558,34.29,53.1563262,-18.8663262
6037139303,los_angeles,3383,28.9,69.24952587,-40.34952587
6037139401,los_angeles,4993,36.11,87.9842861,-51.8742861
6037139402,los_angeles,4368,33.47,73.43538336,-39.96538336
6037139502,los_angeles,4930,35.85,66.93308047,-31.08308047
6037139504,los_angeles,3596,29.94,40.68003251,-10.74003251
6037139505,los_angeles,1821,19.98,29.39582769,-9.415827689
6037139506,los_angeles,1922,20.65,45.34001626,-24.69001626
6037139600,los_angeles,4401,33.62,73.00189651,-39.38189651
6037139701,los_angeles,5174,36.84,72.97480358,-36.13480358
6037139703,los_angeles,2821,25.99,1.910051477,24.07994852
6037139704,los_angeles,2581,24.66,1.815226226,22.84477377
6037139705,los_angeles,3348,28.73,4.808994852,23.92100515
6037139801,los_angeles,3511,29.53,6.217827147,23.31217285
6037139802,los_angeles,3622,30.07,1.788133297,28.2818667
6037141101,los_angeles,4185,32.67,66.02546735,-33.35546735
6037141102,los_angeles,3398,28.98,62.30018965,-33.32018965
6037141201,los_angeles,4441,33.79,86.53481441,-52.74481441
6037141202,los_angeles,3233,28.15,56.54294229,-28.39294229
6037141303,los_angeles,2679,25.21,46.83012734,-21.62012734
6037141304,los_angeles,4050,32.06,67.24464915,-35.18464915
6037141305,los_angeles,3695,30.42,73.69276619,-43.27276619
6037141306,los_angeles,3315,28.57,71.36277432,-42.79277432
6037141400,los_angeles,5333,37.47,81.18396099,-43.71396099
6037141500,los_angeles,2701,25.34,15.52424817,9.815751829
6037141600,los_angeles,4023,31.94,14.1831482,17.7568518
6037141700,los_angeles,3003,26.97,4.673530209,22.29646979
6037143101,los_angeles,2010,21.22,71.66079653,-50.44079653
6037143102,los_angeles,3143,27.69,73.44892983,-45.75892983
6037143200,los_angeles,5422,37.82,60.81007857,-22.99007857
6037143301,los_angeles,4034,31.99,22.67678136,9.31321864
6037143302,los_angeles,3967,31.68,38.14684367,-6.466843674
6037143401,los_angeles,4900,35.72,15.87645624,19.84354376
6037143402,los_angeles,2328,23.19,36.81929017,-13.62929017
6037143500,los_angeles,5685,38.84,16.03901382,22.80098618
6037143602,los_angeles,5123,36.63,74.34299648,-37.71299648
6037143603,los_angeles,2802,25.89,44.98780818,-19.09780818
6037143605,los_angeles,657,10.16,23.48956922,-13.32956922
6037143606,los_angeles,1788,19.75,82.44378217,-62.69378217
6037143700,los_angeles,5487,38.07,93.4976971,-55.4276971
6037143801,los_angeles,3486,29.41,62.92332701,-33.51332701
6037143802,los_angeles,2916,26.51,68.91086426,-42.40086426
6037143901,los_angeles,5957,39.86,69.72365213,-29.86365213
6037143902,los_angeles,3014,27.02,45.86832837,-18.84832837
6037181000,los_angeles,8420,48.26,82.25413167,-33.99413167
6037181300,los_angeles,4868,35.59,66.45895421,-30.86895421
6037181400,los_angeles,4976,36.04,73.85532376,-37.81532376
6037181500,los_angeles,5006,36.16,54.45678678,-18.29678678
6037181600,los_angeles,3476,29.36,41.01869412,-11.65869412
6037183101,los_angeles,6820,42.97,49.0111081,-6.041108101
6037183103,los_angeles,3332,28.65,20.95638038,7.693619615
6037183104,los_angeles,2440,23.85,3.535627201,20.3143728
6037183220,los_angeles,4729,35.01,59.72636142,-24.71636142
6037183221,los_angeles,4016,31.91,7.572473584,24.33752642
6037183222,los_angeles,4304,33.19,15.53779464,17.65220536
6037183300,los_angeles,3921,31.47,69.20888648,-37.73888648
6037183401,los_angeles,3055,27.24,62.04280683,-34.80280683
6037183402,los_angeles,3570,29.82,67.12273097,-37.30273097
6037183510,los_angeles,2931,26.59,12.43565429,14.15434571
6037183520,los_angeles,3747,30.66,21.99945814,8.660541859
6037183610,los_angeles,3342,28.7,76.64589542,-47.94589542
6037183620,los_angeles,3991,31.79,51.85586562,-20.06586562
6037183701,los_angeles,4616,34.54,65.94418857,-31.40418857
6037183702,los_angeles,4026,31.95,33.97453265,-2.024532647
6037183810,los_angeles,4264,33.02,86.71091845,-53.69091845
6037183820,los_angeles,2985,26.87,8.344622054,18.52537795
6037185101,los_angeles,4274,33.06,65.40232999,-32.34232999
6037185102,los_angeles,3797,30.9,6.407477648,24.49252235
6037185202,los_angeles,4881,35.65,6.109455432,29.54054457
6037185203,los_angeles,5713,38.94,52.26225955,-13.32225955
6037185204,los_angeles,2598,24.76,2.980222162,21.77977784
6037185310,los_angeles,4783,35.24,35.2072609,0.032739095
6037185320,los_angeles,4435,33.76,84.13709022,-50.37709022
6037186100,los_angeles,6405,41.5,47.54808995,-6.048089949
6037186201,los_angeles,3581,29.87,41.89921431,-12.02921431
6037186202,los_angeles,2315,23.11,54.98509889,-31.87509889
6037186203,los_angeles,3240,28.19,2.411270658,25.77872934
6037186301,los_angeles,3560,29.77,6.59712815,23.17287185
6037186302,los_angeles,8590,48.79,42.64426985,6.145730154
6037186401,los_angeles,5580,38.43,96.68111623,-58.25111623
6037186403,los_angeles,2991,26.9,58.75101598,-31.85101598
6037186404,los_angeles,2825,26.02,34.40801951,-8.388019507
6037187101,los_angeles,4370,33.48,82.43023571,-48.95023571
6037187102,los_angeles,5159,36.78,94.18856678,-57.40856678
6037187200,los_angeles,4603,34.48,85.32917908,-50.84917908
6037187300,los_angeles,5432,37.86,67.67813601,-29.81813601
6037188100,los_angeles,6556,42.04,89.04091032,-47.00091032
6037188201,los_angeles,3959,31.65,17.75941479,13.89058521
6037188202,los_angeles,2409,23.67,2.682199946,20.98780005
6037188300,los_angeles,4814,35.37,75.37252777,-40.00252777
6037189101,los_angeles,4109,32.33,70.72609049,-38.39609049
6037189102,los_angeles,3158,27.77,45.0555405,-17.2855405
6037189201,los_angeles,4242,32.92,70.67190463,-37.75190463
6037189202,los_angeles,2864,26.23,6.678406936,19.55159306
6037189300,los_angeles,3941,31.56,23.13736115,8.422638851
6037189400,los_angeles,4377,33.51,14.69791384,18.81208616
6037189501,los_angeles,2541,24.44,26.11758331,-1.677583311
6037189502,los_angeles,3092,27.43,21.90463289,5.525367109
6037189600,los_angeles,6207,40.79,33.10755893,7.682441073
6037189702,los_angeles,2877,26.3,68.42319155,-42.12319155
6037189703,los_angeles,1575,18.26,16.33703603,1.922963966
6037189704,los_angeles,1986,21.07,27.32321864,-6.25321864
6037189801,los_angeles,2881,26.32,60.67461393,-34.35461393
6037189802,los_angeles,2433,23.81,26.22595503,-2.415955026
6037189903,los_angeles,1034,13.92,10.67461393,3.245386074
6037189904,los_angeles,2873,26.27,61.14874018,-34.87874018
6037189905,los_angeles,2334,23.23,49.2007586,-25.9707586
6037189906,los_angeles,3232,28.15,35.12598212,-6.975982119
6037189907,los_angeles,2608,24.82,39.75887293,-14.93887293
6037190101,los_angeles,1896,20.48,96.55919805,-76.07919805
6037190102,los_angeles,4147,32.5,92.26496884,-59.76496884
6037190201,los_angeles,1993,21.11,94.39176375,-73.28176375
6037190202,los_angeles,3048,27.2,85.74911948,-58.54911948
6037190302,los_angeles,2873,26.27,36.43998916,-10.16998916
6037190303,los_angeles,3156,27.76,66.78406936,-39.02406936
6037190401,los_angeles,3279,28.38,58.6697372,-30.2897372
6037190402,los_angeles,2703,25.35,76.82199946,-51.47199946
6037190510,los_angeles,8183,47.51,82.87726903,-35.36726903
6037190520,los_angeles,8476,48.44,82.701165,-34.261165
6037190701,los_angeles,1724,19.31,96.0444324,-76.7344324
6037190702,los_angeles,2532,24.38,66.540233,-42.160233
6037190801,los_angeles,3275,28.36,83.92034679,-55.56034679
6037190802,los_angeles,3240,28.19,87.97073964,-59.78073964
6037190901,los_angeles,11701,57.72,87.11731238,-29.39731238
6037190902,los_angeles,5695,38.87,87.6049851,-48.7349851
6037191000,los_angeles,5505,38.14,95.8547819,-57.7147819
6037191110,los_angeles,9830,52.52,68.87022487,-16.35022487
6037191120,los_angeles,9004,50.07,69.38499052,-19.31499052
6037191201,los_angeles,7898,46.6,92.29206177,-45.69206177
6037191203,los_angeles,4425,33.72,57.32863723,-23.60863723
6037191204,los_angeles,4161,32.56,20.31969656,12.24030344
6037191301,los_angeles,4694,34.87,70.61771878,-35.74771878
6037191302,los_angeles,3979,31.74,93.66025467,-61.92025467
6037191410,los_angeles,6624,42.29,67.70522894,-25.41522894
6037191420,los_angeles,3824,31.02,69.43917637,-38.41917637
6037191500,los_angeles,8951,49.9,69.37144405,-19.47144405
6037191610,los_angeles,9161,50.54,69.45272284,-18.91272284
6037191620,los_angeles,4287,33.12,46.70820916,-13.58820916
6037191710,los_angeles,5645,38.68,91.24898402,-52.56898402
6037191720,los_angeles,7943,46.74,73.28637226,-26.54637226
6037191810,los_angeles,5621,38.59,87.34760228,-48.75760228
6037191820,los_angeles,4012,31.89,70.8751016,-38.9851016
6037191901,los_angeles,4567,34.33,91.54700623,-57.21700623
6037191902,los_angeles,4854,35.53,85.03115687,-49.50115687
6037192001,los_angeles,4414,33.67,76.48333785,-42.81333785
6037192002,los_angeles,7745,46.1,80.81820645,-34.71820645
6037192300,los_angeles,2584,24.68,53.99620699,-29.31620699
6037192410,los_angeles,4451,33.83,44.486589,-10.656589
6037192420,los_angeles,5750,39.08,45.99024655,-6.910246546
6037192510,los_angeles,4609,34.51,41.7095638,-7.199563804
6037192520,los_angeles,5189,36.9,25.07450555,11.82549445
6037192610,los_angeles,6207,40.79,47.76483338,-6.974833378
6037192620,los_angeles,5413,37.78,62.28664319,-24.50664319
6037192700,los_angeles,5746,39.07,76.18531563,-37.11531563
6037194101,los_angeles,2993,26.91,14.02059063,12.88940937
6037194102,los_angeles,3434,29.16,5.120563533,24.03943647
6037194200,los_angeles,4304,33.19,32.68761853,0.502381468
6037194300,los_angeles,2677,25.2,8.249796803,16.9502032
6037194401,los_angeles,3790,30.86,65.68680574,-34.82680574
6037194402,los_angeles,3680,30.34,68.72121376,-38.38121376
6037194500,los_angeles,4579,34.38,82.99918721,-48.61918721
6037195100,los_angeles,5856,39.48,59.71281496,-20.23281496
6037195201,los_angeles,3900,31.37,43.9176375,-12.5476375
6037195202,los_angeles,4507,34.07,45.50257383,-11.43257383
6037195300,los_angeles,5309,37.37,65.49715524,-28.12715524
6037195400,los_angeles,6520,41.92,69.77783798,-27.85783798
6037195500,los_angeles,8712,49.17,67.85424004,-18.68424004
6037195600,los_angeles,7273,44.53,76.34787321,-31.81787321
6037195710,los_angeles,6191,40.73,86.25033866,-45.52033866
6037195720,los_angeles,5842,39.43,32.82308318,6.606916825
6037195802,los_angeles,4780,35.23,59.37415335,-24.14415335
6037195803,los_angeles,4419,33.69,54.3348686,-20.6448686
6037195804,los_angeles,3949,31.6,29.78867516,1.811324844
6037195901,los_angeles,2686,25.25,38.05201842,-12.80201842
6037195902,los_angeles,3162,27.79,51.49011108,-23.70011108
6037195903,los_angeles,2693,25.29,23.34055811,1.949441886
6037197200,los_angeles,4657,34.71,34.76022758,-0.050227581
6037197300,los_angeles,6437,41.62,55.02573828,-13.40573828
6037197410,los_angeles,7211,44.32,50.93470604,-6.614706042
6037197420,los_angeles,8094,47.23,74.2210783,-26.9910783
6037197500,los_angeles,8673,49.05,78.09536711,-29.04536711
6037197600,los_angeles,4803,35.32,68.53156326,-33.21156326
6037197700,los_angeles,7392,44.93,60.78298564,-15.85298564
6037199001,los_angeles,2468,24.02,82.40314278,-58.38314278
6037199002,los_angeles,6171,40.65,95.81414251,-55.16414251
6037199110,los_angeles,3527,29.61,11.85315633,17.75684367
6037199120,los_angeles,3786,30.84,76.22595503,-45.38595503
6037199201,los_angeles,5139,36.7,54.13167163,-17.43167163
6037199202,los_angeles,4289,33.13,15.72744514,17.40255486
6037199300,los_angeles,6890,43.22,17.46139258,25.75860742
6037199400,los_angeles,5901,39.65,83.02628014,-43.37628014
6037199700,los_angeles,4911,35.77,99.60715253,-63.83715253
6037199801,los_angeles,2548,24.48,9.767000813,14.71299919
6037199802,los_angeles,3393,28.95,56.25846654,-27.30846654
6037199900,los_angeles,3150,27.73,86.69737199,-58.96737199
6037201110,los_angeles,2529,24.37,8.805201842,15.56479816
6037201120,los_angeles,4622,34.56,14.35925224,20.20074776
6037201200,los_angeles,3492,29.44,35.4375508,-5.997550799
6037201301,los_angeles,4442,33.79,20.23841777,13.55158223
6037201302,los_angeles,4302,33.18,0.623137361,32.55686264
6037201401,los_angeles,6115,40.45,15.79517746,24.65482254
6037201402,los_angeles,5860,39.5,62.08344622,-22.58344622
6037201501,los_angeles,7624,45.7,34.38092658,11.31907342
6037201503,los_angeles,3773,30.78,38.01137903,-7.23137903
6037201504,los_angeles,3245,28.21,9.103224059,19.10677594
6037201601,los_angeles,2700,25.33,12.63885126,12.69114874
6037201602,los_angeles,4067,32.14,89.1628285,-57.0228285
6037201700,los_angeles,5151,36.74,92.17014359,-55.43014359
6037203100,los_angeles,4772,35.19,67.56976429,-32.37976429
6037203200,los_angeles,6506,41.87,38.95963154,2.910368464
6037203300,los_angeles,2386,23.54,96.74884855,-73.20884855
6037203500,los_angeles,6826,43,99.33622325,-56.33622325
6037203601,los_angeles,4683,34.82,61.58222704,-26.76222704
6037203602,los_angeles,4040,32.01,46.0444324,-14.0344324
6037203710,los_angeles,5626,38.61,25.84665402,12.76334598
6037203720,los_angeles,7461,45.16,58.54781902,-13.38781902
6037203800,los_angeles,6520,41.92,32.26767814,9.652321864
6037203900,los_angeles,6068,40.27,87.17149824,-46.90149824
6037204110,los_angeles,5866,39.52,31.82064481,7.699355188
6037204120,los_angeles,4669,34.76,23.95014901,10.80985099
6037204200,los_angeles,8648,48.97,41.58764562,7.382354376
6037204300,los_angeles,9837,52.54,82.21349228,-29.67349228
6037204410,los_angeles,4120,32.37,78.9352479,-46.5652479
6037204420,los_angeles,9423,51.32,77.12002167,-25.80002167
6037204600,los_angeles,7900,46.6,78.58303983,-31.98303983
6037204700,los_angeles,8731,49.23,79.5448388,-30.3148388
6037204810,los_angeles,8022,47,83.18883771,-36.18883771
6037204820,los_angeles,2773,25.73,29.15199133,-3.42199133
6037204910,los_angeles,5207,36.97,35.50528312,1.464716879
6037204920,los_angeles,6052,40.22,98.41506367,-58.19506367
6037205110,los_angeles,436,7.42,38.07911135,-30.65911135
6037205120,los_angeles,7007,43.62,98.42861013,-54.80861013
6037206010,los_angeles,7503,45.3,94.47304254,-49.17304254
6037206020,los_angeles,1872,20.32,95.67867787,-75.35867787
6037206050,los_angeles,12923,60.89,98.4015172,-37.5115172
6037206051,los_angeles,13867,63.24,100,-36.76
6037206052,los_angeles,1745,19.46,97.42617177,-77.96617177
6037206053,los_angeles,9488,51.52,91.65537795,-40.13537795
6037206054,los_angeles,1895,20.47,61.08100786,-40.61100786
6037206201,los_angeles,6742,42.7,85.97940937,-43.27940937
6037206202,los_angeles,3467,29.32,94.63560011,-65.31560011
6037206301,los_angeles,1721,19.29,56.98997562,-37.69997562
6037206302,los_angeles,144,2.3,12.09699268,-9.796992685
6037206303,los_angeles,5655,38.72,91.42508805,-52.70508805
6037207101,los_angeles,3657,30.23,73.11026822,-42.88026822
6037207102,los_angeles,5291,37.3,95.31292333,-58.01292333
6037207103,los_angeles,2896,26.4,94.58141425,-68.18141425
6037207303,los_angeles,5248,37.13,96.24762937,-59.11762937
6037207304,los_angeles,818,11.87,92.27851531,-80.40851531
6037207305,los_angeles,2195,22.39,98.76727174,-76.37727174
6037207306,los_angeles,3019,27.05,97.84611216,-70.79611216
6037207307,los_angeles,1203,15.38,83.79842861,-68.41842861
6037207308,los_angeles,1904,20.53,93.26740721,-72.73740721
6037207400,los_angeles,3073,27.33,92.99647792,-65.66647792
6037207501,los_angeles,991,13.53,55.71660797,-42.18660797
6037207502,los_angeles,1101,14.51,96.13925765,-81.62925765
6037207711,los_angeles,1227,15.57,97.00623137,-81.43623137
6037207712,los_angeles,2172,22.24,92.98293145,-70.74293145
6037207901,los_angeles,1629,18.65,83.59523164,-64.94523164
6037207902,los_angeles,7731,46.05,85.12598212,-39.07598212
6037208001,los_angeles,2473,24.04,59.83473313,-35.79473313
6037208002,los_angeles,8279,47.82,43.45705771,4.362942292
6037208301,los_angeles,2154,22.13,15.56488756,6.565112436
6037208302,los_angeles,7343,44.77,57.80276348,-13.03276348
6037208401,los_angeles,4112,32.34,41.81793552,-9.477935519
6037208402,los_angeles,7104,43.96,56.29910593,-12.33910593
6037208501,los_angeles,3233,28.15,33.33784882,-5.187848821
6037208502,los_angeles,6209,40.79,54.86318071,-14.07318071
6037208610,los_angeles,5597,38.5,50.05418586,-11.55418586
6037208620,los_angeles,4743,35.07,48.15768085,-13.08768085
6037208710,los_angeles,3420,29.09,22.94771065,6.142289352
6037208720,los_angeles,3921,31.47,91.31671634,-59.84671634
6037208801,los_angeles,32961,100,36.41289623,63.58710377
6037208802,los_angeles,5321,37.42,79.55838526,-42.13838526
6037208902,los_angeles,3829,31.04,83.41912761,-52.37912761
6037208903,los_angeles,12117,58.82,77.82443782,-19.00443782
6037208904,los_angeles,3964,31.67,34.05581143,-2.385811433
6037209103,los_angeles,3311,28.55,34.27255486,-5.722554863
6037209104,los_angeles,2636,24.97,14.64372799,10.32627201
6037209105,los_angeles,3738,30.62,11.6364129,18.9835871
6037209106,los_angeles,2444,23.88,77.29612571,-53.41612571
6037209201,los_angeles,1276,15.97,88.49905175,-72.52905175
6037209202,los_angeles,1717,19.27,73.13736115,-53.86736115
6037209300,los_angeles,5493,38.1,88.973178,-50.873178
6037209401,los_angeles,7916,46.66,69.04632891,-22.38632891
6037209402,los_angeles,13197,61.58,80.83175291,-19.25175291
6037209403,los_angeles,4802,35.32,62.47629369,-27.15629369
6037209510,los_angeles,7518,45.35,67.5291249,-22.1791249
6037209520,los_angeles,5504,38.14,81.69872663,-43.55872663
6037209810,los_angeles,4792,35.28,62.11053915,-26.83053915
6037209820,los_angeles,4525,34.15,43.40287185,-9.25287185
6037210010,los_angeles,4380,33.52,81.65808724,-48.13808724
6037211000,los_angeles,4295,33.15,86.56190734,-53.41190734
6037211121,los_angeles,2170,22.23,27.72961257,-5.499612571
6037211122,los_angeles,3763,30.74,82.82308318,-52.08308318
6037211123,los_angeles,1624,18.61,74.09916012,-55.48916012
6037211124,los_angeles,3902,31.38,70.59062585,-39.21062585
6037211201,los_angeles,2903,26.44,19.83202384,6.607976158
6037211202,los_angeles,4732,35.03,51.11081008,-16.08081008
6037211310,los_angeles,4046,32.04,23.39474397,8.645256028
6037211320,los_angeles,7654,45.8,77.98699539,-32.18699539
6037211410,los_angeles,3730,30.58,62.61175833,-32.03175833
6037211420,los_angeles,4738,35.05,46.81658087,-11.76658087
6037211500,los_angeles,5460,37.97,40.59875373,-2.628753725
6037211701,los_angeles,2536,24.41,52.51964237,-28.10964237
6037211703,los_angeles,3854,31.16,38.53969114,-7.379691141
6037211704,los_angeles,3150,27.73,91.23543755,-63.50543755
6037211802,los_angeles,4210,32.78,93.6873476,-60.9073476
6037211803,los_angeles,2296,23,18.19290165,4.807098347
6037211804,los_angeles,2279,22.9,58.42590084,-35.52590084
6037211910,los_angeles,3370,28.84,21.0647521,7.7752479
6037211921,los_angeles,3048,27.2,64.88756435,-37.68756435
6037211922,los_angeles,3009,27,15.63261989,11.36738011
6037212101,los_angeles,3660,30.25,89.5827689,-59.3327689
6037212102,los_angeles,2215,22.51,90.46328908,-67.95328908
6037212202,los_angeles,3670,30.3,50.758602,-20.458602
6037212203,los_angeles,1473,17.5,66.56732593,-49.06732593
6037212204,los_angeles,2763,25.68,81.25169331,-55.57169331
6037212303,los_angeles,3427,29.12,73.50311569,-44.38311569
6037212304,los_angeles,2834,26.06,91.79084259,-65.73084259
6037212305,los_angeles,2366,23.42,26.51043078,-3.090430778
6037212306,los_angeles,3477,29.37,45.4754809,-16.1054809
6037212410,los_angeles,3067,27.3,77.77025196,-50.47025196
6037212420,los_angeles,2923,26.54,35.2479003,-8.707900298
6037212501,los_angeles,1771,19.64,35.18016798,-15.54016798
6037212502,los_angeles,3970,31.7,78.47466811,-46.77466811
6037212610,los_angeles,4915,35.79,75.87374695,-40.08374695
6037212620,los_angeles,3330,28.64,36.56190734,-7.921907342
6037212701,los_angeles,2516,24.29,58.53427255,-34.24427255
6037212702,los_angeles,3900,31.37,44.96071525,-13.59071525
6037212800,los_angeles,6291,41.09,50.52831211,-9.438312111
6037212900,los_angeles,3479,29.38,56.66486047,-27.28486047
6037213100,los_angeles,4244,32.93,53.52208074,-20.59208074
6037213201,los_angeles,4787,35.26,67.36656733,-32.10656733
6037213202,los_angeles,4424,33.72,52.23516662,-18.51516662
6037213310,los_angeles,3489,29.43,52.30289894,-22.87289894
6037213320,los_angeles,3225,28.11,72.77160661,-44.66160661
6037213401,los_angeles,3342,28.7,40.63939312,-11.93939312
6037213402,los_angeles,4101,32.29,61.56868057,-29.27868057
6037214000,los_angeles,6720,42.62,85.16662151,-42.54662151
6037214100,los_angeles,4975,36.03,53.83364942,-17.80364942
6037214400,los_angeles,5236,37.08,81.95610946,-44.87610946
6037214501,los_angeles,804,11.73,76.87618532,-65.14618532
6037214503,los_angeles,83,0.64,6.434570577,-5.794570577
6037214504,los_angeles,158,2.63,4.632890815,-2.002890815
6037214505,los_angeles,312,5.57,11.08100786,-5.511007857
6037214600,los_angeles,4201,32.74,83.81197507,-51.07197507
6037214700,los_angeles,3975,31.72,91.22189109,-59.50189109
6037214800,los_angeles,4231,32.87,90.01625576,-57.14625576
6037214902,los_angeles,3123,27.59,85.54592251,-57.95592251
6037214903,los_angeles,1071,14.25,14.5624492,-0.312449201
6037214904,los_angeles,1428,17.16,22.93416418,-5.774164183
6037215101,los_angeles,2207,22.46,85.15307505,-62.69307505
6037215102,los_angeles,3447,29.22,72.6225955,-43.4025955
6037216100,los_angeles,2789,25.82,20.79382281,5.026177188
6037216201,los_angeles,2416,23.71,50.21674343,-26.50674343
6037216202,los_angeles,3454,29.25,40.7613113,-11.5113113
6037216301,los_angeles,2648,25.04,87.74044974,-62.70044974
6037216302,los_angeles,4074,32.17,72.67678136,-40.50678136
6037216401,los_angeles,4858,35.55,62.89623408,-27.34623408
6037216402,los_angeles,2488,24.13,25.38607423,-1.256074235
6037216700,los_angeles,5578,38.42,65.21267949,-26.79267949
6037216800,los_angeles,5288,37.29,67.42075318,-30.13075318
6037216901,los_angeles,4197,32.72,58.12787862,-25.40787862
6037216902,los_angeles,2842,26.11,45.96315362,-19.85315362
6037217001,los_angeles,3768,30.76,68.20644812,-37.44644812
6037217002,los_angeles,7885,46.56,56.77323219,-10.21323219
6037217101,los_angeles,3753,30.69,50.04063939,-19.35063939
6037217102,los_angeles,4527,34.16,51.42237876,-17.26237876
6037217200,los_angeles,6795,42.89,90.24654565,-47.35654565
6037218110,los_angeles,6252,40.95,69.18179355,-28.23179355
6037218120,los_angeles,5071,36.42,51.70685451,-15.28685451
6037218210,los_angeles,4604,34.49,25.54863181,8.941368193
6037218220,los_angeles,6432,41.6,24.42427526,17.17572474
6037218300,los_angeles,8133,47.35,60.98618261,-13.63618261
6037218400,los_angeles,6131,40.51,46.4643728,-5.954372799
6037218500,los_angeles,4724,34.99,52.27580601,-17.28580601
6037218600,los_angeles,3828,31.04,46.47791926,-15.43791926
6037218701,los_angeles,3868,31.23,77.25548632,-46.02548632
6037218702,los_angeles,3612,30.02,39.24410729,-9.224107288
6037218800,los_angeles,5315,37.4,55.25602818,-17.85602818
6037218900,los_angeles,5724,38.98,19.16824709,19.81175291
6037219010,los_angeles,3762,30.73,33.6900569,-2.960056895
6037219020,los_angeles,7063,43.82,59.07613113,-15.25613113
6037219300,los_angeles,6034,40.15,73.47602276,-33.32602276
6037219500,los_angeles,3198,27.97,42.54944459,-14.57944459
6037219700,los_angeles,8086,47.2,88.62096993,-41.42096993
6037219800,los_angeles,3565,29.79,62.57111894,-32.78111894
6037219901,los_angeles,5551,38.32,63.50582498,-25.18582498
6037219902,los_angeles,5745,39.06,72.48713086,-33.42713086
6037220000,los_angeles,9601,51.85,77.26903278,-25.41903278
6037220100,los_angeles,4057,32.09,92.18369006,-60.09369006
6037221110,los_angeles,3614,30.03,65.59198049,-35.56198049
6037221120,los_angeles,3446,29.21,63.54646437,-34.33646437
6037221210,los_angeles,7357,44.81,44.0666486,0.743351395
6037221220,los_angeles,5586,38.46,58.79165538,-20.33165538
6037221302,los_angeles,7082,43.88,68.59929558,-24.71929558
6037221303,los_angeles,3999,31.83,65.91709564,-34.08709564
6037221304,los_angeles,2040,21.42,11.86670279,9.553297209
6037221401,los_angeles,3053,27.23,36.48062856,-9.250628556
6037221402,los_angeles,5845,39.44,71.95881875,-32.51881875
6037221500,los_angeles,3934,31.53,59.68572203,-28.15572203
6037221601,los_angeles,4801,35.31,66.03901382,-30.72901382
6037221602,los_angeles,4110,32.33,90.19235979,-57.86235979
6037221710,los_angeles,2518,24.3,43.4976971,-19.1976971
6037221810,los_angeles,1807,19.88,49.02465457,-29.14465457
6037221820,los_angeles,885,12.53,3.576266594,8.953733406
6037221900,los_angeles,1963,20.92,53.61690599,-32.69690599
6037222001,los_angeles,4517,34.12,45.39420211,-11.27420211
6037222002,los_angeles,5983,39.96,74.49200759,-34.53200759
6037222100,los_angeles,4343,33.36,22.22974804,11.13025196
6037222200,los_angeles,5580,38.43,51.44947169,-13.01947169
6037222500,los_angeles,5922,39.73,44.16147386,-4.431473855
6037222600,los_angeles,4055,32.08,54.17231103,-22.09231103
6037222700,los_angeles,140,2.21,85.0582498,-82.8482498
6037224010,los_angeles,9098,50.35,96.76239501,-46.41239501
6037224020,los_angeles,10633,54.81,99.74261718,-44.93261718
6037224200,los_angeles,4288,33.12,78.71850447,-45.59850447
6037224310,los_angeles,4727,35.01,63.05879166,-28.04879166
6037224320,los_angeles,5630,38.62,72.12137632,-33.50137632
6037224410,los_angeles,2776,25.75,84.65185587,-58.90185587
6037224420,los_angeles,1450,17.33,84.28610133,-66.95610133
6037224600,los_angeles,9909,52.75,96.07152533,-43.32152533
6037224701,los_angeles,301,5.39,40.65293958,-35.26293958
6037224702,los_angeles,506,8.35,91.80438905,-83.45438905
6037226001,los_angeles,10721,55.05,99.83744243,-44.78744243
6037226002,los_angeles,14932,65.8,99.66133839,-33.86133839
6037226410,los_angeles,4845,35.5,53.14277973,-17.64277973
6037226420,los_angeles,5827,39.37,32.36250339,7.007496613
6037226701,los_angeles,4628,34.59,51.77458683,-17.18458683
6037226702,los_angeles,4490,34,65.18558656,-31.18558656
6037227010,los_angeles,5770,39.16,79.61257112,-40.45257112
6037227020,los_angeles,5590,38.47,44.87943647,-6.409436467
6037228100,los_angeles,6641,42.35,86.39934977,-44.04934977
6037228210,los_angeles,4331,33.31,25.22351666,8.086483338
6037228220,los_angeles,4898,35.72,28.98943376,6.730566242
6037228310,los_angeles,6435,41.61,49.67488486,-8.064884855
6037228320,los_angeles,2721,25.45,33.52749932,-8.077499323
6037228410,los_angeles,3751,30.68,51.23272826,-20.55272826
6037228420,los_angeles,4648,34.67,51.47656462,-16.80656462
6037228500,los_angeles,5792,39.24,31.38715795,7.852842048
6037228600,los_angeles,5369,37.61,52.45191005,-14.84191005
6037228710,los_angeles,4891,35.69,25.95502574,9.734974262
6037228720,los_angeles,4998,36.13,22.44649147,13.68350853
6037228800,los_angeles,5676,38.8,93.64670821,-54.84670821
6037228900,los_angeles,2493,24.16,60.33595232,-36.17595232
6037229100,los_angeles,5359,37.57,24.7900298,12.7799702
6037229200,los_angeles,4698,34.88,34.66540233,0.21459767
6037229300,los_angeles,6796,42.89,30.41181252,12.47818748
6037229410,los_angeles,4694,34.87,74.81712273,-39.94712273
6037229420,los_angeles,5621,38.59,80.3034408,-41.7134408
6037231100,los_angeles,9607,51.87,97.85965863,-45.98965863
6037231210,los_angeles,5818,39.34,4.836087781,34.50391222
6037231220,los_angeles,4974,36.03,48.90273639,-12.87273639
6037231301,los_angeles,3683,30.36,15.02302899,15.33697101
6037231302,los_angeles,4668,34.76,44.32403143,-9.564031428
6037231400,los_angeles,6116,40.45,53.92847467,-13.47847467
6037231500,los_angeles,7755,46.13,52.28935248,-6.159352479
6037231601,los_angeles,3502,29.49,36.45353563,-6.963535627
6037231602,los_angeles,3025,27.08,17.39366025,9.686339745
6037231603,los_angeles,3282,28.4,46.53210512,-18.13210512
6037231710,los_angeles,6933,43.37,39.92143051,3.448569493
6037231720,los_angeles,4486,33.98,65.99837442,-32.01837442
6037231800,los_angeles,8389,48.17,75.7789217,-27.6089217
6037231901,los_angeles,2773,25.73,30.38471959,-4.654719588
6037231902,los_angeles,4727,35.01,52.89894338,-17.88894338
6037232110,los_angeles,4099,32.28,33.44622054,-1.166220536
6037232120,los_angeles,5070,36.42,57.46410187,-21.04410187
6037232200,los_angeles,4876,35.63,40.20590626,-4.575906258
6037232300,los_angeles,6672,42.46,41.96694663,0.493053373
6037232401,los_angeles,5401,37.74,36.18260634,1.55739366
6037232402,los_angeles,4915,35.79,27.20130046,8.588699539
6037232500,los_angeles,7562,45.5,64.81983202,-19.31983202
6037232601,los_angeles,3197,27.97,34.8685993,-6.898599296
6037232602,los_angeles,6868,43.14,57.54538066,-14.40538066
6037232701,los_angeles,2872,26.27,62.12408561,-35.85408561
6037232702,los_angeles,5076,36.44,54.7141696,-18.2741696
6037232800,los_angeles,5793,39.25,70.10295313,-30.85295313
6037234001,los_angeles,4626,34.58,17.80005419,16.77994581
6037234002,los_angeles,4630,34.6,29.65321051,4.946789488
6037234200,los_angeles,5153,36.75,86.8057437,-50.0557437
6037234301,los_angeles,4418,33.69,79.39582769,-45.70582769
6037234302,los_angeles,6551,42.03,22.64968843,19.38031157
6037234501,los_angeles,4302,33.18,51.46301815,-18.28301815
6037234502,los_angeles,4730,35.02,65.1720401,-30.1520401
6037234600,los_angeles,8319,47.94,80.15442969,-32.21442969
6037234700,los_angeles,6192,40.73,75.69764292,-34.96764292
6037234800,los_angeles,6399,41.48,46.00379301,-4.52379301
6037234901,los_angeles,4308,33.21,50.77214847,-17.56214847
6037234902,los_angeles,5500,38.12,32.57924682,5.540753183
6037235100,los_angeles,6975,43.51,32.01029531,11.49970469
6037235201,los_angeles,4883,35.65,40.91032241,-5.260322406
6037235202,los_angeles,7982,46.87,75.61636413,-28.74636413
6037236001,los_angeles,5455,37.95,55.77079382,-17.82079382
6037236101,los_angeles,2825,26.02,79.63966405,-53.61966405
6037236102,los_angeles,3446,29.21,88.13329721,-58.92329721
6037236203,los_angeles,1180,15.18,19.19534002,-4.015340016
6037236204,los_angeles,2230,22.6,8.507179626,14.09282037
6037236205,los_angeles,2340,23.26,7.843402872,15.41659713
6037236206,los_angeles,1066,14.2,31.17041452,-16.97041452
6037236400,los_angeles,5635,38.64,4.240043349,34.39995665
6037237101,los_angeles,6150,40.58,62.2053644,-21.6253644
6037237102,los_angeles,4571,34.35,52.18098076,-17.83098076
6037237201,los_angeles,6215,40.82,23.32701165,17.49298835
6037237202,los_angeles,9647,51.98,95.94960715,-43.96960715
6037237300,los_angeles,8179,47.5,47.53454348,-0.034543484
6037237401,los_angeles,5533,38.25,28.9352479,9.3147521
6037237402,los_angeles,4715,34.96,38.30940125,-3.349401246
6037237500,los_angeles,3955,31.63,32.80953671,-1.179536711
6037237600,los_angeles,4887,35.67,46.61338391,-10.94338391
6037237710,los_angeles,5546,38.3,64.68436738,-26.38436738
6037237720,los_angeles,3866,31.22,37.83527499,-6.615274993
6037237800,los_angeles,5922,39.73,40.1517204,-0.421720401
6037237900,los_angeles,5962,39.88,51.69330805,-11.81330805
6037238000,los_angeles,10657,54.87,47.68355459,7.186445408
6037238100,los_angeles,7357,44.81,64.23733406,-19.42733406
6037238200,los_angeles,10781,55.22,64.10186941,-8.881869412
6037238310,los_angeles,6638,42.34,16.64860471,25.69139529
6037238320,los_angeles,5577,38.42,58.69683013,-20.27683013
6037238400,los_angeles,8371,48.11,71.55242482,-23.44242482
6037239201,los_angeles,5129,36.66,60.39013817,-23.73013817
6037239202,los_angeles,8048,47.08,87.3746952,-40.2946952
6037239310,los_angeles,5464,37.98,72.59550257,-34.61550257
6037239320,los_angeles,3421,29.09,31.12977513,-2.039775129
6037239330,los_angeles,4270,33.04,77.62124086,-44.58124086
6037239501,los_angeles,4484,33.97,41.16770523,-7.197705229
6037239502,los_angeles,4043,32.03,26.60525603,5.424743972
6037239601,los_angeles,4446,33.81,51.34109997,-17.53109997
6037239602,los_angeles,4386,33.55,28.27147115,5.278528854
6037239701,los_angeles,5077,36.45,26.53752371,9.912476294
6037239702,los_angeles,5950,39.84,69.79138445,-29.95138445
6037239801,los_angeles,4457,33.86,19.20888648,14.65111352
6037239802,los_angeles,7107,43.97,50.20319697,-6.233196966
6037240010,los_angeles,7523,45.37,71.28149553,-25.91149553
6037240020,los_angeles,8206,47.59,25.7789217,21.8110783
6037240200,los_angeles,9702,52.15,56.90869683,-4.75869683
6037240301,los_angeles,3663,30.26,37.67271742,-7.412717421
6037240302,los_angeles,5213,36.99,26.36141967,10.62858033
6037240401,los_angeles,6293,41.1,37.30696288,3.793037117
6037240402,los_angeles,4902,35.73,31.56326199,4.166738011
6037240500,los_angeles,8811,49.48,40.30073151,9.179268491
6037240600,los_angeles,7466,45.18,42.03467895,3.145321051
6037240700,los_angeles,8356,48.06,36.8057437,11.2542563
6037240800,los_angeles,5101,36.54,38.39068003,-1.850680033
6037240901,los_angeles,3437,29.17,30.45245191,-1.28245191
6037240902,los_angeles,4856,35.54,56.82741804,-21.28741804
6037241001,los_angeles,5574,38.41,58.38526145,-19.97526145
6037241002,los_angeles,4625,34.58,38.89189921,-4.311899214
6037241110,los_angeles,3975,31.72,19.45272284,12.26727716
6037241120,los_angeles,6765,42.78,33.51395286,9.266047142
6037241201,los_angeles,4167,32.59,30.76402059,1.825979409
6037241202,los_angeles,8820,49.5,85.13952858,-35.63952858
6037241300,los_angeles,2943,26.65,52.88539691,-26.23539691
6037241400,los_angeles,5240,37.1,48.26605256,-11.16605256
6037242000,los_angeles,4583,34.4,37.97073964,-3.570739637
6037242100,los_angeles,443,7.52,68.17935519,-60.65935519
6037242201,los_angeles,2875,26.29,8.696830127,17.59316987
6037242202,los_angeles,2488,24.13,26.93037117,-2.800371173
6037242300,los_angeles,5878,39.57,59.87537253,-20.30537253
6037242600,los_angeles,823,11.92,34.04226497,-22.12226497
6037242700,los_angeles,9397,51.25,62.15117854,-10.90117854
6037243001,los_angeles,4364,33.45,18.17935519,15.27064481
6037243002,los_angeles,3521,29.58,4.131671634,25.44832837
6037243100,los_angeles,4549,34.25,31.60390138,2.646098618
6037261102,los_angeles,2996,26.93,3.833649418,23.09635058
6037261103,los_angeles,1881,20.38,1.39528583,18.98471417
6037261104,los_angeles,1438,17.24,2.628014088,14.61198591
6037261200,los_angeles,4254,32.97,12.11053915,20.85946085
6037262100,los_angeles,2229,22.59,11.32484422,11.26515578
6037262200,los_angeles,3528,29.61,40.69357898,-11.08357898
6037262301,los_angeles,1666,18.91,15.3616906,3.548309401
6037262302,los_angeles,1959,20.89,37.90300732,-17.01300732
6037262303,los_angeles,2079,21.66,3.224058521,18.43594148
6037262400,los_angeles,2094,21.76,1.463018152,20.29698185
6037262501,los_angeles,2534,24.4,35.49173666,-11.09173666
6037262601,los_angeles,3464,29.3,1.666215118,27.63378488
6037262604,los_angeles,5160,36.78,37.57789217,-0.79789217
6037262704,los_angeles,2482,24.1,34.51639122,-10.41639122
6037262706,los_angeles,2762,25.67,58.94066649,-33.27066649
6037262802,los_angeles,2471,24.03,34.61121647,-10.58121647
6037264000,los_angeles,2455,23.94,20.54998645,3.390013546
6037264102,los_angeles,1442,17.27,28.16309943,-10.89309943
6037264103,los_angeles,1799,19.83,67.98970469,-48.15970469
6037264303,los_angeles,2061,21.55,64.52180981,-42.97180981
6037264304,los_angeles,1808,19.89,77.13356814,-57.24356814
6037264305,los_angeles,2671,25.17,31.83419128,-6.664191276
6037264306,los_angeles,1977,21.01,53.35952316,-32.34952316
6037265100,los_angeles,1206,15.4,5.134109997,10.26589
6037265201,los_angeles,901,12.69,3.711731238,8.978268762
6037265203,los_angeles,935,13.01,34.62476294,-21.61476294
6037265204,los_angeles,824,11.93,90.69357898,-78.76357898
6037265301,los_angeles,70,0.21,51.95069087,-51.74069087
6037265303,los_angeles,1643,18.75,1.693308047,17.05669195
6037265304,los_angeles,1160,15.01,1.503657545,13.50634245
6037265306,los_angeles,814,11.83,3.77946356,8.05053644
6037265307,los_angeles,543,8.82,39.23056082,-30.41056082
6037265410,los_angeles,1576,18.26,33.09401246,-14.83401246
6037265420,los_angeles,1937,20.75,44.35112436,-23.60112436
6037265521,los_angeles,1223,15.54,66.1202926,-50.5802926
6037265522,los_angeles,1956,20.87,64.96884313,-44.09884313
6037265523,los_angeles,2686,25.25,67.62395015,-42.37395015
6037265524,los_angeles,2312,23.1,76.41560553,-53.31560553
6037265601,los_angeles,2861,26.21,48.6318071,-22.4218071
6037265602,los_angeles,1250,15.76,15.59198049,0.168019507
6037265701,los_angeles,2078,21.66,45.71931726,-24.05931726
6037265702,los_angeles,1659,18.86,8.141425088,10.71857491
6037267101,los_angeles,2766,25.69,28.50176104,-2.81176104
6037267102,los_angeles,3037,27.14,47.85965863,-20.71965863
6037267201,los_angeles,3493,29.44,84.38092658,-54.94092658
6037267202,los_angeles,3934,31.53,70.08940666,-38.55940666
6037267300,los_angeles,4689,34.85,83.55459225,-48.70459225
6037267403,los_angeles,2763,25.68,31.5226226,-5.842622596
6037267404,los_angeles,1943,20.79,49.93226768,-29.14226768
6037267405,los_angeles,2050,21.48,83.50040639,-62.02040639
6037267406,los_angeles,2159,22.16,65.64616635,-43.48616635
6037267502,los_angeles,3802,30.92,39.27120022,-8.351200217
6037267503,los_angeles,3443,29.2,56.24492008,-27.04492008
6037267504,los_angeles,3132,27.64,43.24031428,-15.60031428
6037267600,los_angeles,4861,35.56,94.02600921,-58.46600921
6037267700,los_angeles,4096,32.27,96.97913844,-64.70913844
6037267800,los_angeles,5337,37.48,90.97805473,-53.49805473
6037267901,los_angeles,324,5.76,95.82768897,-90.06768897
6037267902,los_angeles,3525,29.6,53.60335952,-24.00335952
6037269000,los_angeles,4403,33.62,30.50663777,3.113362232
6037269100,los_angeles,5475,38.03,66.97371986,-28.94371986
6037269300,los_angeles,4663,34.74,71.93172582,-37.19172582
6037269500,los_angeles,4712,34.94,16.41831482,18.52168518
6037269601,los_angeles,3749,30.67,56.71904633,-26.04904633
6037269602,los_angeles,2240,22.66,16.17447846,6.485521539
6037269700,los_angeles,6967,43.48,80.69628827,-37.21628827
6037269800,los_angeles,3958,31.64,44.25629911,-12.61629911
6037269903,los_angeles,3281,28.4,69.5069087,-41.1069087
6037269905,los_angeles,2904,26.44,80.73692766,-54.29692766
6037269906,los_angeles,2392,23.57,14.52180981,9.048190192
6037269907,los_angeles,3471,29.34,73.12381468,-43.78381468
6037269908,los_angeles,1912,20.59,66.37767543,-45.78767543
6037269909,los_angeles,2511,24.26,49.55296668,-25.29296668
6037270101,los_angeles,3852,31.15,88.70224871,-57.55224871
6037270102,los_angeles,2170,22.23,59.82118667,-37.59118667
6037270200,los_angeles,6367,41.37,80.23570848,-38.86570848
6037270300,los_angeles,5180,36.86,84.70604172,-47.84604172
6037271100,los_angeles,3630,30.11,64.80628556,-34.69628556
6037271200,los_angeles,3553,29.74,85.6272013,-55.8872013
6037271300,los_angeles,6820,42.97,70.86155513,-27.89155513
6037271400,los_angeles,4464,33.89,17.1091845,16.7808155
6037271500,los_angeles,3253,28.25,14.25088052,13.99911948
6037271600,los_angeles,3315,28.57,31.80709835,-3.237098347
6037271702,los_angeles,3637,30.14,76.79490653,-46.65490653
6037271703,los_angeles,2929,26.57,13.97995123,12.59004877
6037271704,los_angeles,2226,22.58,35.76266594,-13.18266594
6037271801,los_angeles,4351,33.4,39.17637497,-5.776374966
6037271803,los_angeles,2995,26.92,57.91113519,-30.99113519
6037271804,los_angeles,2962,26.75,17.51557843,9.234421566
6037271901,los_angeles,3532,29.63,26.49688431,3.133115687
6037271902,los_angeles,4122,32.38,51.54429694,-19.16429694
6037272100,los_angeles,5805,39.29,60.2275806,-20.9375806
6037272201,los_angeles,2166,22.21,21.87753996,0.332460038
6037272202,los_angeles,2804,25.9,14.08832295,11.81167705
6037272301,los_angeles,3304,28.51,22.92061772,5.589382281
6037272302,los_angeles,4502,34.05,63.20780276,-29.15780276
6037273100,los_angeles,4312,33.23,48.69953942,-15.46953942
6037273200,los_angeles,5967,39.9,75.54863181,-35.64863181
6037273300,los_angeles,4867,35.59,80.85884584,-45.26884584
6037273403,los_angeles,2719,25.44,50.70441615,-25.26441615
6037273404,los_angeles,2297,23.01,79.65321051,-56.64321051
6037273502,los_angeles,6695,42.54,76.32078028,-33.78078028
6037273600,los_angeles,4662,34.73,85.18016798,-50.45016798
6037273700,los_angeles,3793,30.88,37.61853156,-6.738531563
6037273800,los_angeles,5017,36.2,61.92088865,-25.72088865
6037273902,los_angeles,8170,47.47,52.12679491,-4.656794907
6037274100,los_angeles,3680,30.34,82.19994581,-51.85994581
6037274202,los_angeles,5246,37.12,36.79219724,0.327802763
6037275101,los_angeles,1391,16.88,26.7678136,-9.887813601
6037275102,los_angeles,3835,31.07,14.16960173,16.90039827
6037275200,los_angeles,3930,31.51,11.55513411,19.95486589
6037275311,los_angeles,6628,42.3,55.63532918,-13.33532918
6037275312,los_angeles,2436,23.83,58.03305337,-34.20305337
6037275313,los_angeles,2892,26.38,88.98672446,-62.60672446
6037275400,los_angeles,3515,29.55,59.38769981,-29.83769981
6037275500,los_angeles,3539,29.67,32.51151449,-2.841514495
6037275603,los_angeles,3610,30.01,74.0314278,-44.0214278
6037275604,los_angeles,3030,27.11,80.5337307,-53.4237307
6037275605,los_angeles,826,11.95,81.30587917,-69.35587917
6037276000,los_angeles,7110,43.98,86.98184774,-43.00184774
6037276101,los_angeles,937,13.03,41.00514766,-27.97514766
6037276102,los_angeles,3737,30.61,46.24762937,-15.63762937
6037276400,los_angeles,4393,33.58,21.74207532,11.83792468
6037276500,los_angeles,2460,23.97,74.8306692,-50.8606692
6037276601,los_angeles,5363,37.59,44.56786779,-6.977867787
6037276605,los_angeles,2300,23.02,2.804118125,20.21588187
6037276606,los_angeles,3595,29.94,6.028176646,23.91182335
6037276607,los_angeles,1416,17.07,53.79301002,-36.72301002
6037276608,los_angeles,1116,14.64,6.610674614,8.029325386
6037277000,los_angeles,6073,40.29,57.64020591,-17.35020591
6037277100,los_angeles,4205,32.75,72.58195611,-39.83195611
6037277200,los_angeles,2768,25.71,97.88675156,-72.17675156
6037277400,los_angeles,64,0,62.8149553,-62.8149553
6037278001,los_angeles,3627,30.09,86.94120834,-56.85120834
6037278102,los_angeles,4150,32.51,43.86345164,-11.35345164
6037291110,los_angeles,4357,33.42,27.74315904,5.676840965
6037291120,los_angeles,3584,29.89,72.75806015,-42.86806015
6037291130,los_angeles,5029,36.25,91.96694663,-55.71694663
6037291210,los_angeles,7644,45.77,92.87455974,-47.10455974
6037291220,los_angeles,6942,43.4,70.4958006,-27.0958006
6037291300,los_angeles,3805,30.93,96.95204552,-66.02204552
6037292001,los_angeles,9248,50.8,99.29558385,-48.49558385
6037292002,los_angeles,2203,22.43,19.91330263,2.516697372
6037293203,los_angeles,3681,30.35,49.90517475,-19.55517475
6037293204,los_angeles,3531,29.63,28.5153075,1.114692495
6037293205,los_angeles,5930,39.76,88.35004064,-48.59004064
6037293206,los_angeles,5023,36.23,10.94554321,25.28445679
6037293301,los_angeles,3728,30.57,80.16797616,-49.59797616
6037293302,los_angeles,6067,40.27,49.07884042,-8.808840423
6037293304,los_angeles,5904,39.66,39.78596586,-0.125965863
6037293306,los_angeles,2267,22.82,33.77133568,-10.95133568
6037293307,los_angeles,3116,27.55,52.04551612,-24.49551612
6037294110,los_angeles,5788,39.23,50.6095909,-11.3795909
6037294120,los_angeles,3583,29.88,86.62963966,-56.74963966
6037294200,los_angeles,7168,44.17,61.16228664,-16.99228664
6037294301,los_angeles,3595,29.94,29.08425901,0.855740992
6037294302,los_angeles,6135,40.52,64.14250881,-23.62250881
6037294410,los_angeles,3758,30.71,46.77594148,-16.06594148
6037294421,los_angeles,5035,36.28,83.459767,-47.179767
6037294510,los_angeles,4795,35.29,42.40043349,-7.110433487
6037294520,los_angeles,5084,36.47,48.07640206,-11.60640206
6037294610,los_angeles,5007,36.16,59.4689786,-23.3089786
6037294620,los_angeles,6569,42.09,80.18152262,-38.09152262
6037294701,los_angeles,4583,34.4,95.08263343,-60.68263343
6037294810,los_angeles,3235,28.16,23.31346519,4.846534814
6037294820,los_angeles,4357,33.42,70.75318342,-37.33318342
6037294830,los_angeles,4096,32.27,56.6919534,-24.4219534
6037294900,los_angeles,2997,26.93,57.65375237,-30.72375237
6037295103,los_angeles,6410,41.52,92.67136277,-51.15136277
6037296210,los_angeles,4376,33.51,52.68219995,-19.17219995
6037296220,los_angeles,2828,26.03,74.08561365,-48.05561365
6037296300,los_angeles,4286,33.11,66.86534814,-33.75534814
6037296401,los_angeles,3002,26.96,11.60931997,15.35068003
6037296402,los_angeles,4593,34.44,19.38499052,15.05500948
6037296500,los_angeles,7722,46.02,35.87103766,10.14896234
6037296600,los_angeles,11263,56.54,75.34543484,-18.80543484
6037296901,los_angeles,7728,46.04,41.07287998,4.967120022
6037296902,los_angeles,6671,42.45,27.51286914,14.93713086
6037297001,los_angeles,2515,24.29,19.43917637,4.850823625
6037297002,los_angeles,4350,33.39,4.795448388,28.59455161
6037297110,los_angeles,6974,43.51,67.40720672,-23.89720672
6037297120,los_angeles,5746,39.07,58.73746952,-19.66746952
6037297201,los_angeles,6216,40.82,13.91221891,26.90778109
6037297202,los_angeles,6395,41.47,6.881603901,34.5883961
6037297300,los_angeles,2418,23.72,41.61473855,-17.89473855
6037297400,los_angeles,5126,36.64,34.99051747,1.649482525
6037297502,los_angeles,3153,27.74,2.560281766,25.17971823
6037297602,los_angeles,5154,36.76,5.635329179,31.12467082
6037980008,los_angeles,1852,20.19,95.80059604,-75.61059604
6037980009,los_angeles,881,12.49,50.90761311,-38.41761311
6037980010,los_angeles,787,11.55,35.15307505,-23.60307505
6037980014,los_angeles,1599,18.43,99.21430507,-80.78430507
6037980015,los_angeles,680,10.42,51.65266865,-41.23266865
6037980019,los_angeles,65,0.04,2.709292875,-2.669292875
6037980020,los_angeles,114,1.54,2.898943376,-1.358943376
6037980021,los_angeles,558,9,5.526957464,3.473042536
6037980022,los_angeles,150,2.45,19.47981577,-17.02981577
6037980023,los_angeles,208,3.7,0.528312111,3.171687889
6037980024,los_angeles,1873,20.33,43.34868599,-23.01868599
6037980026,los_angeles,207,3.68,0.094825251,3.585174749
6037980028,los_angeles,1652,18.81,99.48523435,-80.67523435
6037980031,los_angeles,637,9.93,99.16011921,-89.23011921
12086001301,miami,1169,83.26,77.35031157,5.909688431
12086001302,miami,999,76.7,82.34895692,-5.648956922
12086001401,miami,784,67.54,83.05337307,-15.51337307
12086001402,miami,711,64.14,91.53345977,-27.39345977
12086001501,miami,491,52.7,8.73746952,43.96253048
12086001802,miami,605,58.89,69.00568952,-10.11568952
12086001901,miami,733,65.18,61.46030886,3.719691141
12086001903,miami,519,54.28,26.68653481,27.59346519
12086001904,miami,1027,77.82,57.38282308,20.43717692
12086002001,miami,381,45.99,88.29585478,-42.30585478
12086002003,miami,693,63.28,45.00135465,18.27864535
12086002004,miami,505,53.49,71.15957735,-17.66957735
12086002100,miami,655,61.42,73.46247629,-12.04247629
12086002201,miami,422,48.59,94.98780818,-46.39780818
12086002202,miami,1663,100,69.0869683,30.9130317
12086002300,miami,1649,99.56,69.35789759,30.20210241
12086002402,miami,630,60.17,96.19344351,-36.02344351
12086002403,miami,806,68.53,70.0758602,-1.5458602
12086002404,miami,639,60.62,53.94202113,6.677978868
12086002501,miami,859,70.86,70.99701978,-0.137019778
12086002502,miami,692,63.23,88.90544568,-25.67544568
12086002600,miami,543,55.6,94.44594961,-38.84594961
12086002702,miami,399,47.15,96.31536169,-49.16536169
12086002705,miami,61,16.25,27.86507721,-11.61507721
12086002707,miami,141,26.57,18.81603901,7.753960986
12086002708,miami,76,18.55,9.916011921,8.633988079
12086002709,miami,38,12.07,35.04470333,-22.97470333
12086002710,miami,93,20.91,29.32809537,-8.418095367
12086002800,miami,133,25.7,95.71931726,-70.01931726
12086002900,miami,529,54.83,97.52099702,-42.69099702
12086003001,miami,239,35.68,94.81170415,-59.13170415
12086003004,miami,216,33.74,92.08886481,-58.34886481
12086003005,miami,182,30.68,13.60065023,17.07934977
12086003006,miami,546,55.77,32.37604985,23.39395015
12086003100,miami,324,42.13,88.87835275,-46.74835275
12086003400,miami,268,37.99,86.14196695,-48.15196695
12086003603,miami,161,28.64,32.72825792,-4.088257925
12086003604,miami,111,23.17,21.60661067,1.563389325
12086003605,miami,229,34.85,32.14575996,2.704240043
12086003606,miami,90,20.51,96.93849905,-76.42849905
12086003607,miami,88,20.24,10.97263614,9.267363858
12086003703,miami,38,12.07,97.25006773,-85.18006773
12086003704,miami,85,19.83,97.56163641,-77.73163641
12086003705,miami,21,8.05,90.35491737,-82.30491737
12086003706,miami,23,8.59,93.24031428,-84.65031428
12086003707,miami,23,8.59,94.33757789,-85.74757789
12086003708,miami,9,4.03,84.89569222,-80.86569222
12086003709,miami,64,16.73,55.67596857,-38.94596857
12086003710,miami,109,22.93,98.18477377,-75.25477377
12086004901,miami,121,24.35,62.13763208,-37.78763208
12086004903,miami,787,67.67,55.64887564,12.02112436
12086004904,miami,627,60.02,61.17583311,-1.155833108
12086005002,miami,1007,77.02,58.98130588,18.03869412
12086005003,miami,576,57.37,22.51422379,34.85577621
12086005004,miami,915,73.25,22.63614197,50.61385803
12086005102,miami,658,61.57,63.92576538,-2.355765375
12086005103,miami,310,41.13,33.70360336,7.42639664
12086005104,miami,241,35.84,40.96450826,-5.124508263
12086005201,miami,327,42.34,69.6965592,-27.3565592
12086005202,miami,413,48.03,64.53535627,-16.50535627
12086005303,miami,432,49.21,71.94527228,-22.73527228
12086005304,miami,445,49.99,70.19777838,-20.20777838
12086005305,miami,276,38.61,66.94662693,-28.33662693
12086005306,miami,227,34.68,63.97995123,-29.29995123
12086005403,miami,234,35.27,46.87076673,-11.60076673
12086005405,miami,551,56.04,49.25494446,6.785055541
12086005406,miami,805,68.48,49.33622325,19.14377675
12086005407,miami,481,52.12,65.56488756,-13.44488756
12086005409,miami,217,33.83,69.8862097,-36.0562097
12086005410,miami,256,37.05,57.62665944,-20.57665944
12086005503,miami,602,58.74,53.45434842,5.285651585
12086005504,miami,752,66.07,62.02926036,4.040739637
12086005505,miami,635,60.42,30.00541859,30.41458141
12086005506,miami,747,65.84,54.56515849,11.27484151
12086005600,miami,685,62.89,58.45299377,4.437006231
12086005701,miami,1226,85.35,76.98455703,8.365442969
12086005705,miami,35,11.44,14.23733406,-2.797334056
12086005706,miami,12,5.21,28.79978326,-23.58978326
12086005707,miami,207,32.96,17.04145218,15.91854782
12086005708,miami,988,76.25,33.67651043,42.57348957
12086005803,miami,757,66.3,57.6808453,8.619154701
12086005804,miami,512,53.89,93.40287185,-39.51287185
12086005805,miami,538,55.33,44.17502032,11.15497968
12086005806,miami,697,63.47,56.33974533,7.130254674
12086006302,miami,1414,91.93,73.82823083,18.10176917
12086006303,miami,445,49.99,58.99485234,-9.004852344
12086006304,miami,366,45.01,29.63966405,15.37033595
12086006401,miami,712,64.19,48.67244649,15.51755351
12086006402,miami,778,67.26,30.47954484,36.78045516
12086006403,miami,1011,77.18,58.4394473,18.7405527
12086006501,miami,828,69.5,50.14901111,19.35098889
12086006503,miami,754,66.16,45.80059604,20.35940396
12086006504,miami,699,63.57,36.03359523,27.53640477
12086006603,miami,41,12.67,54.1452181,-41.4752181
12086006604,miami,35,11.44,33.40558114,-21.96558114
12086006605,miami,20,7.77,85.93876998,-78.16876998
12086006606,miami,89,20.37,75.30479545,-54.93479545
12086006607,miami,597,58.48,44.37821729,14.10178271
12086006608,miami,738,65.42,50.94825251,14.47174749
12086006705,miami,19,7.48,26.52397724,-19.04397724
12086006706,miami,33,11,9.441885668,1.558114332
12086006707,miami,2,0,20.73963695,-20.73963695
12086006709,miami,11,4.83,76.67298835,-71.84298835
12086006713,miami,29,10.09,81.41425088,-71.32425088
12086006714,miami,11,4.83,70.30615009,-65.47615009
12086006715,miami,888,72.11,77.16066107,-5.050661067
12086006716,miami,13,5.57,81.37361149,-75.80361149
12086006717,miami,9,4.03,64.06123002,-60.03123002
12086006718,miami,31,10.55,90.55811433,-80.00811433
12086006719,miami,17,6.88,86.67027906,-79.79027906
12086006720,miami,37,11.86,94.82525061,-82.96525061
12086006721,miami,4,1.49,77.45868328,-75.96868328
12086006722,miami,5,2.09,68.45028448,-66.36028448
12086006801,miami,532,55,56.67840694,-1.678406936
12086006802,miami,914,73.21,38.74288811,34.46711189
12086006901,miami,721,64.62,80.54727716,-15.92727716
12086006902,miami,739,65.46,87.19859117,-21.73859117
12086007003,miami,667,62.01,39.70468708,22.30531292
12086007004,miami,842,70.12,35.08534273,35.03465727
12086007005,miami,492,52.75,47.4126253,5.337374695
12086007006,miami,854,70.64,24.34299648,46.29700352
12086007007,miami,276,38.61,73.77404497,-35.16404497
12086007101,miami,1022,77.62,17.74586833,59.87413167
12086007103,miami,317,41.64,59.88891899,-18.24891899
12086007104,miami,1033,78.05,52.80411813,25.24588187
12086007200,miami,568,56.95,54.82254132,2.127458683
12086007300,miami,1635,99.12,30.4930913,68.6269087
12086490100,miami,489,52.58,79.30100244,-26.72100244
12086981000,miami,2,0,83.29720943,-83.29720943
47037010103,nashville,206,18.25,8.073692766,10.17630723
47037010104,nashville,431,26.39,29.13844487,-2.748444866
47037010105,nashville,2642,65.34,7.531834191,57.80816581
47037010106,nashville,1546,49.98,39.60986183,10.37013817
47037010201,nashville,584,30.72,42.77973449,-12.05973449
47037010202,nashville,379,24.75,27.62124086,-2.871240856
47037010401,nashville,1477,48.86,95.36710918,-46.50710918
47037010403,nashville,848,37.02,36.53481441,0.485185587
47037010404,nashville,1196,43.96,86.81929017,-42.85929017
47037010501,nashville,1437,48.19,88.58033053,-40.39033053
47037010502,nashville,634,32.01,47.95448388,-15.94448388
47037010601,nashville,394,25.23,2.018423192,23.21157681
47037010602,nashville,794,35.82,4.754808995,31.06519101
47037010701,nashville,2316,61.18,86.11487402,-24.93487402
47037010702,nashville,851,37.08,81.80709835,-44.72709835
47037010801,nashville,1977,56.52,37.25277703,19.26722297
47037010802,nashville,2399,62.26,56.42102411,5.838975887
47037010901,nashville,968,39.55,30.39826605,9.151733947
47037010903,nashville,4614,86.35,50.09482525,36.25517475
47037010904,nashville,1080,41.78,31.84773774,9.93226226
47037011001,nashville,2822,67.53,76.78136007,-9.251360065
47037011002,nashville,1499,49.22,31.8612842,17.3587158
47037011100,nashville,2744,66.59,69.85911677,-3.269116771
47037011200,nashville,2953,69.08,77.97344893,-8.89344893
47037011300,nashville,4343,83.78,89.66404768,-5.884047684
47037011400,nashville,4158,81.97,50.89406665,31.07593335
47037011500,nashville,3067,70.4,8.967759415,61.43224059
47037011600,nashville,3944,79.83,21.674343,58.155657
47037011700,nashville,5952,98.07,89.92143051,8.148569493
47037011800,nashville,2336,61.44,56.05526957,5.384730425
47037011900,nashville,1854,54.74,84.16418315,-29.42418315
47037012100,nashville,2595,64.76,75.88729342,-11.12729342
47037012200,nashville,2789,67.14,32.22703874,34.91296126
47037012600,nashville,1384,47.29,81.94256299,-34.65256299
47037012701,nashville,3957,79.97,73.19154701,6.778452994
47037012702,nashville,2765,66.85,40.31427797,26.53572203
47037012801,nashville,3636,76.65,40.92386887,35.72613113
47037012802,nashville,2694,65.98,84.61121647,-18.63121647
47037013001,nashville,198,17.89,88.93253861,-71.04253861
47037013002,nashville,0,0,12.78786237,-12.78786237
47037013100,nashville,431,26.39,25.48089949,0.909100515
47037013201,nashville,2352,61.65,11.23001897,50.41998103
47037013202,nashville,2976,69.35,30.84529938,38.50470062
47037013300,nashville,5076,90.57,85.46464373,5.105356272
47037013400,nashville,4795,88.03,95.42129504,-7.391295042
47037013500,nashville,2678,65.79,79.08425901,-13.29425901
47037013600,nashville,3638,76.68,84.50284476,-7.822844758
47037013701,nashville,3240,72.36,46.22053644,26.13946356
47037013702,nashville,1017,40.54,90.86968301,-50.32968301
47037013800,nashville,1482,48.94,14.60308859,34.33691141
47037013900,nashville,2106,58.34,21.15957735,37.18042265
47037014200,nashville,1166,43.41,81.98320238,-38.57320238
47037014300,nashville,2386,62.1,63.87157952,-1.771579518
47037014400,nashville,931,38.79,98.08994852,-59.29994852
47037014800,nashville,37,7.73,22.2432945,-14.5132945
47037015100,nashville,3037,70.06,96.15280412,-26.09280412
47037015200,nashville,1996,56.79,89.94852344,-33.15852344
47037015300,nashville,4531,85.57,91.27607694,-5.706076944
47037015401,nashville,560,30.08,78.02763479,-47.94763479
47037015402,nashville,1108,42.32,34.77377404,7.546225955
47037015404,nashville,671,32.93,93.13194256,-60.20194256
47037015405,nashville,359,24.09,34.80086697,-10.71086697
47037015501,nashville,1568,50.34,78.82687619,-28.48687619
47037015502,nashville,2522,63.84,73.88241669,-10.04241669
47037015609,nashville,508,28.65,82.33541046,-53.68541046
47037015613,nashville,1792,53.81,95.40774858,-41.59774858
47037015614,nashville,1274,45.37,29.04361962,16.32638038
47037015615,nashville,1771,53.5,53.68463831,-0.184638309
47037015617,nashville,1595,50.77,2.993768626,47.77623137
47037015618,nashville,3340,73.47,1.747493904,71.7225061
47037015619,nashville,3182,71.71,6.38038472,65.32961528
47037015620,nashville,3388,73.99,13.23489569,60.75510431
47037015622,nashville,382,24.85,8.818748307,16.03125169
47037015623,nashville,881,37.73,83.62232457,-45.89232457
47037015624,nashville,470,27.56,34.19127608,-6.631276077
47037015625,nashville,787,35.66,12.2053644,23.4546356
47037015626,nashville,2083,58.02,51.73394744,6.28605256
47037015627,nashville,2512,63.71,48.49634245,15.21365755
47037015628,nashville,548,29.76,72.55486318,-42.79486318
47037015629,nashville,764,35.14,87.06312652,-51.92312652
47037015630,nashville,2342,61.52,88.48550528,-26.96550528
47037015632,nashville,307,22.27,36.98184774,-14.71184774
47037015633,nashville,323,22.85,4.605797887,18.24420211
47037015634,nashville,6188,100,28.96234083,71.03765917
47037015635,nashville,380,24.78,3.806556489,20.97344351
47037015636,nashville,1314,46.08,35.23435383,10.84564617
47037015637,nashville,1355,46.79,40.36846383,6.421536169
47037015700,nashville,955,39.28,79.03007315,-39.75007315
47037015804,nashville,1320,46.19,29.96477919,16.22522081
47037015805,nashville,1436,48.17,83.51395286,-35.34395286
47037015806,nashville,1059,41.37,90.02980222,-48.65980222
47037015900,nashville,968,39.55,97.19588187,-57.64588187
47037016000,nashville,2616,65.02,92.75264156,-27.73264156
47037016100,nashville,5729,96.22,95.29937686,0.920623137
47037016200,nashville,2830,67.63,62.35437551,5.275624492
47037016300,nashville,1501,49.25,61.69059875,-12.44059875
47037016400,nashville,1009,40.38,79.15199133,-38.77199133
47037016500,nashville,308,22.31,85.49173666,-63.18173666
47037016600,nashville,1129,42.71,88.53969114,-45.82969114
47037016700,nashville,3990,80.3,57.16607965,23.13392035
47037016800,nashville,2787,67.11,89.3931184,-22.2831184
47037016900,nashville,4034,80.74,74.45136819,6.288631807
47037017000,nashville,3186,71.75,67.17691682,4.573083175
47037017100,nashville,1862,54.85,64.21024113,-9.360241127
47037017200,nashville,1471,48.76,94.74397182,-45.98397182
47037017300,nashville,2903,68.49,95.84123544,-27.35123544
47037017401,nashville,1338,46.5,81.9019236,-35.4019236
47037017402,nashville,2867,68.07,49.76971011,18.30028989
47037017500,nashville,2519,63.8,98.74017881,-34.94017881
47037017702,nashville,2777,66.99,48.80791114,18.18208886
47037017800,nashville,3459,74.77,29.07071254,45.69928746
47037017901,nashville,4628,86.48,71.6337036,14.8462964
47037017902,nashville,3623,76.52,22.74451368,53.77548632
47037018000,nashville,4592,86.14,71.01056624,15.12943376
47037018101,nashville,2917,68.66,77.09292875,-8.432928746
47037018102,nashville,3209,72.01,80.41181252,-8.401812517
47037018201,nashville,2923,68.73,81.60390138,-12.87390138
47037018203,nashville,1543,49.94,11.4467624,38.4932376
47037018204,nashville,414,25.87,10.95908968,14.91091032
47037018205,nashville,1483,48.95,4.443240314,44.50675969
47037018302,nashville,272,20.97,24.19398537,-3.22398537
47037018303,nashville,787,35.66,46.50501219,-10.84501219
47037018304,nashville,344,23.58,41.49282037,-17.91282037
47037018404,nashville,1192,43.89,65.57843403,-21.68843403
47037018405,nashville,425,26.21,54.60579789,-28.39579789
47037018407,nashville,253,20.22,16.39122189,3.828778109
47037018408,nashville,143,15.2,4.944459496,10.2555405
47037018409,nashville,310,22.38,66.21511785,-43.83511785
47037018410,nashville,115,13.63,6.204280683,7.425719317
47037018411,nashville,380,24.78,36.68382552,-11.90382552
47037018412,nashville,334,23.23,63.42454619,-40.19454619
47037018801,nashville,3383,73.94,78.33920347,-4.399203468
47037018803,nashville,1125,42.64,82.30831753,-39.66831753
47037018804,nashville,2172,59.25,16.29639664,42.95360336
47037018901,nashville,1253,45,93.18612842,-48.18612842
47037018902,nashville,1265,45.21,20.02167434,25.18832566
47037018904,nashville,1860,54.83,46.97913844,7.850861555
47037018905,nashville,843,36.91,0.338661609,36.57133839
47037019003,nashville,1658,51.76,38.24166892,13.51833108
47037019004,nashville,2174,59.27,55.22893525,4.041064752
47037019007,nashville,1237,44.71,82.83662964,-38.12662964
47037019008,nashville,1614,51.07,14.80628556,36.26371444
47037019105,nashville,1470,48.74,54.18585749,-5.445857491
47037019106,nashville,1356,46.81,21.55242482,25.25757518
47037019108,nashville,685,33.27,45.6651314,-12.3951314
47037019109,nashville,2492,63.46,4.524519101,58.9354809
47037019110,nashville,1726,52.81,47.37198591,5.438014088
47037019111,nashville,1541,49.9,48.30669195,1.593308047
47037019112,nashville,1912,55.59,35.22080737,20.36919263
47037019115,nashville,193,17.66,13.09943105,4.560568952
47037019116,nashville,1679,52.09,34.93633162,17.15366838
47037019117,nashville,581,30.64,27.05228935,3.587710648
47037019118,nashville,573,30.43,4.538065565,25.89193444
47037019119,nashville,665,32.78,39.65050122,-6.870501219
47037019120,nashville,189,17.48,36.15551341,-18.67551341
47037019121,nashville,245,19.9,2.451910051,17.44808995
47037019200,nashville,3607,76.35,75.91438635,0.435613655
47037019300,nashville,1105,42.26,96.43727987,-54.17727987
47037019401,nashville,2408,62.38,95.69222433,-33.31222433
47037019402,nashville,2692,65.96,95.04199404,-29.08199404
47037019501,nashville,1803,53.98,94.2969385,-40.3169385
47037019502,nashville,1769,53.47,98.94337578,-45.47337578
47037019503,nashville,4144,81.83,98.95692224,-17.12692224
47037019600,nashville,2009,56.98,97.18233541,-40.20233541
47037980100,nashville,173,16.72,98.97046871,-82.25046871
47037980200,nashville,219,18.81,99.86453536,-81.05453536
22071000100,new_orleans,2026,72.58,39.43375779,33.14624221
22071000200,new_orleans,838,46.68,41.46572745,5.214272555
22071000300,new_orleans,717,43.18,32.60633975,10.57366025
22071000400,new_orleans,1656,65.62,39.97561636,25.64438364
22071000601,new_orleans,199,22.75,9.38769981,13.36230019
22071000602,new_orleans,1188,55.58,16.58087239,38.99912761
22071000603,new_orleans,576,38.7,32.55215389,6.147846112
22071000604,new_orleans,1320,58.58,43.97182335,14.60817665
22071000605,new_orleans,898,48.32,41.35735573,6.96264427
22071000606,new_orleans,2543,81.31,37.06312652,44.24687348
22071000607,new_orleans,2591,82.08,5.757247358,76.32275264
22071000611,new_orleans,1268,57.42,3.088593877,54.33140612
22071000612,new_orleans,1067,52.67,7.111893796,45.5581062
22071000615,new_orleans,1049,52.23,37.52370631,14.70629369
22071000616,new_orleans,1965,71.48,11.74478461,59.73521539
22071000617,new_orleans,620,40.15,15.42942292,24.72057708
22071000618,new_orleans,2260,76.66,28.63722568,48.02277432
22071000619,new_orleans,763,44.54,47.00623137,-2.466231374
22071000620,new_orleans,77,14.15,66.3505825,-52.2005825
22071000701,new_orleans,1198,55.81,9.496071525,46.31392847
22071000702,new_orleans,1482,62.08,48.97046871,13.10953129
22071000800,new_orleans,1699,66.46,43.38932539,23.07067461
22071000901,new_orleans,864,47.4,6.6919534,40.7080466
22071000902,new_orleans,978,50.43,1.381739366,49.04826063
22071000903,new_orleans,1017,51.42,20.53643999,30.88356001
22071000904,new_orleans,1100,53.48,24.11270658,29.36729342
22071001100,new_orleans,1393,60.18,92.91519913,-32.73519913
22071001200,new_orleans,1456,61.53,89.60986183,-28.07986183
22071001301,new_orleans,1407,60.48,59.14386345,1.336136548
22071001302,new_orleans,664,41.55,14.73855324,26.81144676
22071001401,new_orleans,877,47.75,32.34895692,15.40104308
22071001402,new_orleans,1317,58.52,8.331075589,50.18892441
22071001500,new_orleans,895,48.24,96.0850718,-47.8450718
22071001600,new_orleans,49,11.29,3.413709022,7.876290978
22071001701,new_orleans,1112,53.77,48.29314549,5.476854511
22071001702,new_orleans,1458,61.57,59.75345435,1.816545652
22071001720,new_orleans,2920,87.13,92.86101328,-5.731013276
22071001723,new_orleans,3846,100,25.35898131,74.64101869
22071001724,new_orleans,3276,92.29,64.73855324,27.55144676
22071001736,new_orleans,675,41.89,78.29856407,-36.40856407
22071001737,new_orleans,1967,71.52,16.98726632,54.53273368
22071001739,new_orleans,1624,64.98,24.51910051,40.46089949
22071001740,new_orleans,2543,81.31,29.80222162,51.50777838
22071001741,new_orleans,896,48.27,12.89623408,35.37376592
22071001743,new_orleans,999,50.97,20.2655107,30.7044893
22071001744,new_orleans,1850,69.36,28.75914386,40.60085614
22071001745,new_orleans,2844,85.99,19.26307234,66.72692766
22071001746,new_orleans,2960,87.73,19.57464102,68.15535898
22071001747,new_orleans,3203,91.26,69.71010566,21.54989434
22071001748,new_orleans,3214,91.42,31.7122731,59.7077269
22071001749,new_orleans,944,49.54,2.140341371,47.39965863
22071001750,new_orleans,746,44.04,36.90056895,7.139431048
22071001751,new_orleans,714,43.09,94.35112436,-51.26112436
22071001752,new_orleans,1980,71.75,13.5735573,58.1764427
22071001753,new_orleans,1653,65.56,11.785424,53.774576
22071001754,new_orleans,2139,74.58,19.41208345,55.16791655
22071001755,new_orleans,2762,84.74,28.59658629,56.14341371
22071001756,new_orleans,725,43.42,25.37252777,18.04747223
22071001757,new_orleans,745,44.01,4.42969385,39.58030615
22071001758,new_orleans,1691,66.31,50.29802222,16.01197778
22071001800,new_orleans,1011,51.27,84.90923869,-33.63923869
22071001900,new_orleans,1028,51.7,72.56840965,-20.86840965
22071002000,new_orleans,804,45.72,52.38417773,-6.66417773
22071002100,new_orleans,562,38.23,20.29260363,17.93739637
22071002200,new_orleans,762,44.51,7.260904904,37.2490951
22071002300,new_orleans,1583,64.16,96.89785966,-32.73785966
22071002401,new_orleans,1104,53.58,31.22460038,22.35539962
22071002402,new_orleans,1566,63.81,35.99295584,27.81704416
22071002501,new_orleans,1224,56.41,11.01327554,45.39672446
22071002502,new_orleans,1202,55.9,5.662422108,50.23757789
22071002503,new_orleans,1206,56,16.14738553,39.85261447
22071002504,new_orleans,1418,60.72,21.18667028,39.53332972
22071002600,new_orleans,763,44.54,88.07911135,-43.53911135
22071002700,new_orleans,1150,54.68,58.37171498,-3.691714982
22071002800,new_orleans,727,43.48,44.75751829,-1.277518288
22071002900,new_orleans,912,48.7,50.9888919,-2.288891899
22071003000,new_orleans,715,43.12,13.77675427,29.34324573
22071003100,new_orleans,603,39.6,17.62395015,21.97604985
22071003301,new_orleans,1485,62.14,6.786778651,55.35322135
22071003302,new_orleans,1928,70.8,5.418585749,65.38141425
22071003303,new_orleans,978,50.43,8.033053373,42.39694663
22071003304,new_orleans,1196,55.76,8.317529125,47.44247088
22071003307,new_orleans,638,40.73,5.60823625,35.12176375
22071003308,new_orleans,1646,65.42,64.9417502,0.478249797
22071003400,new_orleans,1037,51.93,76.29368735,-24.36368735
22071003500,new_orleans,706,42.84,21.59306421,21.24693579
22071003600,new_orleans,875,47.7,63.61419669,-15.91419669
22071003701,new_orleans,803,45.69,36.69737199,8.992628014
22071003702,new_orleans,1959,71.37,79.27390951,-7.90390951
22071003800,new_orleans,854,47.12,83.03982661,-35.91982661
22071003900,new_orleans,1006,51.14,88.60742346,-37.46742346
22071004000,new_orleans,1499,62.43,52.57382823,9.856171769
22071004100,new_orleans,1356,59.38,43.17258196,16.20741804
22071004401,new_orleans,1590,64.3,63.08588458,1.214115416
22071004402,new_orleans,53,11.74,3.007315091,8.732684909
22071004500,new_orleans,1902,70.32,69.89975616,0.420243836
22071004600,new_orleans,2188,75.43,60.62042807,14.80957193
22071004800,new_orleans,25,8.06,7.369276619,0.690723381
22071004900,new_orleans,1449,61.38,99.67488486,-38.29488486
22071005000,new_orleans,1213,56.16,98.61826063,-42.45826063
22071005400,new_orleans,1595,64.4,96.77594148,-32.37594148
22071005500,new_orleans,1901,70.31,86.07423462,-15.76423462
22071005601,new_orleans,1601,64.52,9.617989705,54.9020103
22071005602,new_orleans,1692,66.33,15.37523706,50.95476294
22071005603,new_orleans,972,50.27,9.672175562,40.59782444
22071005604,new_orleans,1064,52.6,58.49363316,-5.893633162
22071006000,new_orleans,347,30.04,94.08019507,-64.04019507
22071006300,new_orleans,1480,62.03,86.30452452,-24.27452452
22071006400,new_orleans,2043,72.88,57.53183419,15.34816581
22071006500,new_orleans,2282,77.03,87.56434571,-10.53434571
22071006900,new_orleans,201,22.86,60.59333514,-37.73333514
22071007000,new_orleans,415,32.85,93.97182335,-61.12182335
22071007101,new_orleans,777,44.95,95.86832837,-50.91832837
22071007200,new_orleans,1013,51.32,73.05608236,-21.73608236
22071007501,new_orleans,1697,66.43,53.9555676,12.4744324
22071007502,new_orleans,1551,63.5,34.43511244,29.06488756
22071007604,new_orleans,1096,53.38,45.16391222,8.216087781
22071007605,new_orleans,893,48.19,71.49823896,-23.30823896
22071007607,new_orleans,1507,62.6,24.39718234,38.20281766
22071007608,new_orleans,826,46.34,9.252235167,37.08776483
22071007700,new_orleans,849,46.98,99.25494446,-52.27494446
22071007800,new_orleans,1015,51.37,48.4421566,2.927843403
22071008200,new_orleans,1141,54.47,81.14332159,-26.67332159
22071008300,new_orleans,965,50.09,48.03576267,2.054237334
22071008400,new_orleans,710,42.97,76.56461664,-33.59461664
22071008500,new_orleans,994,50.84,31.04849634,19.79150366
22071008600,new_orleans,700,42.66,50.54185857,-7.881858575
22071008800,new_orleans,1300,58.14,27.03874289,31.10125711
22071009000,new_orleans,1535,63.18,77.06583582,-13.88583582
22071009100,new_orleans,1371,59.71,48.99756164,10.71243836
22071009200,new_orleans,872,47.62,20.59062585,27.02937415
22071009400,new_orleans,938,49.39,54.30777567,-4.917775671
22071009600,new_orleans,1195,55.74,70.88864806,-15.14864806
22071009700,new_orleans,1184,55.48,64.49471688,-9.014716879
22071009900,new_orleans,3702,98.11,91.47927391,6.63072609
22071010000,new_orleans,1149,54.66,56.35329179,-1.693291791
22071010100,new_orleans,1469,61.8,68.26063397,-6.460633975
22071010200,new_orleans,1324,58.67,59.57735031,-0.907350312
22071010300,new_orleans,1440,61.19,46.01733947,15.17266053
22071010600,new_orleans,976,50.38,38.81062043,11.56937957
22071010700,new_orleans,1508,62.62,71.29504199,-8.675041994
22071010800,new_orleans,1543,63.34,51.92359794,11.41640206
22071010900,new_orleans,3044,88.96,70.95638038,18.00361962
22071011100,new_orleans,1398,60.29,87.27986995,-26.98986995
22071011200,new_orleans,1252,57.06,14.03413709,43.02586291
22071011400,new_orleans,1719,66.85,67.44784611,-0.597846112
22071011500,new_orleans,1598,64.46,26.37496613,38.08503387
22071011600,new_orleans,1319,58.56,57.04416147,1.515838526
22071011700,new_orleans,2971,87.89,40.77485776,47.11514224
22071011900,new_orleans,1671,65.91,8.629097805,57.28090219
22071012000,new_orleans,1149,54.66,60.44432403,-5.784324031
22071012101,new_orleans,1735,67.17,24.31590355,42.85409645
22071012102,new_orleans,1001,51.02,84.46220536,-33.44220536
22071012200,new_orleans,1984,71.82,61.24356543,10.57643457
22071012300,new_orleans,1768,67.8,19.94039556,47.85960444
22071012400,new_orleans,1776,67.95,9.712814955,58.23718504
22071012500,new_orleans,1445,61.3,44.12083446,17.17916554
22071012600,new_orleans,1689,66.27,80.3440802,-14.0740802
22071012700,new_orleans,2201,75.65,39.42021132,36.22978868
22071012800,new_orleans,1788,68.18,63.49227852,4.687721485
22071012900,new_orleans,1120,53.96,86.0065023,-32.0465023
22071013000,new_orleans,1124,54.06,52.31644541,1.743554592
22071013100,new_orleans,984,50.58,14.88756435,35.69243565
22071013200,new_orleans,1940,71.02,78.04118125,-7.021181252
22071013301,new_orleans,2164,75.01,27.09292875,47.91707125
22071013302,new_orleans,1236,56.69,42.87455974,13.81544026
22071013400,new_orleans,1102,53.53,99.97290707,-46.44290707
22071013501,new_orleans,1072,52.79,96.61338391,-43.82338391
22071013502,new_orleans,1056,52.4,94.0666486,-41.6666486
22071013600,new_orleans,660,41.43,57.43700894,-16.00700894
22071013701,new_orleans,668,41.68,84.6383094,-42.9583094
22071013702,new_orleans,315,28.62,84.76022758,-56.14022758
22071013800,new_orleans,592,39.23,34.84150637,4.388493633
22071013900,new_orleans,988,50.68,99.55296668,-48.87296668
22071014000,new_orleans,692,42.42,82.15930642,-39.73930642
22071014101,new_orleans,769,44.72,21.17312381,23.54687619
22071014102,new_orleans,298,27.84,39.71823354,-11.87823354
22071014200,new_orleans,1975,71.66,89.90788404,-18.24788404
22071014300,new_orleans,577,38.73,29.49065294,9.23934706
22071014400,new_orleans,1360,59.47,96.64047684,-37.17047684
22071014500,new_orleans,10,5.1,90.16526687,-85.06526687
22071980000,new_orleans,71,13.59,31.30587917,-17.71587917
22071980100,new_orleans,34,9.4,37.11731238,-27.71731238
22071990000,new_orleans,0,0,33.05337307,-33.05337307
36005000100,new_york,44,3.87,11.71769168,-7.847691682
36005000200,new_york,1966,25.85,1.070170685,24.77982931
36005000400,new_york,2500,29.15,4.402600921,24.74739908
36005001600,new_york,1417,21.95,16.66215118,5.287848821
36005001901,new_york,1739,24.31,67.1498239,-42.8398239
36005001902,new_york,1862,25.16,87.64562449,-62.48562449
36005001903,new_york,1805,24.77,87.38824167,-62.61824167
36005001904,new_york,0,0,0.189650501,-0.189650501
36005002001,new_york,2144,27,3.616905988,23.38309401
36005002002,new_york,1847,25.06,18.38255215,6.677447846
36005002300,new_york,685,15.26,32.701165,-17.441165
36005002400,new_york,541,13.56,1.015984828,12.54401517
36005002500,new_york,2255,27.69,56.17718775,-28.48718775
36005002701,new_york,2156,27.07,21.66079653,5.409203468
36005002702,new_york,1746,24.36,42.94229206,-18.58229206
36005002800,new_york,1171,19.95,45.20455161,-25.25455161
36005003100,new_york,1841,25.02,51.57138987,-26.55138987
36005003300,new_york,1696,24.01,14.3727987,9.6372013
36005003500,new_york,2810,30.91,24.92549445,5.984505554
36005003700,new_york,673,15.13,1.219181794,13.91081821
36005003800,new_york,1104,19.37,3.969114061,15.40088594
36005003900,new_york,3005,31.96,66.39122189,-34.43122189
36005004001,new_york,547,13.64,20.04876727,-6.408767272
36005004100,new_york,3015,32.01,22.87997833,9.130021674
36005004200,new_york,1138,19.67,55.40503928,-35.73503928
36005004300,new_york,3820,36.04,70.60417231,-34.56417231
36005004400,new_york,1551,22.96,33.75778922,-10.79778922
36005004600,new_york,674,15.14,18.34191276,-3.201912761
36005004800,new_york,1951,25.75,52.69574641,-26.94574641
36005005001,new_york,3412,34.06,22.73096722,11.32903278
36005005002,new_york,3705,35.49,60.30885939,-24.81885939
36005005100,new_york,6310,46.31,88.593877,-42.283877
36005005200,new_york,1344,21.37,42.61717692,-21.24717692
36005005300,new_york,1299,21.01,20.15713899,0.852861013
36005005400,new_york,2458,28.91,75.76537524,-46.85537524
36005005600,new_york,1604,23.35,54.09103224,-30.74103224
36005005902,new_york,2294,27.93,31.72581956,-3.795819561
36005006000,new_york,2053,26.42,61.85315633,-35.43315633
36005006100,new_york,555,13.74,75.45380656,-61.71380656
36005006200,new_york,2702,30.31,35.73557302,-5.425573015
36005006301,new_york,8154,52.65,97.2229748,-44.5729748
36005006302,new_york,656,14.93,53.30533731,-38.37533731
36005006400,new_york,1771,24.54,24.53264698,0.007353021
36005006500,new_york,2910,31.45,75.10159848,-43.65159848
36005006700,new_york,2807,30.89,47.30425359,-16.41425359
36005006800,new_york,1327,21.24,18.72121376,2.518786237
36005006900,new_york,2061,26.47,20.19777838,6.27222162
36005007000,new_york,4155,37.58,42.68490924,-5.104909239
36005007100,new_york,2775,30.71,56.04172311,-25.33172311
36005007200,new_york,1452,22.22,63.03169873,-40.81169873
36005007300,new_york,2604,29.75,41.37090219,-11.62090219
36005007400,new_york,575,13.98,4.565158494,9.414841506
36005007500,new_york,2589,29.67,21.24085614,8.429143863
36005007600,new_york,2970,31.77,60.02438364,-28.25438364
36005007700,new_york,624,14.56,39.05445679,-24.49445679
36005007800,new_york,1998,26.06,62.50338662,-36.44338662
36005007900,new_york,2628,29.89,58.04659984,-28.15659984
36005008300,new_york,2522,29.28,70.52289352,-41.24289352
36005008400,new_york,469,12.63,3.12923327,9.50076673
36005008500,new_york,2775,30.71,47.15524248,-16.44524248
36005008600,new_york,2046,26.37,2.208073693,24.16192631
36005008700,new_york,2964,31.74,35.83039827,-4.090398266
36005008900,new_york,1249,20.61,42.56299106,-21.95299106
36005009000,new_york,2615,29.82,54.55161203,-24.73161203
36005009200,new_york,2784,30.76,93.29450014,-62.53450014
36005009301,new_york,3593,34.95,90.81549716,-55.86549716
36005009302,new_york,1054,18.93,82.22703874,-63.29703874
36005009600,new_york,1468,22.34,77.70251964,-55.36251964
36005009800,new_york,1599,23.31,41.22189109,-17.91189109
36005011000,new_york,1257,20.67,5.445678678,15.22432132
36005011502,new_york,2114,26.81,72.51422379,-45.70422379
36005011701,new_york,863,17.13,55.03928475,-37.90928475
36005011702,new_york,256,9.33,54.89027364,-45.56027364
36005011800,new_york,1263,20.72,33.8797074,-13.1597074
36005011900,new_york,1716,24.15,49.8103495,-25.6603495
36005012101,new_york,1010,18.53,14.67082092,3.859179084
36005012102,new_york,961,18.07,20.82091574,-2.750915741
36005012300,new_york,2199,27.34,45.46193444,-18.12193444
36005012500,new_york,2602,29.74,18.87022487,10.86977513
36005012701,new_york,694,15.36,68.65348144,-53.29348144
36005012901,new_york,2828,31.01,41.08642644,-10.07642644
36005013000,new_york,430,12.09,16.86534814,-4.775348144
36005013100,new_york,2352,28.28,12.59821187,15.68178813
36005013200,new_york,2065,26.49,5.554050393,20.93594961
36005013300,new_york,2127,26.89,17.28528854,9.60471146
36005013500,new_york,1967,25.86,10.34949878,15.51050122
36005013800,new_york,905,17.54,5.621782715,11.91821729
36005014100,new_york,3760,35.75,43.25386074,-7.503860742
36005014300,new_york,1480,22.43,24.43782173,-2.007821729
36005014400,new_york,1488,22.49,14.07477648,8.415223517
36005014500,new_york,2496,29.13,43.727987,-14.597987
36005014701,new_york,5220,42.12,22.21620157,19.90379843
36005014702,new_york,16669,75.28,23.67921972,51.60078028
36005014900,new_york,1861,25.15,41.60119209,-16.45119209
36005015100,new_york,4249,38.01,14.15605527,23.85394473
36005015200,new_york,916,17.65,57.03061501,-39.38061501
36005015300,new_york,1877,25.26,7.721484692,17.53851531
36005015500,new_york,1373,21.6,45.31292333,-23.71292333
36005015700,new_york,5797,44.39,35.03115687,9.358843132
36005015800,new_york,354,10.97,30.5337307,-19.5637307
36005015900,new_york,1434,22.08,43.03711731,-20.95711731
36005016000,new_york,1272,20.79,5.743700894,15.04629911
36005016100,new_york,5306,42.47,71.8233541,-29.3533541
36005016200,new_york,679,15.19,24.6003793,-9.410379301
36005016300,new_york,364,11.12,0.541858575,10.57814143
36005016400,new_york,942,17.89,34.39447304,-16.50447304
36005016500,new_york,1012,18.55,50.63668383,-32.08668383
36005016600,new_york,1080,19.16,48.45570306,-29.29570306
36005016700,new_york,1233,20.47,38.64806286,-18.17806286
36005016900,new_york,2331,28.15,28.1766459,-0.026645895
36005017100,new_york,455,12.44,0.298022216,12.14197778
36005017300,new_york,2328,28.13,36.87347602,-8.743476023
36005017500,new_york,2280,27.84,21.64725007,6.192749932
36005017701,new_york,3466,34.33,29.17908426,5.150915741
36005017702,new_york,3110,32.51,16.3099431,16.2000569
36005017901,new_york,2460,28.92,30.42535898,-1.505358981
36005017902,new_york,2816,30.94,24.95258737,5.987412625
36005018101,new_york,1950,25.75,10.05147656,15.69852344
36005018102,new_york,2275,27.81,70.36033595,-42.55033595
36005018301,new_york,2916,31.48,41.54700623,-10.06700623
36005018302,new_york,2449,28.85,49.22785153,-20.37785153
36005018400,new_york,1183,20.05,61.6364129,-41.5864129
36005018501,new_york,1654,23.71,17.78650772,5.923492279
36005018502,new_york,2615,29.82,26.42915199,3.390848009
36005018900,new_york,15592,72.8,60.29531292,12.50468708
36005019300,new_york,3389,33.94,43.1183961,-9.178396099
36005019400,new_york,1521,22.74,22.8528854,-0.112885397
36005019500,new_york,4895,40.79,67.93551883,-27.14551883
36005019700,new_york,4520,39.2,78.86751558,-39.66751558
36005019900,new_york,6020,45.24,33.41912761,11.82087239
36005020000,new_york,1892,25.36,88.81062043,-63.45062043
36005020100,new_york,3731,35.61,59.49607153,-23.88607153
36005020200,new_york,694,15.36,40.13817394,-24.77817394
36005020400,new_york,1338,21.33,39.7724194,-18.4424194
36005020501,new_york,4306,38.26,24.38363587,13.87636413
36005020502,new_york,1259,20.69,2.573828231,18.11617177
36005020601,new_york,880,17.3,56.00108372,-38.70108372
36005020900,new_york,3695,35.44,54.76835546,-19.32835546
36005021001,new_york,1042,18.82,28.40693579,-9.58693579
36005021002,new_york,2400,28.56,10.25467353,18.30532647
36005021100,new_york,2984,31.85,43.01002438,-11.16002438
36005021200,new_york,351,10.92,17.43429965,-6.514299648
36005021301,new_york,567,13.88,27.35031157,-13.47031157
36005021302,new_york,1914,25.51,13.79030073,11.71969927
36005021501,new_york,1864,25.17,27.946356,-2.776356001
36005021502,new_york,2493,29.11,27.70251964,1.407480358
36005021601,new_york,1767,24.51,55.29666757,-30.78666757
36005021602,new_york,1232,20.46,52.84475752,-32.38475752
36005021700,new_york,4887,40.76,58.91357356,-18.15357356
36005021800,new_york,3752,35.71,64.02059063,-28.31059063
36005021900,new_york,1590,23.25,59.52316445,-36.27316445
36005022000,new_york,1036,18.77,65.29395828,-46.52395828
36005022101,new_york,2503,29.17,45.23164454,-16.06164454
36005022102,new_york,3069,32.3,24.72229748,7.57770252
36005022200,new_york,1696,24.01,75.44026009,-51.43026009
36005022300,new_york,4310,38.28,43.10484963,-4.824849634
36005022401,new_york,1718,24.17,53.69818477,-29.52818477
36005022403,new_york,1118,19.49,45.08263343,-25.59263343
36005022404,new_york,2346,28.24,63.37036034,-35.13036034
36005022500,new_york,4704,39.99,51.24627472,-11.25627472
36005022701,new_york,3241,33.19,36.95475481,-3.764754809
36005022702,new_york,1044,18.84,36.31807098,-17.47807098
36005022703,new_york,531,13.44,44.81170415,-31.37170415
36005022800,new_york,5163,41.89,52.5467353,-10.6567353
36005022901,new_york,3530,34.64,73.01544297,-38.37544297
36005022902,new_york,2745,30.55,14.63018152,15.91981848
36005023000,new_york,1508,22.64,48.94337578,-26.30337578
36005023100,new_york,2250,27.66,76.0092116,-48.3492116
36005023200,new_york,1153,19.8,61.94798158,-42.14798158
36005023301,new_york,3518,34.58,67.32592793,-32.74592793
36005023302,new_york,6011,45.2,30.7233812,14.4766188
36005023501,new_york,3393,33.96,45.48902736,-11.52902736
36005023502,new_york,3104,32.48,61.29775129,-28.81775129
36005023600,new_york,864,17.14,46.6540233,-29.5140233
36005023702,new_york,848,16.98,79.99187212,-63.01187212
36005023703,new_york,2797,30.84,61.98862097,-31.14862097
36005023704,new_york,2441,28.81,32.98564075,-4.175640748
36005023800,new_york,1492,22.52,86.75155784,-64.23155784
36005023900,new_york,8214,52.84,69.41208345,-16.57208345
36005024000,new_york,2791,30.8,33.14819832,-2.34819832
36005024100,new_york,3235,33.16,57.69439176,-24.53439176
36005024300,new_york,2634,29.92,37.46952046,-7.549520455
36005024400,new_york,916,17.65,31.88837713,-14.23837713
36005024501,new_york,3388,33.94,29.85640748,4.083592522
36005024502,new_york,1798,24.72,22.69032782,2.029672176
36005024600,new_york,589,14.15,17.05499865,-2.904998645
36005024700,new_york,1320,21.18,18.08452994,3.095470062
36005024800,new_york,984,18.29,45.84123544,-27.55123544
36005024900,new_york,735,15.81,1.314007044,14.49599296
36005025000,new_york,549,13.66,24.57328637,-10.91328637
36005025100,new_york,4537,39.27,68.78894609,-29.51894609
36005025200,new_york,817,16.67,30.1137903,-13.4437903
36005025300,new_york,4091,37.29,48.27959902,-10.98959902
36005025400,new_york,862,17.12,28.21728529,-11.09728529
36005025500,new_york,4068,37.19,36.46708209,0.722917908
36005025600,new_york,893,17.42,42.35979409,-24.93979409
36005025700,new_york,728,15.73,31.44134381,-15.71134381
36005026100,new_york,827,16.77,21.76916825,-4.999168247
36005026300,new_york,3575,34.86,35.91167705,-1.051677052
36005026400,new_york,1644,23.64,47.6429152,-24.0029152
36005026500,new_york,4199,37.78,71.14603089,-33.36603089
36005026601,new_york,1001,18.45,59.17095638,-40.72095638
36005026602,new_york,2133,26.93,69.64237334,-42.71237334
36005026701,new_york,3509,34.54,41.11351937,-6.573519371
36005026702,new_york,5252,42.25,12.13763208,30.11236792
36005026900,new_york,8321,53.18,75.84665402,-22.66665402
36005027300,new_york,4078,37.23,53.42725549,-16.19725549
36005027401,new_york,1774,24.56,17.20400975,7.355990247
36005027402,new_york,1276,20.83,4.077485776,16.75251422
36005027600,new_york,273,9.63,28.48821458,-18.85821458
36005027700,new_york,4516,39.18,54.34841506,-15.16841506
36005027900,new_york,3552,34.75,37.40178813,-2.651788133
36005028100,new_york,967,18.13,9.143863452,8.986136548
36005028300,new_york,1918,25.53,86.08778109,-60.55778109
36005028400,new_york,381,11.38,61.31129775,-49.93129775
36005028500,new_york,1654,23.71,69.81847738,-46.10847738
36005028600,new_york,565,13.86,40.51747494,-26.65747494
36005028700,new_york,1035,18.76,39.46085072,-20.70085072
36005028800,new_york,1603,23.34,20.83446221,2.505537795
36005028900,new_york,2635,29.93,77.07938228,-47.14938228
36005029301,new_york,375,11.29,13.45163912,-2.161639122
36005029302,new_york,1154,19.81,28.85396911,-9.043969114
36005029500,new_york,2829,31.01,40.17881333,-9.16881333
36005029600,new_york,1337,21.32,60.05147656,-38.73147656
36005029700,new_york,1163,19.88,48.37442428,-28.49442428
36005030000,new_york,2534,29.35,58.00596044,-28.65596044
36005030100,new_york,217,8.59,2.777025196,5.812974804
36005030201,new_york,426,12.03,18.7076673,-6.677667299
36005030202,new_york,140,6.9,5.025738282,1.874261718
36005030701,new_york,1046,18.86,5.581143322,13.27885668
36005030900,new_york,1444,22.16,24.13979951,-1.979799512
36005031000,new_york,878,17.28,37.95719317,-20.67719317
36005031200,new_york,264,9.47,23.88241669,-14.41241669
36005031400,new_york,406,11.75,12.27309672,-0.523096722
36005031600,new_york,1437,22.1,3.237604985,18.86239501
36005031800,new_york,357,11.02,13.54646437,-2.526464373
36005031900,new_york,92,5.59,9.848279599,-4.258279599
36005032300,new_york,2381,28.45,19.98103495,8.46896505
36005032400,new_york,1176,19.99,18.43673801,1.553261989
36005032600,new_york,679,15.19,50.88052018,-35.69052018
36005032800,new_york,1672,23.84,26.46979138,-2.629791384
36005033000,new_york,2808,30.9,75.00677323,-44.10677323
36005033201,new_york,1867,25.19,48.22541317,-23.03541317
36005033202,new_york,2215,27.44,28.44757518,-1.007575183
36005033400,new_york,1026,18.68,39.13573557,-20.45573557
36005033500,new_york,955,18.02,33.90680033,-15.88680033
36005033601,new_york,2204,27.37,13.73611487,13.63388513
36005033602,new_york,461,12.52,3.03440802,9.48559198
36005033700,new_york,838,16.88,53.11568681,-36.23568681
36005033801,new_york,558,13.77,38.18748307,-24.41748307
36005033802,new_york,795,16.44,33.43267407,-16.99267407
36005034000,new_york,1855,25.11,53.80655649,-28.69655649
36005034200,new_york,1115,19.47,31.95610946,-12.48610946
36005034300,new_york,711,15.55,21.43050664,-5.880506638
36005034400,new_york,732,15.77,19.03278244,-3.262782444
36005034500,new_york,1069,19.06,22.77160661,-3.711606611
36005034800,new_york,2170,27.16,34.85505283,-7.695052831
36005035000,new_york,611,14.41,29.23327012,-14.82327012
36005035100,new_york,1338,21.33,30.96721756,-9.637217556
36005035600,new_york,1039,18.79,15.19913303,3.590866974
36005035800,new_york,2527,29.31,49.34976971,-20.03976971
36005035900,new_york,2019,26.2,27.64833378,-1.448333785
36005036000,new_york,669,15.08,16.25575725,-1.175757247
36005036100,new_york,2119,26.84,20.37388242,6.466117583
36005036300,new_york,3642,35.19,29.46356001,5.726439989
36005036400,new_york,785,16.34,47.77837984,-31.43837984
36005036501,new_york,1917,25.53,16.44540775,9.084592251
36005036502,new_york,1091,19.26,17.66458954,1.595410458
36005036700,new_york,1130,19.6,5.797886752,13.80211325
36005036800,new_york,537,13.51,27.82443782,-14.31443782
36005036901,new_york,1795,24.7,30.6827418,-5.982741804
36005036902,new_york,1514,22.69,9.428339203,13.2616608
36005037000,new_york,794,16.43,7.884042265,8.545957735
36005037100,new_york,2176,27.2,16.62151179,10.57848821
36005037200,new_york,783,16.31,22.25684096,-5.946840965
36005037300,new_york,3963,36.7,28.37984286,8.320157139
36005037400,new_york,2348,28.25,39.21701436,-10.96701436
36005037504,new_york,2582,29.63,39.9620699,-10.3320699
36005037600,new_york,816,16.66,9.035491737,7.624508263
36005037800,new_york,1230,20.45,29.26036305,-8.810363045
36005037900,new_york,3025,32.07,29.01652669,3.053473313
36005038000,new_york,1835,24.98,29.70739637,-4.72739637
36005038100,new_york,4646,39.74,42.17014359,-2.430143593
36005038200,new_york,787,16.36,11.026822,5.333178001
36005038301,new_york,3503,34.51,64.08832295,-29.57832295
36005038303,new_york,2161,27.1,21.75562178,5.344378217
36005038304,new_york,2021,26.21,62.32728258,-36.11728258
36005038500,new_york,5245,42.23,69.80493091,-27.57493091
36005038600,new_york,2421,28.69,45.32646979,-16.63646979
36005038700,new_york,2847,31.11,68.88377134,-37.77377134
36005038800,new_york,589,14.15,6.583581685,7.566418315
36005038900,new_york,3386,33.93,84.42156597,-50.49156597
36005039000,new_york,1157,19.83,31.75291249,-11.92291249
36005039100,new_york,4840,40.56,69.26307234,-28.70307234
36005039200,new_york,464,12.56,15.99837442,-3.438374424
36005039300,new_york,2771,30.69,52.05906258,-21.36906258
36005039400,new_york,1853,25.1,50.7992414,-25.6992414
36005039500,new_york,5225,42.14,71.45759957,-29.31759957
36005039600,new_york,1727,24.23,24.70875102,-0.478751016
36005039700,new_york,1336,21.31,87.44242753,-66.13242753
36005039800,new_york,936,17.84,8.927120022,8.912879978
36005039901,new_york,4160,37.61,87.21213763,-49.60213763
36005039902,new_york,3651,35.23,68.36900569,-33.13900569
36005040100,new_york,3631,35.13,73.57084801,-38.44084801
36005040302,new_york,1717,24.16,47.18233541,-23.02233541
36005040303,new_york,2371,28.39,30.58791655,-2.197916554
36005040304,new_york,4513,39.17,41.5605527,-2.390552696
36005040400,new_york,656,14.93,20.60417231,-5.674172311
36005040501,new_york,4547,39.32,31.96965592,7.35034408
36005040502,new_york,2229,27.53,23.92305608,3.606943918
36005040600,new_york,1118,19.49,52.83121105,-33.34121105
36005040701,new_york,1393,21.76,45.73286372,-23.97286372
36005040702,new_york,4448,38.89,55.07992414,-16.18992414
36005040800,new_york,2069,26.52,27.68897318,-1.168973178
36005040900,new_york,2832,31.03,35.61365484,-4.583654836
36005041100,new_york,1776,24.57,58.01950691,-33.44950691
36005041300,new_york,5636,43.77,57.57247358,-13.80247358
36005041400,new_york,2427,28.72,66.63505825,-37.91505825
36005041500,new_york,2372,28.4,35.31563262,-6.91563262
36005041800,new_york,1530,22.81,62.36792197,-39.55792197
36005041900,new_york,4058,37.14,49.06529396,-11.92529396
36005042000,new_york,,,71.89108643,
36005042100,new_york,2429,28.74,82.37604985,-53.63604985
36005042200,new_york,2294,27.93,37.68626389,-9.756263885
36005042300,new_york,1702,24.05,34.01517204,-9.96517204
36005042400,new_york,696,15.38,13.0046058,2.375394202
36005042500,new_york,2897,31.38,79.96477919,-48.58477919
36005042600,new_york,1524,22.76,27.21484692,-4.454846925
36005042800,new_york,402,11.69,6.976429152,4.713570848
36005042901,new_york,1936,25.65,35.66784069,-10.01784069
36005042902,new_york,2051,26.4,21.20021674,5.199783257
36005043000,new_york,578,14.02,6.868057437,7.151942563
36005043101,new_york,3861,36.23,66.22866432,-29.99866432
36005043102,new_york,2386,28.48,67.7187754,-39.2387754
36005043400,new_york,3592,34.94,63.32972094,-28.38972094
36005043501,new_york,1186,20.08,9.008398808,11.07160119
36005043502,new_york,303,10.15,0.149011108,10.00098889
36005043503,new_york,4031,37.02,12.36792197,24.65207803
36005043600,new_york,704,15.47,24.08561365,-8.615613655
36005044200,new_york,1421,21.98,46.11216473,-24.13216473
36005044400,new_york,1046,18.86,5.567596857,13.29240314
36005044800,new_york,550,13.67,1.61202926,12.05797074
36005044901,new_york,695,15.37,10.8371715,4.532828502
36005044902,new_york,922,17.7,21.72852885,-4.028528854
36005045101,new_york,762,16.09,43.28095367,-27.19095367
36005045102,new_york,699,15.41,36.71091845,-21.30091845
36005045600,new_york,904,17.53,47.39907884,-29.86907884
36005045800,new_york,2265,27.75,2.302898943,25.44710106
36005046000,new_york,499,13.02,16.919534,-3.899534002
36005046203,new_york,522,13.32,33.66296397,-20.34296397
36005046204,new_york,157,7.31,1.869412083,5.440587917
36005046205,new_york,475,12.71,76.37496613,-63.66496613
36005046206,new_york,74,5.02,6.285559469,-1.265559469
36005046207,new_york,215,8.55,25.00677323,-16.45677323
36005046208,new_york,1485,22.47,57.96532105,-35.49532105
36005046209,new_york,1609,23.39,64.60308859,-41.21308859
36005048401,new_york,1502,22.6,62.51693308,-39.91693308
36005048402,new_york,58,4.44,0.921159577,3.518840423
36005050400,new_york,936,17.84,11.64995936,6.190040639
36005051601,new_york,2128,26.9,41.79084259,-14.89084259
36005051602,new_york,4,1.17,0.325115145,0.844884855
36047000100,new_york,3085,32.38,77.1471146,-44.7671146
36047000200,new_york,1662,23.77,91.34380927,-67.57380927
36047000301,new_york,3249,33.23,79.69384991,-46.46384991
36047000501,new_york,843,16.93,69.54754809,-52.61754809
36047000502,new_york,716,15.6,82.72825792,-67.12825792
36047000700,new_york,1616,23.44,86.18260634,-62.74260634
36047000900,new_york,2061,26.47,86.58900027,-60.11900027
36047001100,new_york,740,15.86,77.41804389,-61.55804389
36047001300,new_york,1523,22.75,76.88973178,-54.13973178
36047001501,new_york,2010,26.14,57.73503116,-31.59503116
36047001502,new_york,2613,29.8,75.52153888,-45.72153888
36047001801,new_york,745,15.91,44.92007586,-29.01007586
36047001802,new_york,250,9.22,59.80764021,-50.58764021
36047001803,new_york,570,13.92,17.85424004,-3.934240043
36047001804,new_york,103,5.92,20.11649959,-14.19649959
36047002000,new_york,1116,19.48,72.27038743,-52.79038743
36047002100,new_york,3897,36.4,87.14440531,-50.74440531
36047002200,new_york,1496,22.55,86.65673259,-64.10673259
36047002300,new_york,12291,64.64,31.99674885,32.64325115
36047002901,new_york,1032,18.73,28.33920347,-9.609203468
36047003000,new_york,472,12.67,11.62286643,1.047133568
36047003101,new_york,1426,22.02,38.33649418,-16.31649418
36047003102,new_york,154,7.24,0.392847467,6.847152533
36047003300,new_york,2920,31.51,74.4107288,-42.9007288
36047003400,new_york,1629,23.53,16.47250068,7.057499323
36047003500,new_york,1505,22.62,76.49688431,-53.87688431
36047003600,new_york,853,17.03,16.63505825,0.39494175
36047003700,new_york,2533,29.34,78.56949336,-49.22949336
36047003800,new_york,515,13.23,1.991330263,11.23866974
36047003900,new_york,2723,30.42,82.05093471,-51.63093471
36047004100,new_york,1738,24.31,81.42779734,-57.11779734
36047004300,new_york,2609,29.78,74.72229748,-44.94229748
36047004400,new_york,640,14.75,4.551612029,10.19838797
36047004500,new_york,3090,32.41,66.96017339,-34.55017339
36047004600,new_york,485,12.84,22.54131672,-9.701316716
36047004700,new_york,830,16.8,50.78569493,-33.98569493
36047004900,new_york,527,13.38,39.33893254,-25.95893254
36047005000,new_york,1176,19.99,5.161202926,14.82879707
36047005100,new_york,760,16.07,80.24925494,-64.17925494
36047005201,new_york,386,11.45,1.408832295,10.04116771
36047005202,new_york,426,12.03,1.043077757,10.98692224
36047005301,new_york,2272,27.79,49.79680303,-22.00680303
36047005302,new_york,695,15.37,39.09509618,-23.72509618
36047005303,new_york,184,7.91,9.049038201,-1.139038201
36047005400,new_york,1275,20.82,29.21972365,-8.399723652
36047005601,new_york,928,17.76,7.77567055,9.98432945
36047005602,new_york,778,16.26,6.231373611,10.02862639
36047005800,new_york,1108,19.41,82.90436196,-63.49436196
36047005900,new_york,1971,25.88,86.96830127,-61.08830127
36047006000,new_york,1017,18.59,83.17529125,-64.58529125
36047006200,new_york,1086,19.21,77.87862368,-58.66862368
36047006300,new_york,490,12.91,62.46274722,-49.55274722
36047006400,new_york,1123,19.54,72.432945,-52.892945
36047006500,new_york,1594,23.28,68.80249255,-45.52249255
36047006600,new_york,1765,24.49,79.1248984,-54.6348984
36047006700,new_york,1298,21.01,54.28068274,-33.27068274
36047006800,new_york,1779,24.59,81.75291249,-57.16291249
36047006901,new_york,685,15.26,72.40585207,-57.14585207
36047006902,new_york,1231,20.46,80.45245191,-59.99245191
36047007000,new_york,575,13.98,43.6873476,-29.7073476
36047007100,new_york,2677,30.17,15.75453807,14.41546193
36047007200,new_york,447,12.33,48.32023842,-35.99023842
36047007400,new_york,1332,21.28,87.48306692,-66.20306692
36047007500,new_york,4804,40.41,83.47331347,-43.06331347
36047007600,new_york,1855,25.11,62.21891086,-37.10891086
36047007700,new_york,3466,34.33,92.6984557,-58.3684557
36047007800,new_york,1788,24.65,62.44920076,-37.79920076
36047008000,new_york,2277,27.82,78.75914386,-50.93914386
36047008200,new_york,2095,26.69,70.78027635,-44.09027635
36047008400,new_york,1367,21.56,92.34624763,-70.78624763
36047008500,new_york,2643,29.97,8.100785695,21.86921431
36047008600,new_york,257,9.35,0.568951504,8.781048496
36047008800,new_york,1225,20.41,75.31834191,-54.90834191
36047009001,new_york,557,13.76,37.10376592,-23.34376592
36047009002,new_york,528,13.4,55.9333514,-42.5333514
36047009201,new_york,540,13.55,61.70414522,-48.15414522
36047009202,new_york,4837,40.55,34.81441344,5.735586562
36047009401,new_york,971,18.17,29.57193173,-11.40193173
36047009402,new_york,569,13.91,33.18883771,-19.27883771
36047009600,new_york,2137,26.95,46.16635058,-19.21635058
36047009800,new_york,1691,23.98,53.54917367,-29.56917367
36047010000,new_york,1599,23.31,49.10593335,-25.79593335
36047010100,new_york,2419,28.68,89.20346789,-60.52346789
36047010200,new_york,1608,23.38,56.28555947,-32.90555947
36047010401,new_york,734,15.8,78.1360065,-62.3360065
36047010402,new_york,663,15.01,65.38878353,-50.37878353
36047010601,new_york,591,14.17,56.57003522,-42.40003522
36047010602,new_york,797,16.46,47.42617177,-30.96617177
36047010801,new_york,459,12.49,48.14413438,-35.65413438
36047010802,new_york,400,11.66,50.44703332,-38.78703332
36047011000,new_york,851,17.01,76.72717421,-59.71717421
36047011200,new_york,1507,22.63,64.86047142,-42.23047142
36047011400,new_york,755,16.02,66.68924411,-50.66924411
36047011600,new_york,802,16.51,30.65564888,-14.14564888
36047011700,new_york,1771,24.54,83.43267407,-58.89267407
36047011800,new_york,867,17.17,89.98916283,-72.81916283
36047011901,new_york,2278,27.83,93.8769981,-66.0469981
36047011902,new_york,220,8.65,64.29151991,-55.64151991
36047012000,new_york,739,15.85,78.69141154,-62.84141154
36047012100,new_york,956,18.03,88.01137903,-69.98137903
36047012200,new_york,1843,25.03,79.16553779,-54.13553779
36047012600,new_york,1579,23.17,66.09319967,-42.92319967
36047012700,new_york,2136,26.95,53.37306963,-26.42306963
36047012801,new_york,437,12.19,22.55486318,-10.36486318
36047012901,new_york,2281,27.85,80.39826605,-52.54826605
36047012902,new_york,1378,21.64,67.80005419,-46.16005419
36047013000,new_york,1519,22.72,63.51937144,-40.79937144
36047013100,new_york,2056,26.44,80.22216202,-53.78216202
36047013200,new_york,633,14.67,29.05716608,-14.38716608
36047013300,new_york,1659,23.75,78.67786508,-54.92786508
36047013400,new_york,1239,20.52,62.59821187,-42.07821187
36047013500,new_york,1115,19.47,72.74451368,-53.27451368
36047013600,new_york,1241,20.54,74.99322677,-54.45322677
36047013700,new_york,1539,22.87,83.8797074,-61.0097074
36047013800,new_york,1244,20.56,68.85667841,-48.29667841
36047013900,new_york,1216,20.33,81.82064481,-61.49064481
36047014000,new_york,418,11.92,34.10999729,-22.18999729
36047014101,new_york,662,15,48.55052831,-33.55052831
36047014102,new_york,765,16.13,62.72013005,-46.59013005
36047014200,new_york,1659,23.75,62.90978055,-39.15978055
36047014300,new_york,2099,26.71,92.68490924,-65.97490924
36047014500,new_york,2102,26.73,84.23191547,-57.50191547
36047014700,new_york,659,14.97,43.59252235,-28.62252235
36047014800,new_york,338,10.72,39.55567597,-28.83567597
36047014901,new_york,645,14.81,54.79544839,-39.98544839
36047014902,new_york,1222,20.38,63.79030073,-43.41030073
36047015000,new_york,319,10.41,20.46870767,-10.05870767
36047015100,new_york,1506,22.63,78.12246004,-55.49246004
36047015200,new_york,325,10.51,26.56461664,-16.05461664
36047015300,new_york,902,17.51,84.36738011,-66.85738011
36047015400,new_york,400,11.66,3.752370631,7.907629369
36047015500,new_york,1121,19.52,60.40368464,-40.88368464
36047015700,new_york,1137,19.66,62.55757247,-42.89757247
36047015900,new_york,1400,21.82,86.88702249,-65.06702249
36047016000,new_york,1592,23.26,91.03224059,-67.77224059
36047016100,new_york,2621,29.85,89.47439718,-59.62439718
36047016200,new_york,486,12.85,54.91736657,-42.06736657
36047016300,new_york,1659,23.75,76.65944189,-52.90944189
36047016400,new_york,113,6.2,4.389054457,1.810945543
36047016500,new_york,1188,20.1,35.65429423,-15.55429423
36047016600,new_york,409,11.79,17.23110268,-5.441102682
36047016700,new_york,1393,21.76,72.54131672,-50.78131672
36047016800,new_york,318,10.4,1.192088865,9.207911135
36047016900,new_york,1273,20.8,82.61988621,-61.81988621
36047017000,new_york,600,14.28,48.76727174,-34.48727174
36047017100,new_york,699,15.41,48.60471417,-33.19471417
36047017200,new_york,741,15.87,30.94012463,-15.07012463
36047017400,new_york,594,14.21,3.481441344,10.72855866
36047017500,new_york,143,6.97,0.365754538,6.604245462
36047017600,new_york,471,12.65,7.748577621,4.901422379
36047017700,new_york,2017,26.19,24.9796803,1.210319697
36047017800,new_york,1245,20.57,58.2497968,-37.6797968
36047017900,new_york,824,16.74,25.72473584,-8.984735844
36047018000,new_york,742,15.88,42.41397995,-26.53397995
36047018100,new_york,1798,24.72,72.94771065,-48.22771065
36047018200,new_york,461,12.52,67.82714711,-55.30714711
36047018300,new_york,1406,21.86,56.58358169,-34.72358169
36047018400,new_york,272,9.62,17.09563804,-7.475638038
36047018501,new_york,1326,21.23,18.21999458,3.010005419
36047018600,new_york,396,11.6,23.00189651,-11.40189651
36047018700,new_york,898,17.47,49.26849092,-31.79849092
36047018800,new_york,438,12.2,35.93876998,-23.73876998
36047019000,new_york,1011,18.54,80.88593877,-62.34593877
36047019100,new_york,2758,30.62,78.92170144,-48.30170144
36047019200,new_york,872,17.22,57.85694934,-40.63694934
36047019300,new_york,1302,21.04,43.82281225,-22.78281225
36047019400,new_york,1011,18.54,53.90138174,-35.36138174
36047019500,new_york,950,17.97,48.11704145,-30.14704145
36047019600,new_york,1066,19.04,57.40991601,-38.36991601
36047019700,new_york,1175,19.99,64.31861284,-44.32861284
36047019800,new_york,435,12.16,35.07179626,-22.91179626
36047019900,new_york,1934,25.64,82.10512056,-56.46512056
36047020000,new_york,406,11.75,42.76618802,-31.01618802
36047020100,new_york,1953,25.77,65.83581685,-40.06581685
36047020200,new_york,277,9.7,12.95041994,-3.25041994
36047020300,new_york,1539,22.87,27.59414793,-4.724147927
36047020400,new_york,293,9.98,12.46274722,-2.482747223
36047020500,new_york,2572,29.57,69.19534002,-39.62534002
36047020600,new_york,415,11.88,37.6049851,-25.7249851
36047020700,new_york,4347,38.44,60.4172311,-21.9772311
36047020800,new_york,537,13.51,25.27770252,-11.76770252
36047021000,new_york,662,15,53.23760499,-38.23760499
36047021100,new_york,1543,22.9,59.26578163,-36.36578163
36047021200,new_york,689,15.3,69.22243295,-53.92243295
36047021300,new_york,3031,32.1,76.52397724,-44.42397724
36047021400,new_york,751,15.98,68.16580872,-52.18580872
36047021500,new_york,6266,46.15,75.86020049,-29.71020049
36047021600,new_york,571,13.93,50.08127879,-36.15127879
36047021700,new_york,2817,30.95,65.14494717,-34.19494717
36047021800,new_york,588,14.14,75.90083988,-61.76083988
36047021900,new_york,3310,33.54,67.00081279,-33.46081279
36047022000,new_york,1098,19.32,75.25060959,-55.93060959
36047022100,new_york,1896,25.39,64.99593606,-39.60593606
36047022200,new_york,917,17.66,76.9574641,-59.2974641
36047022400,new_york,821,16.71,45.59739908,-28.88739908
36047022600,new_york,585,14.1,58.22270387,-44.12270387
36047022700,new_york,3950,36.64,71.91817936,-35.27817936
36047022800,new_york,500,13.04,78.01408832,-64.97408832
36047022900,new_york,1988,26,32.06448117,-6.06448117
36047023000,new_york,539,13.54,64.87401788,-51.33401788
36047023100,new_york,1945,25.71,54.41614739,-28.70614739
36047023200,new_york,843,16.93,71.10539149,-54.17539149
36047023300,new_york,3502,34.5,54.00975345,-19.50975345
36047023400,new_york,682,15.23,46.49146573,-31.26146573
36047023500,new_york,1703,24.06,28.56949336,-4.509493362
36047023600,new_york,853,17.03,55.41858575,-38.38858575
36047023800,new_york,843,16.93,52.7363858,-35.8063858
36047024000,new_york,691,15.33,53.10214034,-37.77214034
36047024100,new_york,2250,27.66,40.49038201,-12.83038201
36047024200,new_york,496,12.98,63.24844216,-50.26844216
36047024300,new_york,1897,25.39,55.39149282,-30.00149282
36047024400,new_york,531,13.44,43.89054457,-30.45054457
36047024500,new_york,3560,34.79,70.37388242,-35.58388242
36047024600,new_york,636,14.7,46.85722027,-32.15722027
36047024700,new_york,3073,32.32,84.10999729,-51.78999729
36047024800,new_york,577,14.01,81.26523977,-67.25523977
36047024900,new_york,3178,32.87,60.56624221,-27.69624221
36047025000,new_york,754,16.01,73.27282579,-57.26282579
36047025100,new_york,2261,27.72,26.44269846,1.277301544
36047025200,new_york,1124,19.55,69.49336223,-49.94336223
36047025300,new_york,1969,25.87,22.02655107,3.84344893
36047025400,new_york,663,15.01,64.72500677,-49.71500677
36047025500,new_york,1462,22.29,9.211595774,13.07840423
36047025600,new_york,626,14.59,64.12896234,-49.53896234
36047025700,new_york,1343,21.37,54.72771607,-33.35771607
36047025800,new_york,782,16.3,56.74613926,-40.44613926
36047025901,new_york,1597,23.3,7.301544297,15.9984557
36047025902,new_york,804,16.53,1.341099973,15.18890003
36047026000,new_york,657,14.94,42.42752642,-27.48752642
36047026100,new_york,3265,33.32,34.09645083,-0.776450826
36047026200,new_york,667,15.06,35.74911948,-20.68911948
36047026300,new_york,1351,21.43,17.65104308,3.778956922
36047026400,new_york,1094,19.28,79.53129233,-60.25129233
36047026500,new_york,3602,34.99,52.81766459,-17.82766459
36047026600,new_york,549,13.66,44.59496072,-30.93496072
36047026700,new_york,2302,27.97,41.45218098,-13.48218098
36047026800,new_york,736,15.82,22.82579247,-7.005792468
36047026900,new_york,1721,24.19,65.00948253,-40.81948253
36047027000,new_york,338,10.72,26.55107017,-15.83107017
36047027100,new_york,1988,26,23.44892983,2.551070171
36047027200,new_york,892,17.41,13.39745326,4.012546735
36047027300,new_york,1310,21.1,51.82877269,-30.72877269
36047027400,new_york,468,12.61,35.85749119,-23.24749119
36047027500,new_york,2329,28.14,47.94093742,-19.80093742
36047027600,new_york,666,15.05,65.25331888,-50.20331888
36047027700,new_york,3581,34.89,14.44053102,20.44946898
36047027800,new_york,4268,38.09,74.15334598,-36.06334598
36047027900,new_york,1794,24.7,23.15090761,1.549092387
36047028000,new_york,340,10.75,24.18043891,-13.43043891
36047028100,new_york,1777,24.58,20.94283392,3.63716608
36047028200,new_york,680,15.2,25.53508534,-10.33508534
36047028300,new_york,1474,22.38,24.12625305,-1.746253048
36047028400,new_york,827,16.77,66.71633704,-49.94633704
36047028501,new_york,451,12.38,52.24871309,-39.86871309
36047028502,new_york,1141,19.69,7.911135194,11.77886481
36047028600,new_york,1206,20.25,22.13492279,-1.884922785
36047028700,new_york,2409,28.62,63.34326741,-34.72326741
36047028800,new_york,794,16.43,71.674343,-55.244343
36047028900,new_york,2412,28.63,59.33351395,-30.70351395
36047029000,new_york,1485,22.47,70.03522081,-47.56522081
36047029100,new_york,1381,21.67,29.74803576,-8.078035763
36047029200,new_york,774,16.22,17.12273097,-0.902730967
36047029300,new_york,4332,38.37,25.25060959,13.11939041
36047029400,new_york,375,11.29,35.26144676,-23.97144676
36047029500,new_york,2933,31.58,33.12110539,-1.541105391
36047029600,new_york,1424,22,73.58439447,-51.58439447
36047029700,new_york,1909,25.47,56.93578976,-31.46578976
36047029800,new_york,881,17.31,73.66567326,-56.35567326
36047029900,new_york,930,17.78,11.14874018,6.631259821
36047030000,new_york,750,15.97,53.63045245,-37.66045245
36047030100,new_york,1612,23.41,62.34082904,-38.93082904
36047030200,new_york,597,14.25,18.07098347,-3.820983473
36047030300,new_york,2704,30.32,32.38959632,-2.069596315
36047030400,new_york,822,16.72,16.51314007,0.20685993
36047030500,new_york,5984,45.1,84.19127608,-39.09127608
36047030600,new_york,435,12.16,38.214576,-26.054576
36047030700,new_york,2849,31.12,58.8593877,-27.7393877
36047030800,new_york,1029,18.7,59.95665131,-41.25665131
36047030900,new_york,1451,22.21,44.79815768,-22.58815768
36047031100,new_york,2274,27.8,39.74532647,-11.94532647
36047031300,new_york,1874,25.24,37.1850447,-11.9450447
36047031401,new_york,800,16.49,9.116770523,7.373229477
36047031402,new_york,150,7.14,0.284475752,6.855524248
36047031500,new_york,3824,36.05,71.40341371,-35.35341371
36047031701,new_york,2802,30.86,59.63153617,-28.77153617
36047031702,new_york,2136,26.95,63.62774316,-36.67774316
36047031900,new_york,1324,21.22,70.34678949,-49.12678949
36047032100,new_york,2643,29.97,83.98807911,-54.01807911
36047032300,new_york,2292,27.91,61.785424,-33.875424
36047032500,new_york,2079,26.58,67.94906529,-41.36906529
36047032600,new_york,5608,43.66,37.71335681,5.946643186
36047032700,new_york,1973,25.9,82.76889732,-56.86889732
36047032800,new_york,857,17.07,18.36900569,-1.29900569
36047032900,new_york,4199,37.78,60.06502303,-22.28502303
36047033000,new_york,1668,23.81,2.844757518,20.96524248
36047033100,new_york,1266,20.75,48.4015172,-27.6515172
36047033300,new_york,815,16.64,33.13465186,-16.49465186
36047033500,new_york,912,17.61,31.21105391,-13.60105391
36047033600,new_york,627,14.6,3.630452452,10.96954755
36047033701,new_york,748,15.95,54.97155242,-39.02155242
36047033702,new_york,595,14.22,58.60200488,-44.38200488
36047033900,new_york,1559,23.02,42.25142238,-19.23142238
36047034000,new_york,572,13.94,23.51666215,-9.576662151
36047034100,new_york,1744,24.35,19.6965592,4.653440802
36047034200,new_york,2437,28.78,24.23462476,4.545375237
36047034300,new_york,1512,22.67,21.28149553,1.38850447
36047034500,new_york,1433,22.07,21.97236521,0.097634787
36047034700,new_york,1371,21.59,40.9509618,-19.3609618
36047034800,new_york,1133,19.63,63.85803305,-44.22803305
36047034901,new_york,933,17.81,36.76510431,-18.95510431
36047034902,new_york,1438,22.11,53.88783527,-31.77783527
36047035000,new_york,263,9.46,55.05283121,-45.59283121
36047035101,new_york,993,18.37,62.16472501,-43.79472501
36047035102,new_york,1763,24.48,55.37794636,-30.89794636
36047035200,new_york,912,17.61,21.13248442,-3.522484422
36047035301,new_york,2211,27.42,41.19479816,-13.77479816
36047035302,new_york,1144,19.72,27.12002167,-7.400021674
36047035400,new_york,680,15.2,59.41479274,-44.21479274
36047035500,new_york,2592,29.68,46.38309401,-16.70309401
36047035601,new_york,113,6.2,3.264697914,2.935302086
36047035602,new_york,551,13.69,34.59767001,-20.90767001
36047035701,new_york,1081,19.17,20.99701978,-1.827019778
36047035702,new_york,120,6.39,3.3459767,3.0440233
36047035900,new_york,2049,26.39,30.66919534,-4.27919534
36047036001,new_york,1160,19.86,44.21565971,-24.35565971
36047036002,new_york,1451,22.21,69.61528041,-47.40528041
36047036100,new_york,916,17.65,7.287997833,10.36200217
36047036200,new_york,2004,26.1,77.48577621,-51.38577621
36047036300,new_york,2133,26.93,9.82118667,17.10881333
36047036400,new_york,1092,19.27,42.11595774,-22.84595774
36047036501,new_york,796,16.45,18.16580872,-1.715808724
36047036502,new_york,734,15.8,10.13275535,5.667244649
36047036600,new_york,1066,19.04,47.14169602,-28.10169602
36047036700,new_york,1461,22.29,76.61880249,-54.32880249
36047036900,new_york,4480,39.02,63.41099973,-24.39099973
36047037000,new_york,764,16.12,50.73150908,-34.61150908
36047037100,new_york,1578,23.16,38.5532376,-15.3932376
36047037300,new_york,2005,26.11,51.16499594,-25.05499594
36047037401,new_york,905,17.54,16.82470875,0.715291249
36047037402,new_york,1135,19.64,53.67109185,-34.03109185
36047037500,new_york,1952,25.76,79.46356001,-53.70356001
36047037700,new_york,1892,25.36,25.99566513,-0.635665131
36047037900,new_york,1951,25.75,48.56407478,-22.81407478
36047038100,new_york,3480,34.39,36.11487402,-1.724874018
36047038200,new_york,2004,26.1,16.70279057,9.397209428
36047038300,new_york,1658,23.74,30.89948523,-7.159485234
36047038500,new_york,2108,26.77,39.69114061,-12.92114061
36047038600,new_york,829,16.79,73.20509347,-56.41509347
36047038700,new_york,3166,32.81,63.35681387,-30.54681387
36047038800,new_york,1727,24.23,23.70631265,0.523687348
36047038900,new_york,4804,40.41,74.26171769,-33.85171769
36047039000,new_york,351,10.92,16.56732593,-5.647325928
36047039100,new_york,3090,32.41,29.89704687,2.512953129
36047039200,new_york,482,12.8,36.60254674,-23.80254674
36047039300,new_york,2513,29.23,65.67325928,-36.44325928
36047039400,new_york,534,13.47,48.65890003,-35.18890003
36047039500,new_york,3289,33.44,35.78975887,-2.349758873
36047039600,new_york,400,11.66,13.07233812,-1.41233812
36047039700,new_york,3208,33.02,49.56651314,-16.54651314
36047039800,new_york,998,18.42,72.70387429,-54.28387429
36047039900,new_york,1875,25.25,20.76672988,4.483270116
36047040000,new_york,855,17.05,76.14467624,-59.09467624
36047040100,new_york,2146,27.01,43.74153346,-16.73153346
36047040200,new_york,769,16.17,59.03549174,-42.86549174
36047040300,new_york,2705,30.32,67.27174208,-36.95174208
36047040400,new_york,357,11.02,29.91059334,-18.89059334
36047040500,new_york,1514,22.69,18.2877269,4.402273097
36047040600,new_york,464,12.56,18.77539962,-6.215399621
36047040700,new_york,37,3.55,0.270929287,3.279070713
36047040800,new_york,609,14.39,46.89785966,-32.50785966
36047040900,new_york,4213,37.84,51.63912219,-13.79912219
36047041000,new_york,429,12.08,42.33270116,-30.25270116
36047041100,new_york,1904,25.44,12.80140883,12.63859117
36047041200,new_york,1093,19.28,79.17908426,-59.89908426
36047041300,new_york,1843,25.03,15.30750474,9.722495259
36047041401,new_york,367,11.17,36.73801138,-25.56801138
36047041402,new_york,348,10.88,8.452993769,2.427006231
36047041500,new_york,1611,23.4,23.76049851,-0.36049851
36047041600,new_york,585,14.1,25.86020049,-11.76020049
36047041700,new_york,1740,24.32,7.179626118,17.14037388
36047041800,new_york,652,14.89,54.02329992,-39.13329992
36047041900,new_york,1492,22.52,6.244920076,16.27507992
36047042000,new_york,549,13.66,59.76700081,-46.10700081
36047042100,new_york,2841,31.08,26.03630452,5.043695475
36047042200,new_york,1026,18.68,66.75697643,-48.07697643
36047042300,new_york,2651,30.02,49.71552425,-19.69552425
36047042400,new_york,838,16.88,57.74857762,-40.86857762
36047042500,new_york,4170,37.65,36.27743159,1.37256841
36047042600,new_york,738,15.84,69.91330263,-54.07330263
36047042700,new_york,4253,38.02,54.29422921,-16.27422921
36047042800,new_york,1983,25.96,61.27065836,-35.31065836
36047042900,new_york,4448,38.89,59.06258467,-20.17258467
36047043000,new_york,1016,18.58,47.46681116,-28.88681116
36047043100,new_york,4934,40.95,87.86236792,-46.91236792
36047043200,new_york,1061,18.99,63.47873205,-44.48873205
36047043300,new_york,2714,30.37,51.09726361,-20.72726361
36047043400,new_york,752,15.99,35.95231645,-19.96231645
36047043500,new_york,2476,29.01,35.80330534,-6.793305337
36047043600,new_york,654,14.91,64.58954213,-49.67954213
36047043700,new_york,2856,31.16,44.24275264,-13.08275264
36047043800,new_york,1072,19.09,30.03251151,-10.94251151
36047043900,new_york,4122,37.43,88.94608507,-51.51608507
36047044000,new_york,1482,22.45,32.49796803,-10.04796803
36047044100,new_york,2789,30.79,61.48740179,-30.69740179
36047044200,new_york,568,13.9,31.78000542,-17.88000542
36047044300,new_york,2360,28.32,87.46952046,-59.14952046
36047044400,new_york,796,16.45,22.50067732,-6.050677323
36047044500,new_york,3176,32.86,73.89596315,-41.03596315
36047044600,new_york,532,13.45,51.53075047,-38.08075047
36047044700,new_york,4499,39.11,91.84502845,-52.73502845
36047044800,new_york,662,15,23.35410458,-8.354104579
36047044901,new_york,2416,28.66,65.9712815,-37.3112815
36047044902,new_york,2337,28.19,95.0961799,-66.9061799
36047045000,new_york,312,10.3,15.9306421,-5.630642102
36047045200,new_york,823,16.73,6.746139258,9.983860742
36047045300,new_york,2346,28.24,91.07287998,-62.83287998
36047045400,new_york,589,14.15,55.26957464,-41.11957464
36047045600,new_york,663,15.01,53.87428881,-38.86428881
36047045800,new_york,382,11.4,12.23245733,-0.832457329
36047046000,new_york,1405,21.85,54.24004335,-32.39004335
36047046201,new_york,718,15.62,48.98401517,-33.36401517
36047046202,new_york,589,14.15,34.58412354,-20.43412354
36047046400,new_york,363,11.11,48.84855053,-37.73855053
36047046800,new_york,1549,22.95,21.22730967,1.722690328
36047047000,new_york,386,11.45,55.81143322,-44.36143322
36047047200,new_york,371,11.23,46.54565158,-35.31565158
36047047400,new_york,360,11.06,46.74884855,-35.68884855
36047047600,new_york,554,13.72,56.51584936,-42.79584936
36047047700,new_york,2926,31.54,58.23625034,-26.69625034
36047047800,new_york,957,18.04,77.3367651,-59.2967651
36047048000,new_york,704,15.47,60.49850989,-45.02850989
36047048100,new_york,1632,23.55,49.44459496,-25.89459496
36047048200,new_york,2268,27.77,58.64264427,-30.87264427
36047048400,new_york,1270,20.78,47.01977784,-26.23977784
36047048500,new_york,3503,34.51,94.107288,-59.597288
36047048600,new_york,1427,22.02,85.28853969,-63.26853969
36047048800,new_york,946,17.93,22.40585207,-4.475852073
36047048900,new_york,1207,20.26,1.842319155,18.41768085
36047049000,new_york,1626,23.51,12.67949065,10.83050935
36047049100,new_york,3091,32.42,80.60146302,-48.18146302
36047049200,new_york,1222,20.38,46.72175562,-26.34175562
36047049301,new_york,675,15.15,15.40232999,-0.252329992
36047049302,new_york,3740,35.66,60.21403414,-24.55403414
36047049400,new_york,1254,20.65,49.59360607,-28.94360607
36047049500,new_york,2258,27.71,70.91574099,-43.20574099
36047049600,new_york,2931,31.57,84.35383365,-52.78383365
36047049700,new_york,2815,30.93,65.42942292,-34.49942292
36047049800,new_york,1092,19.27,61.12164725,-41.85164725
36047049900,new_york,1962,25.83,23.9907884,1.839211596
36047050001,new_york,713,15.57,59.69926849,-44.12926849
36047050002,new_york,366,11.15,26.74072067,-15.59072067
36047050100,new_york,2140,26.97,91.61473855,-64.64473855
36047050202,new_york,595,14.22,63.22134923,-49.00134923
36047050300,new_york,2134,26.93,73.92305608,-46.99305608
36047050401,new_york,1006,18.49,47.99512327,-29.50512327
36047050402,new_york,688,15.29,35.60010837,-20.31010837
36047050500,new_york,2938,31.6,67.25819561,-35.65819561
36047050600,new_york,2279,27.83,85.77621241,-57.94621241
36047050700,new_york,1077,19.13,58.35816852,-39.22816852
36047050801,new_york,2236,27.57,61.71769168,-34.14769168
36047050803,new_york,2853,31.14,64.84692495,-33.70692495
36047050804,new_york,4042,37.07,41.95340016,-4.883400163
36047050900,new_york,594,14.21,26.1582227,-11.9482227
36047051001,new_york,3453,34.26,39.56922243,-5.309222433
36047051002,new_york,1990,26.01,43.95827689,-17.94827689
36047051100,new_york,3500,34.49,38.67515578,-4.185155784
36047051200,new_york,2851,31.13,48.38797074,-17.25797074
36047051300,new_york,6666,47.6,77.66188025,-30.06188025
36047051400,new_york,2477,29.02,26.32078028,2.699219724
36047051500,new_york,1474,22.38,56.84096451,-34.46096451
36047051601,new_york,3198,32.97,26.10403685,6.865963154
36047051602,new_york,3163,32.79,46.34245462,-13.55245462
36047051700,new_york,2408,28.61,33.22947711,-4.619477106
36047051800,new_york,944,17.91,12.7743159,5.135684096
36047051900,new_york,5142,41.81,68.4773774,-26.6673774
36047052000,new_york,1316,21.15,85.60010837,-64.45010837
36047052300,new_york,6496,46.99,86.38580331,-39.39580331
36047052500,new_york,2231,27.54,81.57680845,-54.03680845
36047052600,new_york,1478,22.41,56.01463018,-33.60463018
36047052700,new_york,4893,40.78,92.63072338,-51.85072338
36047052800,new_york,713,15.57,22.86643186,-7.296431861
36047052900,new_york,752,15.99,74.91194798,-58.92194798
36047053000,new_york,1018,18.6,59.78054728,-41.18054728
36047053101,new_york,315,10.35,20.69899756,-10.34899756
36047053102,new_york,389,11.5,26.0092116,-14.5092116
36047053200,new_york,817,16.67,42.00758602,-25.33758602
36047053300,new_york,740,15.86,69.34435112,-53.48435112
36047053400,new_york,1177,20,61.50094825,-41.50094825
36047053500,new_york,716,15.6,54.42969385,-38.82969385
36047053700,new_york,418,11.92,33.29720943,-21.37720943
36047053800,new_york,1675,23.86,66.14738553,-42.28738553
36047053900,new_york,205,8.35,19.07342184,-10.72342184
36047054200,new_york,1140,19.69,44.47304254,-24.78304254
36047054300,new_york,566,13.87,40.7206719,-26.8506719
36047054400,new_york,685,15.26,24.61392577,-9.353925765
36047054500,new_york,4170,37.65,9.94310485,27.70689515
36047054600,new_york,1713,24.13,25.75182877,-1.621828773
36047054700,new_york,1589,23.24,24.99322677,-1.753226768
36047054800,new_york,424,12.01,6.962882688,5.047117312
36047054900,new_york,3987,36.81,76.11758331,-39.30758331
36047055000,new_york,1031,18.72,33.96098618,-15.24098618
36047055100,new_york,5024,41.33,49.51232728,-8.182327283
36047055200,new_york,2225,27.5,82.55215389,-55.05215389
36047055300,new_york,4097,37.32,80.35762666,-43.03762666
36047055400,new_york,1757,24.44,71.4846925,-47.0446925
36047055500,new_york,6796,48.06,65.71389867,-17.65389867
36047055600,new_york,1667,23.81,25.3996207,-1.589620699
36047055700,new_york,4062,37.16,77.81089136,-40.65089136
36047055800,new_york,1901,25.42,40.00270929,-14.58270929
36047056000,new_york,1389,21.73,9.861826063,11.86817394
36047056100,new_york,3259,33.28,85.73557302,-52.45557302
36047056200,new_york,228,8.8,7.599566513,1.200433487
36047056301,new_york,2543,29.4,53.18341913,-23.78341913
36047056302,new_york,1720,24.18,9.17095638,15.00904362
36047056400,new_york,464,12.56,20.14359252,-7.583592522
36047056500,new_york,3363,33.81,78.78623679,-44.97623679
36047056600,new_york,789,16.38,17.56976429,-1.189764292
36047056800,new_york,312,10.3,20.4958006,-10.1958006
36047056900,new_york,2660,30.07,87.10376592,-57.03376592
36047057000,new_york,719,15.63,44.86589,-29.23589
36047057100,new_york,1594,23.28,70.17068545,-46.89068545
36047057200,new_york,3397,33.98,1.679761582,32.30023842
36047057300,new_york,1333,21.29,44.55432132,-23.26432132
36047057400,new_york,685,15.26,27.89217014,-12.63217014
36047057500,new_york,2051,26.4,80.42535898,-54.02535898
36047057600,new_york,565,13.86,21.02411271,-7.164112707
36047057800,new_york,1121,19.52,54.57870496,-35.05870496
36047057901,new_york,1402,21.83,85.41045787,-63.58045787
36047057902,new_york,152,7.19,26.17176917,-18.98176917
36047058000,new_york,992,18.36,54.07748578,-35.71748578
36047058200,new_york,1125,19.56,59.13031699,-39.57031699
36047058400,new_york,1805,24.77,22.46003793,2.30996207
36047058600,new_york,422,11.98,44.43240314,-32.45240314
36047058800,new_york,711,15.55,47.71064752,-32.16064752
36047058901,new_york,828,16.78,57.24735844,-40.46735844
36047058902,new_york,35,3.45,20.8751016,-17.4251016
36047059000,new_york,703,15.46,56.1230019,-40.6630019
36047059100,new_york,2252,27.67,38.43131943,-10.76131943
36047059200,new_york,933,17.81,46.8436738,-29.0336738
36047059300,new_york,1252,20.63,44.14792739,-23.51792739
36047059402,new_york,1030,18.71,43.15903549,-24.44903549
36047059403,new_york,1045,18.85,36.37225684,-17.52225684
36047059404,new_york,629,14.62,37.76754267,-23.14754267
36047059600,new_york,463,12.55,25.94147927,-13.39147927
36047059800,new_york,546,13.62,8.615551341,5.004448659
36047060000,new_york,1717,24.16,55.78434029,-31.62434029
36047060600,new_york,1099,19.33,78.20373882,-58.87373882
36047060800,new_york,2389,28.5,68.62638851,-40.12638851
36047061002,new_york,872,17.22,2.790571661,14.42942834
36047061003,new_york,529,13.41,72.29748036,-58.88748036
36047061004,new_york,1247,20.59,81.04849634,-60.45849634
36047061200,new_york,358,11.03,10.14630182,0.883698185
36047061600,new_york,744,15.9,16.75697643,-0.856976429
36047062000,new_york,1268,20.76,22.6632349,-1.903234896
36047062200,new_york,1712,24.12,32.13221349,-8.012213492
36047062600,new_york,570,13.92,21.26794907,-7.347949065
36047062800,new_york,1665,23.79,52.62801409,-28.83801409
36047063200,new_york,242,9.07,13.9934977,-4.923497697
36047063600,new_york,172,7.65,8.303982661,-0.653982661
36047063800,new_york,359,11.05,13.3839068,-2.3339068
36047064000,new_york,262,9.44,11.90734218,-2.467342184
36047064200,new_york,654,14.91,35.58656191,-20.67656191
36047064400,new_york,534,13.47,36.2367922,-22.7667922
36047064600,new_york,574,13.97,28.88106204,-14.91106204
36047064800,new_york,297,10.05,13.01815226,-2.968152262
36047065000,new_york,603,14.32,61.66350582,-47.34350582
36047065200,new_york,368,11.18,40.35491737,-29.17491737
36047065400,new_york,329,10.58,10.93199675,-0.351996749
36047065600,new_york,307,10.22,38.44486589,-28.22486589
36047065800,new_york,402,11.69,22.39230561,-10.70230561
36047066000,new_york,283,9.81,9.983744243,-0.173744243
36047066200,new_york,1704,24.07,44.74397182,-20.67397182
36047066600,new_york,665,15.04,2.939582769,12.10041723
36047067000,new_york,523,13.33,23.38119751,-10.05119751
36047067200,new_york,365,11.14,30.12733677,-18.98733677
36047067400,new_york,452,12.4,36.0471417,-23.6471417
36047067600,new_york,261,9.42,17.3394744,-7.919474397
36047067800,new_york,320,10.43,5.811433216,4.618566784
36047068000,new_york,460,12.5,32.45732864,-19.95732864
36047068200,new_york,1199,20.19,19.89975616,0.290243836
36047068600,new_york,270,9.58,4.578704958,5.001295042
36047068800,new_york,351,10.92,34.12354376,-23.20354376
36047069000,new_york,512,13.19,30.61500948,-17.42500948
36047069200,new_york,379,11.35,7.707938228,3.642061772
36047069601,new_york,777,16.25,17.02790572,-0.777905717
36047069602,new_york,1649,23.68,14.39989163,9.280108372
36047069800,new_york,386,11.45,72.08073693,-60.63073693
36047070000,new_york,321,10.45,5.350853427,5.099146573
36047070201,new_york,987,18.32,9.347060417,8.972939583
36047070202,new_york,124,6.49,1.720400975,4.769599025
36047070203,new_york,6,1.43,0.176104037,1.253895963
36047070601,new_york,388,11.48,7.653752371,3.826247629
36047070602,new_york,39,3.64,0.555405039,3.084594961
36047072000,new_york,408,11.78,20.98347331,-9.203473313
36047072200,new_york,1145,19.73,30.52018423,-10.79018423
36047072400,new_york,530,13.42,14.83337849,-1.413378488
36047072600,new_york,412,11.83,47.87320509,-36.04320509
36047072800,new_york,1143,19.71,10.51205635,9.197943647
36047073000,new_york,570,13.92,12.04280683,1.877193173
36047073200,new_york,424,12.01,7.856949336,4.153050664
36047073400,new_york,281,9.77,12.90978055,-3.139780547
36047073600,new_york,815,16.64,19.68301273,-3.043012734
36047073800,new_york,634,14.68,35.36981848,-20.68981848
36047074000,new_york,1025,18.67,37.07667299,-18.40667299
36047074200,new_york,1052,18.91,52.1674343,-33.2574343
36047074400,new_york,248,9.18,13.16716337,-3.98716337
36047074600,new_york,604,14.33,39.32538607,-24.99538607
36047074800,new_york,498,13.01,35.38336494,-22.37336494
36047075000,new_york,471,12.65,34.0287185,-21.3787185
36047075200,new_york,144,7,8.52072609,-1.52072609
36047075400,new_york,335,10.67,10.72879978,-0.058799783
36047075600,new_york,311,10.28,5.269574641,5.010425359
36047075800,new_york,495,12.97,9.07613113,3.89386887
36047076000,new_york,769,16.17,13.49227852,2.677721485
36047076200,new_york,1539,22.87,11.5957735,11.2742265
36047076400,new_york,845,16.95,7.680845299,9.269154701
36047076600,new_york,501,13.05,4.307775671,8.742224329
36047076800,new_york,996,18.4,75.14223788,-56.74223788
36047077000,new_york,1594,23.28,31.4819832,-8.201983202
36047077200,new_york,1308,21.09,54.68707667,-33.59707667
36047077400,new_york,1551,22.96,82.18639935,-59.22639935
36047077600,new_york,709,15.52,19.04632891,-3.526328908
36047078000,new_york,459,12.49,17.58331076,-5.093310756
36047078200,new_york,1819,24.87,4.118125169,20.75187483
36047078400,new_york,857,17.07,12.97751287,4.092487131
36047078601,new_york,1238,20.51,47.10105662,-26.59105662
36047078602,new_york,690,15.32,11.29775129,4.022248713
36047078801,new_york,907,17.56,37.82172853,-20.26172853
36047078802,new_york,561,13.81,19.0869683,-5.276968301
36047079001,new_york,724,15.69,34.67894879,-18.98894879
36047079002,new_york,1397,21.79,20.03522081,1.754779193
36047079201,new_york,1459,22.27,49.36331617,-27.09331617
36047079202,new_york,989,18.34,18.49092387,-0.150923869
36047079400,new_york,1390,21.74,63.5735573,-41.8335573
36047079601,new_york,2009,26.13,43.07775671,-16.94775671
36047079602,new_york,2646,29.99,71.80980764,-41.81980764
36047079801,new_york,1443,22.15,34.00162558,-11.85162558
36047079802,new_york,7036,48.91,66.64860471,-17.73860471
36047080000,new_york,2454,28.88,57.89758873,-29.01758873
36047080200,new_york,2586,29.65,63.84448659,-34.19448659
36047080400,new_york,3416,34.08,70.50934706,-36.42934706
36047080600,new_york,1470,22.35,18.58574912,3.764250881
36047080800,new_york,995,18.39,27.25548632,-8.865486318
36047081000,new_york,528,13.4,10.89135736,2.508642644
36047081400,new_york,1035,18.76,39.29829315,-20.53829315
36047081600,new_york,1071,19.08,73.16445408,-54.08445408
36047081800,new_york,2155,27.07,50.28447575,-23.21447575
36047082000,new_york,3189,32.93,76.44269846,-43.51269846
36047082200,new_york,5594,43.61,49.14657274,-5.536572745
36047082400,new_york,2770,30.69,83.40558114,-52.71558114
36047082600,new_york,1787,24.65,60.63397453,-35.98397453
36047082800,new_york,1470,22.35,61.05391493,-38.70391493
36047083000,new_york,2598,29.72,30.24925494,-0.529254944
36047083200,new_york,767,16.15,9.198049309,6.951950691
36047083400,new_york,691,15.33,11.75833108,3.571668924
36047083600,new_york,613,14.44,46.26117583,-31.82117583
36047083800,new_york,589,14.15,14.90111081,-0.75111081
36047084000,new_york,692,15.34,28.82687619,-13.48687619
36047084600,new_york,593,14.2,22.06719046,-7.867190463
36047084800,new_york,503,13.08,16.28285018,-3.202850176
36047085000,new_york,460,12.5,22.97480358,-10.47480358
36047085200,new_york,32,3.3,0.257382823,3.042617177
36047085400,new_york,567,13.88,7.34218369,6.53781631
36047085600,new_york,1179,20.02,15.89000271,4.129997291
36047085800,new_york,538,13.52,16.20157139,-2.68157139
36047086000,new_york,870,17.2,34.94987808,-17.74987808
36047086200,new_york,1241,20.54,38.98672446,-18.44672446
36047086400,new_york,727,15.72,33.03982661,-17.31982661
36047086600,new_york,1494,22.54,37.64562449,-15.10562449
36047086800,new_york,1260,20.7,68.23354105,-47.53354105
36047087000,new_york,973,18.19,38.90544568,-20.71544568
36047087200,new_york,770,16.18,23.43538336,-7.255383365
36047087401,new_york,2753,30.59,17.73232186,12.85767814
36047087600,new_york,704,15.47,19.76429152,-4.29429152
36047087800,new_york,1152,19.79,56.89515037,-37.10515037
36047088001,new_york,726,15.71,20.38742888,-4.677428881
36047088002,new_york,528,13.4,16.79761582,-3.397615822
36047088200,new_york,2426,28.72,18.84313194,9.876868057
36047088400,new_york,1381,21.67,22.89352479,-1.22352479
36047088600,new_york,1744,24.35,16.71633704,7.633662964
36047088800,new_york,1327,21.24,44.85234354,-23.61234354
36047089000,new_york,1523,22.75,81.87483067,-59.12483067
36047089200,new_york,2717,30.39,79.47710648,-49.08710648
36047089400,new_york,1567,23.08,24.28881062,-1.20881062
36047089600,new_york,2567,29.54,23.71985912,5.820140883
36047089800,new_york,1540,22.88,12.66594419,10.21405581
36047090000,new_york,1877,25.26,22.56840965,2.691590355
36047090200,new_york,1341,21.35,19.87266323,1.477336765
36047090600,new_york,1382,21.67,36.38580331,-14.71580331
36047090800,new_york,2060,26.46,60.55269575,-34.09269575
36047091000,new_york,1406,21.86,36.52126795,-14.66126795
36047091200,new_york,1654,23.71,8.371714982,15.33828502
36047091600,new_york,1455,22.24,23.81468437,-1.574684367
36047091800,new_york,1533,22.83,14.96884313,7.861156868
36047092000,new_york,2066,26.5,16.49959361,10.00040639
36047092200,new_york,1234,20.48,25.26415606,-4.784156055
36047092400,new_york,1671,23.83,41.34380927,-17.51380927
36047092800,new_york,831,16.81,18.74830669,-1.938306692
36047093000,new_york,526,13.37,25.68409645,-12.31409645
36047093200,new_york,1231,20.46,79.68030344,-59.22030344
36047093400,new_york,625,14.58,18.1387158,-3.558715795
36047093600,new_york,371,11.23,22.04009753,-10.81009753
36047093800,new_york,416,11.89,21.33568139,-9.445681387
36047094401,new_york,913,17.62,52.64156055,-35.02156055
36047094402,new_york,1219,20.36,3.386616093,16.97338391
36047094600,new_york,555,13.74,61.33839068,-47.59839068
36047095000,new_york,1374,21.61,27.43159035,-5.821590355
36047095400,new_york,824,16.74,23.65212679,-6.912126795
36047095600,new_york,1126,19.56,21.98591168,-2.425911677
36047095800,new_york,919,17.67,9.631536169,8.038463831
36047096000,new_york,353,10.95,71.22730967,-60.27730967
36047096200,new_york,705,15.48,28.86751558,-13.38751558
36047096400,new_york,813,16.62,26.99810349,-10.37810349
36047096600,new_york,437,12.19,30.28989434,-18.09989434
36047096800,new_york,448,12.34,36.54836088,-24.20836088
36047097000,new_york,459,12.49,13.7632078,-1.273207803
36047097400,new_york,961,18.07,58.50717963,-40.43717963
36047098200,new_york,801,16.5,3.075047413,13.42495259
36047098400,new_york,259,9.38,15.65971281,-6.279712815
36047098600,new_york,660,14.98,14.49471688,0.485283121
36047098800,new_york,481,12.79,18.62638851,-5.836388513
36047099000,new_york,382,11.4,17.06854511,-5.66854511
36047099200,new_york,248,9.18,7.924681658,1.255318342
36047099400,new_york,343,10.8,4.998645354,5.801354646
36047099600,new_york,509,13.15,7.030615009,6.119384991
36047099800,new_york,627,14.6,3.169872663,11.43012734
36047100400,new_york,356,11,6.570035221,4.429964779
36047100600,new_york,492,12.93,6.095908968,6.834091032
36047100800,new_york,263,9.46,14.53535627,-5.075356272
36047101000,new_york,590,14.16,35.89813059,-21.73813059
36047101200,new_york,277,9.7,7.328637226,2.371362774
36047101400,new_york,318,10.4,3.860742346,6.539257654
36047101600,new_york,169,7.58,2.357084801,5.222915199
36047101800,new_york,363,11.11,1.435925224,9.674074776
36047102000,new_york,281,9.77,3.427255486,6.342744514
36047102200,new_york,449,12.35,8.182064481,4.167935519
36047102400,new_york,346,10.85,8.710376592,2.139623408
36047102600,new_york,393,11.56,6.488756435,5.071243565
36047102801,new_york,327,10.54,21.51178542,-10.97178542
36047102802,new_york,327,10.54,0.447033324,10.09296668
36047103401,new_york,1634,23.57,6.299105933,17.27089407
36047103402,new_york,34,3.4,0.040639393,3.359360607
36047105801,new_york,1837,24.99,1.706854511,23.28314549
36047105804,new_york,1356,21.47,20.72609049,0.74390951
36047107001,new_york,2035,26.3,32.02384178,-5.723841777
36047107002,new_york,102,5.89,0.230289894,5.659710106
36047107003,new_york,9,1.75,0.96179897,0.78820103
36047107800,new_york,1496,22.55,21.89108643,0.658913574
36047109800,new_york,1180,20.03,79.24681658,-59.21681658
36047110400,new_york,2577,29.6,86.76510431,-57.16510431
36047110600,new_york,2533,29.34,1.205635329,28.13436467
36047111000,new_york,2141,26.98,4.903820103,22.0761799
36047111600,new_york,1111,19.43,63.3839068,-43.9539068
36047111800,new_york,1625,23.5,11.89379572,11.60620428
36047112000,new_york,1433,22.07,31.49552967,-9.425529667
36047112200,new_york,1008,18.51,9.414792739,9.095207261
36047112400,new_york,1593,23.27,31.1026822,-7.8326822
36047112600,new_york,1423,21.99,21.05120564,0.938794365
36047112800,new_york,1816,24.85,27.45868328,-2.608683284
36047113000,new_york,2463,28.94,15.29395828,13.64604172
36047113200,new_york,945,17.92,11.36548361,6.554516391
36047113400,new_york,848,16.98,18.63993498,-1.659934977
36047114201,new_york,1159,19.85,39.82660526,-19.97660526
36047114202,new_york,1110,19.43,5.39149282,14.03850718
36047114400,new_york,2179,27.22,84.8279599,-57.6079599
36047114600,new_york,2578,29.6,46.55919805,-16.95919805
36047115000,new_york,1195,20.16,11.79897047,8.361029531
36047115200,new_york,1436,22.09,13.46518559,8.624814413
36047115600,new_york,2508,29.2,24.32945001,4.870549986
36047115800,new_york,1376,21.63,16.40476836,5.225231645
36047116000,new_york,769,16.17,1.273367651,14.89663235
36047116200,new_york,597,14.25,1.232728258,13.01727174
36047116400,new_york,817,16.67,33.28366296,-16.61366296
36047116600,new_york,1206,20.25,9.875372528,10.37462747
36047116800,new_york,1362,21.52,22.96125711,-1.441257112
36047117000,new_york,1016,18.58,63.64128962,-45.06128962
36047117201,new_york,1067,19.05,34.42156597,-15.37156597
36047117202,new_york,1226,20.41,19.18179355,1.228206448
36047117400,new_york,2209,27.4,81.40070442,-54.00070442
36047117601,new_york,1667,23.81,58.31752912,-34.50752912
36047117602,new_york,1958,25.8,49.5800596,-23.7800596
36047117800,new_york,1071,19.08,64.9823896,-45.9023896
36047118000,new_york,387,11.47,5.716607965,5.753392035
36047118201,new_york,1765,24.49,40.08398808,-15.59398808
36047118202,new_york,1683,23.92,33.6494175,-9.729417502
36047118400,new_york,2644,29.98,68.15226226,-38.17226226
36047118600,new_york,840,16.9,20.34678949,-3.446789488
36047118800,new_york,2806,30.88,68.84313194,-37.96313194
36047119000,new_york,1022,18.64,70.54998645,-51.90998645
36047119200,new_york,1414,21.92,41.47927391,-19.55927391
36047119400,new_york,1528,22.79,12.48984015,10.30015985
36047119600,new_york,3257,33.27,68.81603901,-35.54603901
36047119800,new_york,3108,32.5,85.78975887,-53.28975887
36047120000,new_york,1140,19.69,59.64508263,-39.95508263
36047120200,new_york,962,18.08,27.36385803,-9.283858033
36047120801,new_york,1178,20.01,24.47846112,-4.468461122
36047120802,new_york,540,13.55,12.88268762,0.667312381
36047120803,new_york,442,12.26,9.29287456,2.96712544
36047121000,new_york,677,15.17,3.765917096,11.4040829
36047121400,new_york,467,12.6,5.256028177,7.343971823
36047122000,new_york,3978,36.77,30.99431048,5.775689515
36047123700,new_york,1455,22.24,42.22432945,-19.98432945
36047150200,new_york,1054,18.93,53.84719588,-34.91719588
36047152200,new_york,1631,23.55,59.40124627,-35.85124627
36047990100,new_york,0,0,0.690869683,-0.690869683
36061000100,new_york,1,0.58,0.582497968,-0.002497968
36061000201,new_york,683,15.24,11.94798158,3.292018423
36061000202,new_york,2512,29.22,24.20753183,5.012468166
36061000500,new_york,35,3.45,17.67813601,-14.22813601
36061000600,new_york,3803,35.96,57.36927662,-21.40927662
36061000700,new_york,3256,33.27,83.06691953,-49.79691953
36061000800,new_york,3308,33.53,81.88837713,-48.35837713
36061000900,new_york,4258,38.05,67.09563804,-29.04563804
36061001001,new_york,420,11.95,6.895150366,5.054849634
36061001002,new_york,1469,22.35,5.906258467,16.44374153
36061001200,new_york,957,18.04,66.52668653,-48.48668653
36061001300,new_york,2076,26.57,98.10349499,-71.53349499
36061001401,new_york,443,12.27,45.12327283,-32.85327283
36061001402,new_york,3125,32.59,67.84069358,-35.25069358
36061001501,new_york,2975,31.8,70.57707938,-38.77707938
36061001502,new_york,3260,33.29,63.60065023,-30.31065023
36061001600,new_york,5981,45.09,84.54348415,-39.45348415
36061001800,new_york,10920,60.93,94.83879707,-33.90879707
36061002000,new_york,1343,21.37,5.093470604,16.2765294
36061002100,new_york,2577,29.6,87.82172853,-58.22172853
36061002201,new_york,4024,36.99,52.91248984,-15.92248984
36061002202,new_york,1996,26.05,26.5781631,-0.528163099
36061002400,new_york,2029,26.26,4.822541317,21.43745868
36061002500,new_york,1036,18.77,3.793010024,14.97698998
36061002601,new_york,3519,34.59,36.84638309,-2.256383094
36061002602,new_york,3495,34.47,69.16824709,-34.69824709
36061002700,new_york,437,12.19,42.59008399,-30.40008399
36061002800,new_york,3891,36.37,66.18802493,-29.81802493
36061002901,new_york,375,11.29,76.33432674,-65.04432674
36061002902,new_york,2193,27.3,90.59875373,-63.29875373
36061003001,new_york,9671,57.34,90.28718504,-32.94718504
36061003002,new_york,2971,31.78,72.92061772,-41.14061772
36061003100,new_york,1548,22.94,78.54240043,-55.60240043
36061003200,new_york,8355,53.29,72.8528854,-19.5628854
36061003300,new_york,5978,45.08,98.19832024,-53.11832024
36061003400,new_york,7822,51.57,89.51503658,-37.94503658
36061003601,new_york,1990,26.01,73.29991872,-47.28991872
36061003602,new_york,1751,24.4,79.93768626,-55.53768626
36061003700,new_york,2617,29.83,81.5226226,-51.6926226
36061003800,new_york,7193,49.45,83.14819832,-33.69819832
36061003900,new_york,1665,23.79,73.06962883,-49.27962883
36061004001,new_york,2648,30,88.10620428,-58.10620428
36061004002,new_york,2036,26.31,72.93416418,-46.62416418
36061004100,new_york,6200,45.91,94.87943647,-48.96943647
36061004200,new_york,1807,24.78,69.01923598,-44.23923598
36061004300,new_york,4855,40.63,95.50257383,-54.87257383
36061004400,new_york,1877,25.26,41.42508805,-16.16508805
36061004500,new_york,2277,27.82,95.48902736,-67.66902736
36061004700,new_york,3733,35.62,92.46816581,-56.84816581
36061004800,new_york,2850,31.13,80.47954484,-49.34954484
36061004900,new_york,4437,38.84,95.16391222,-56.32391222
36061005000,new_york,2639,29.95,81.2923327,-51.3423327
36061005200,new_york,5352,42.65,95.06908697,-52.41908697
36061005400,new_york,2290,27.9,86.52126795,-58.62126795
36061005501,new_york,1249,20.61,62.76076944,-42.15076944
36061005502,new_york,1996,26.05,95.21809808,-69.16809808
36061005600,new_york,2270,27.78,91.20834462,-63.42834462
36061005700,new_york,1097,19.31,85.87103766,-66.56103766
36061005800,new_york,1968,25.87,78.3662964,-52.4962964
36061005900,new_york,2405,28.59,74.30235708,-45.71235708
36061006000,new_york,402,11.69,1.557843403,10.1321566
36061006100,new_york,2703,30.31,94.43240314,-64.12240314
36061006200,new_york,1410,21.89,29.59902465,-7.709024655
36061006300,new_york,4188,37.73,93.17258196,-55.44258196
36061006400,new_york,3269,33.34,71.47114603,-38.13114603
36061006500,new_york,8203,52.81,93.01002438,-40.20002438
36061006600,new_york,10757,60.47,62.00216743,-1.532167434
36061006700,new_york,4496,39.09,94.05310214,-54.96310214
36061006800,new_york,3462,34.31,78.5153075,-44.2053075
36061006900,new_york,1023,18.65,76.63234896,-57.98234896
36061007001,new_york,582,14.07,46.31536169,-32.24536169
36061007002,new_york,3361,33.8,68.74830669,-34.94830669
36061007100,new_york,4421,38.77,93.56542942,-54.79542942
36061007200,new_york,3552,34.75,78.37984286,-43.62984286
36061007300,new_york,4669,39.84,92.64426985,-52.80426985
36061007400,new_york,3325,33.62,83.94743972,-50.32743972
36061007500,new_york,2161,27.1,62.23245733,-35.13245733
36061007600,new_york,2489,29.09,89.09509618,-60.00509618
36061007700,new_york,4230,37.92,93.41641831,-55.49641831
36061007800,new_york,2909,31.45,64.83337849,-33.38337849
36061007900,new_york,2305,27.99,70.23841777,-42.24841777
36061008000,new_york,2179,27.22,88.06556489,-60.84556489
36061008100,new_york,3231,33.14,94.26984557,-61.12984557
36061008200,new_york,1792,24.68,87.52370631,-62.84370631
36061008300,new_york,2979,31.82,85.51882959,-53.69882959
36061008400,new_york,1738,24.31,71.07829856,-46.76829856
36061008601,new_york,1155,19.81,23.29991872,-3.489918721
36061008602,new_york,86,5.41,7.017068545,-1.607068545
36061008603,new_york,751,15.98,28.7455974,-12.7655974
36061008700,new_york,4089,37.28,90.5716608,-53.2916608
36061008800,new_york,1969,25.87,83.77133568,-57.90133568
36061008900,new_york,5397,42.83,86.12842048,-43.29842048
36061009000,new_york,2801,30.86,61.55513411,-30.69513411
36061009100,new_york,3809,35.98,93.59252235,-57.61252235
36061009200,new_york,1485,22.47,91.72311027,-69.25311027
36061009300,new_york,4385,38.61,85.83039827,-47.22039827
36061009400,new_york,683,15.24,69.76429152,-54.52429152
36061009500,new_york,2290,27.9,88.4042265,-60.5042265
36061009600,new_york,1052,18.91,76.53752371,-57.62752371
36061009700,new_york,3322,33.6,51.81522623,-18.21522623
36061009800,new_york,3084,32.38,81.17041452,-48.79041452
36061009901,new_york,2376,28.42,52.79057166,-24.37057166
36061009902,new_york,1761,24.47,48.42861013,-23.95861013
36061009903,new_york,929,17.77,67.78650772,-50.01650772
36061010000,new_york,1314,21.13,86.49417502,-65.36417502
36061010100,new_york,1775,24.56,79.5041994,-54.9441994
36061010200,new_york,1300,21.02,77.79734489,-56.77734489
36061010300,new_york,1194,20.15,89.23056082,-69.08056082
36061010400,new_york,1067,19.05,82.79599025,-63.74599025
36061010601,new_york,859,17.09,35.13952858,-18.04952858
36061010602,new_york,1330,21.26,75.62991059,-54.36991059
36061010801,new_york,681,15.22,60.34949878,-45.12949878
36061010802,new_york,787,16.36,72.10782986,-55.74782986
36061010803,new_york,638,14.73,54.1045787,-39.3745787
36061010900,new_york,1655,23.72,95.73286372,-72.01286372
36061011000,new_york,2403,28.58,89.43375779,-60.85375779
36061011100,new_york,2960,31.72,85.76266594,-54.04266594
36061011201,new_york,746,15.92,73.39474397,-57.47474397
36061011202,new_york,365,11.14,62.42210783,-51.28210783
36061011203,new_york,432,12.12,80.57437009,-68.45437009
36061011300,new_york,1486,22.48,79.09780547,-56.61780547
36061011401,new_york,626,14.59,89.25765375,-74.66765375
36061011402,new_york,1044,18.84,86.26388513,-67.42388513
36061011500,new_york,2097,26.7,87.36114874,-60.66114874
36061011600,new_york,1177,20,62.40856137,-42.40856137
36061011700,new_york,1417,21.95,47.0333243,-25.0833243
36061011800,new_york,2029,26.26,75.5892712,-49.3292712
36061011900,new_york,2137,26.95,92.94229206,-65.99229206
36061012000,new_york,1180,20.03,80.27634787,-60.24634787
36061012101,new_york,2429,28.74,83.66296397,-54.92296397
36061012102,new_york,2268,27.77,63.23489569,-35.46489569
36061012200,new_york,1172,19.96,86.22324573,-66.26324573
36061012400,new_york,1838,25,45.43484151,-20.43484151
36061012500,new_york,2885,31.32,73.0425359,-41.7225359
36061012601,new_york,1853,25.1,72.69032782,-47.59032782
36061012602,new_york,1294,20.97,55.17474939,-34.20474939
36061012700,new_york,5002,41.24,91.12706584,-49.88706584
36061012800,new_york,1385,21.7,84.57057708,-62.87057708
36061012901,new_york,2966,31.75,52.66865348,-20.91865348
36061012902,new_york,2117,26.83,72.71742075,-45.88742075
36061013000,new_york,884,17.34,80.46599837,-63.12599837
36061013100,new_york,4234,37.94,82.6605256,-44.7205256
36061013201,new_york,996,18.4,21.32213492,-2.922134923
36061013202,new_york,560,13.8,34.17772961,-20.37772961
36061013203,new_york,958,18.05,42.84746681,-24.79746681
36061013300,new_york,3502,34.5,78.52885397,-44.02885397
36061013400,new_york,4420,38.76,77.55350853,-38.79350853
36061013501,new_york,1652,23.7,42.82037388,-19.12037388
36061013502,new_york,1516,22.7,50.48767272,-27.78767272
36061013601,new_york,311,10.28,2.885396911,7.394603089
36061013602,new_york,535,13.49,32.25413167,-18.76413167
36061013603,new_york,781,16.29,37.78108914,-21.49108914
36061013604,new_york,988,18.33,45.90896776,-27.57896776
36061013700,new_york,3803,35.96,89.00027093,-53.04027093
36061013800,new_york,3443,34.21,78.79978326,-44.58978326
36061013900,new_york,4983,41.16,86.06068816,-44.90068816
36061014000,new_york,1948,25.73,90.99160119,-65.26160119
36061014200,new_york,902,17.51,83.33784882,-65.82784882
36061014300,new_york,5250,42.25,49.241398,-6.991397995
36061014401,new_york,785,16.34,31.68518017,-15.34518017
36061014402,new_york,1567,23.08,29.40937415,-6.329374153
36061014500,new_york,1195,20.16,73.36765104,-53.20765104
36061014601,new_york,2222,27.48,75.11514495,-47.63514495
36061014602,new_york,2050,26.4,71.0647521,-44.6647521
36061014700,new_york,399,11.65,41.03224059,-29.38224059
36061014801,new_york,805,16.54,67.39366025,-50.85366025
36061014802,new_york,1941,25.69,89.93497697,-64.24497697
36061014900,new_york,1170,19.94,78.48821458,-58.54821458
36061015001,new_york,2154,27.06,65.26686535,-38.20686535
36061015002,new_york,772,16.2,77.63478732,-61.43478732
36061015101,new_york,1271,20.79,32.41668924,-11.62668924
36061015102,new_york,1335,21.3,34.70604172,-13.40604172
36061015200,new_york,2389,28.5,24.0314278,4.468572203
36061015301,new_york,4249,38.01,83.32430236,-45.31430236
36061015302,new_york,2781,30.75,73.95014901,-43.20014901
36061015401,new_york,1296,20.99,60.85071796,-39.86071796
36061015402,new_york,1045,18.85,59.86182606,-41.01182606
36061015403,new_york,376,11.31,29.99187212,-18.68187212
36061015501,new_york,560,13.8,17.44784611,-3.647846112
36061015502,new_york,327,10.54,8.561365484,1.978634516
36061015601,new_york,1307,21.08,55.91980493,-34.83980493
36061015602,new_york,1972,25.89,41.69601734,-15.80601734
36061015700,new_york,29417,100,91.11351937,8.886480629
36061015801,new_york,1354,21.45,86.03359523,-64.58359523
36061015802,new_york,1322,21.2,40.5716608,-19.3716608
36061015900,new_york,4508,39.15,79.89704687,-40.74704687
36061016001,new_york,1855,25.11,77.86507721,-52.75507721
36061016002,new_york,305,10.18,69.12760769,-58.94760769
36061016100,new_york,12695,65.69,86.50772148,-20.81772148
36061016200,new_york,2209,27.4,8.385261447,19.01473855
36061016300,new_york,2773,30.7,79.38228122,-48.68228122
36061016400,new_york,3554,34.76,40.85613655,-6.096136548
36061016500,new_york,2036,26.31,83.24302357,-56.93302357
36061016600,new_york,4276,38.13,83.58168518,-45.45168518
36061016700,new_york,2233,27.55,81.03494988,-53.48494988
36061016800,new_york,3159,32.77,64.48117041,-31.71117041
36061016900,new_york,5280,42.37,90.39555676,-48.02555676
36061017000,new_york,2448,28.85,67.02790572,-38.17790572
36061017100,new_york,2797,30.84,79.70739637,-48.86739637
36061017200,new_york,3512,34.55,79.26036305,-44.71036305
36061017300,new_york,3434,34.17,78.66431861,-44.49431861
36061017401,new_york,3527,34.63,47.81901924,-13.18901924
36061017402,new_york,1243,20.56,21.6337036,-1.073703603
36061017500,new_york,2243,27.61,75.07450555,-47.46450555
36061017700,new_york,3927,36.54,71.13248442,-34.59248442
36061017800,new_york,3574,34.86,42.7390951,-7.879095096
36061017900,new_york,3651,35.23,77.78379843,-42.55379843
36061018000,new_york,5462,43.09,50.01354646,-6.923546464
36061018100,new_york,2441,28.81,61.41966947,-32.60966947
36061018200,new_york,4107,37.36,75.9685722,-38.6085722
36061018300,new_york,6470,46.9,79.62611758,-32.72611758
36061018400,new_york,3936,36.58,59.73990788,-23.15990788
36061018500,new_york,807,16.56,49.40395557,-32.84395557
36061018600,new_york,3847,36.16,17.35302086,18.80697914
36061018700,new_york,6957,48.63,74.89840152,-26.26840152
36061018800,new_york,3847,36.16,67.73232186,-31.57232186
36061018900,new_york,7188,49.43,89.89433758,-40.46433758
36061019000,new_york,2222,27.48,24.77648334,2.703516662
36061019100,new_york,2998,31.92,72.02655107,-40.10655107
36061019200,new_york,2308,28.01,11.25711189,16.75288811
36061019300,new_york,4329,38.36,73.93660255,-35.57660255
36061019400,new_york,4082,37.25,47.0739637,-9.823963695
36061019500,new_york,4012,36.93,71.97236521,-35.04236521
36061019600,new_york,2132,26.92,74.47846112,-47.55846112
36061019701,new_york,763,16.11,2.763478732,13.34652127
36061019702,new_york,1912,25.49,32.67407207,-7.184072067
36061019800,new_york,1647,23.66,46.2340829,-22.5740829
36061019900,new_york,2171,27.17,71.99945814,-44.82945814
36061020000,new_york,6893,48.41,77.53996207,-29.12996207
36061020101,new_york,245,9.13,22.75806015,-13.62806015
36061020102,new_york,3022,32.05,72.09428339,-40.04428339
36061020300,new_york,369,11.2,82.98564075,-71.78564075
36061020500,new_york,462,12.53,42.15659713,-29.62659713
36061020600,new_york,2451,28.87,70.2655107,-41.3955107
36061020701,new_york,274,9.65,42.30560824,-32.65560824
36061020800,new_york,4487,39.06,45.70577079,-6.645770794
36061020901,new_york,1199,20.19,66.05256028,-45.86256028
36061021000,new_york,2397,28.55,13.28908155,15.26091845
36061021100,new_york,2708,30.34,70.04876727,-39.70876727
36061021200,new_york,1744,24.35,48.53698185,-24.18698185
36061021303,new_york,4525,39.22,77.95990247,-38.73990247
36061021400,new_york,2324,28.11,19.60173395,8.508266053
36061021500,new_york,2633,29.92,31.98320238,-2.063202384
36061021600,new_york,9754,57.58,85.57301544,-27.99301544
36061021703,new_york,324,10.49,37.45597399,-26.96597399
36061021800,new_york,10410,59.49,74.7900298,-15.3000298
36061021900,new_york,2617,29.83,65.70035221,-35.87035221
36061022000,new_york,3301,33.5,84.21836901,-50.71836901
36061022102,new_york,2079,26.58,61.86670279,-35.28670279
36061022200,new_york,3777,35.83,76.86263885,-41.03263885
36061022301,new_york,8265,53.01,67.16337036,-14.15337036
36061022302,new_york,598,14.26,18.24708751,-3.98708751
36061022400,new_york,8671,54.29,67.06854511,-12.77854511
36061022500,new_york,16395,74.65,68.50447033,6.145529667
36061022600,new_york,5074,41.53,80.07315091,-38.54315091
36061022700,new_york,4633,39.69,79.19263072,-39.50263072
36061022800,new_york,5175,41.94,82.01029531,-40.07029531
36061022900,new_york,7157,49.32,78.97588729,-29.65588729
36061023000,new_york,10216,58.93,75.73828231,-16.80828231
36061023100,new_york,5444,43.02,70.83446221,-27.81446221
36061023200,new_york,5084,41.57,77.40449743,-35.83449743
36061023300,new_york,5482,43.17,61.83960986,-18.66960986
36061023400,new_york,6733,47.84,41.73665673,6.103343267
36061023501,new_york,4157,37.59,51.3681929,-13.7781929
36061023502,new_york,1473,22.38,29.27390951,-6.89390951
36061023600,new_york,3685,35.39,20.06231374,15.32768626
36061023700,new_york,8470,53.66,51.5984828,2.061517204
36061023802,new_york,335,10.67,2.153887835,8.516112165
36061023803,new_york,330,10.59,3.874288811,6.715711189
36061023804,new_york,172,7.65,20.65835817,-13.00835817
36061023900,new_york,2398,28.55,42.72554863,-14.17554863
36061024000,new_york,1522,22.75,64.03413709,-41.28413709
36061024100,new_york,4063,37.16,61.52804118,-24.36804118
36061024200,new_york,2070,26.53,45.06908697,-18.53908697
36061024301,new_york,2359,28.32,48.2118667,-19.8918667
36061024302,new_york,2176,27.2,10.30885939,16.89114061
36061024500,new_york,11881,63.55,90.88322948,-27.33322948
36061024700,new_york,4155,37.58,35.19371444,2.386285559
36061024900,new_york,3025,32.07,39.67759415,-7.607594148
36061025100,new_york,5074,41.53,87.02248713,-45.49248713
36061025300,new_york,8604,54.08,86.15551341,-32.07551341
36061025500,new_york,2981,31.83,64.92820374,-33.09820374
36061025700,new_york,1942,25.69,79.80222162,-54.11222162
36061025900,new_york,2716,30.39,20.22487131,10.16512869
36061026100,new_york,7426,50.24,91.15415876,-40.91415876
36061026300,new_york,6607,47.39,95.00135465,-47.61135465
36061026500,new_york,5208,42.08,92.71200217,-50.63200217
36061026700,new_york,641,14.76,18.03034408,-3.27034408
36061026900,new_york,6169,45.79,90.11108101,-44.32108101
36061027100,new_york,9536,56.94,85.8168518,-28.8768518
36061027300,new_york,2339,28.2,78.70495801,-50.50495801
36061027500,new_york,577,14.01,26.87618532,-12.86618532
36061027700,new_york,6330,46.39,77.05228935,-30.66228935
36061027900,new_york,6441,46.79,74.05852073,-27.26852073
36061028100,new_york,1098,19.32,18.8973178,0.4226822
36061028300,new_york,7083,49.07,67.298835,-18.228835
36061028500,new_york,7060,48.99,75.29124898,-26.30124898
36061028700,new_york,6643,47.52,67.28528854,-19.76528854
36061029100,new_york,7800,51.49,86.84638309,-35.35638309
36061029300,new_york,7522,50.57,88.79707396,-38.22707396
36061029500,new_york,8989,55.28,79.7344893,-24.4544893
36061029700,new_york,1045,18.85,9.062584665,9.787415335
36061029900,new_york,2808,30.9,69.39853698,-38.49853698
36061030300,new_york,3612,35.04,78.50176104,-43.46176104
36061030700,new_york,1601,23.33,45.63803847,-22.30803847
36061030900,new_york,7717,51.22,78.08182064,-26.86182064
36061031100,new_york,1003,18.47,7.274451368,11.19554863
36061031703,new_york,765,16.13,59.6179897,-43.4879897
36061031704,new_york,2311,28.03,31.54971552,-3.519715524
36061031900,new_york,85,5.38,25.73828231,-20.35828231
36081000101,new_york,1938,25.67,50.83988079,-25.16988079
36081000102,new_york,818,16.68,26.65944189,-9.979441886
36081000103,new_york,197,8.18,58.30398266,-50.12398266
36081000104,new_york,441,12.24,92.33270116,-80.09270116
36081000200,new_york,1070,19.07,23.97724194,-4.90724194
36081000400,new_york,1518,22.72,49.82389596,-27.10389596
36081000600,new_york,2010,26.14,42.57653752,-16.43653752
36081000701,new_york,1788,24.65,85.96586291,-61.31586291
36081000702,new_york,3150,32.72,80.95367109,-48.23367109
36081000800,new_york,1845,25.04,29.00298022,-3.962980222
36081001000,new_york,1715,24.15,46.96559198,-22.81559198
36081001200,new_york,1149,19.76,61.62286643,-41.86286643
36081001400,new_york,1272,20.79,45.35356272,-24.56356272
36081001600,new_york,893,17.42,44.26984557,-26.84984557
36081001800,new_york,1142,19.7,65.33459767,-45.63459767
36081001901,new_york,1227,20.42,74.16689244,-53.74689244
36081001902,new_york,2182,27.24,85.39691141,-58.15691141
36081001903,new_york,2167,27.14,86.4264427,-59.2864427
36081002000,new_york,526,13.37,36.35871038,-22.98871038
36081002200,new_york,957,18.04,38.03847196,-19.99847196
36081002400,new_york,609,14.39,27.48577621,-13.09577621
36081002500,new_york,4728,40.09,34.24546193,5.844538066
36081002600,new_york,748,15.95,32.40314278,-16.45314278
36081002800,new_york,1267,20.75,47.16878895,-26.41878895
36081003000,new_york,465,12.57,22.83933893,-10.26933893
36081003100,new_york,1997,26.05,89.97561636,-63.92561636
36081003200,new_york,578,14.02,52.65510702,-38.63510702
36081003301,new_york,1376,21.63,82.59279328,-60.96279328
36081003302,new_york,1293,20.97,83.75778922,-62.78778922
36081003400,new_york,990,18.35,43.48415064,-25.13415064
36081003600,new_york,1135,19.64,24.84421566,-5.20421566
36081003700,new_york,795,16.44,12.51693308,3.92306692
36081003800,new_york,858,17.08,65.09076131,-48.01076131
36081003900,new_york,592,14.19,44.62205364,-30.43205364
36081004001,new_york,812,16.61,46.93849905,-30.32849905
36081004002,new_york,706,15.49,49.11947982,-33.62947982
36081004200,new_york,1008,18.51,38.41777296,-19.90777296
36081004300,new_york,2608,29.78,21.45759957,8.322400433
36081004401,new_york,916,17.65,37.36114874,-19.71114874
36081004500,new_york,748,15.95,27.81089136,-11.86089136
36081004700,new_york,1185,20.07,13.32972094,6.740279057
36081005000,new_york,62,4.59,0.460579789,4.129420211
36081005100,new_york,1538,22.87,80.1137903,-57.2437903
36081005200,new_york,787,16.36,19.10051477,-2.740514766
36081005300,new_york,1575,23.14,77.22839339,-54.08839339
36081005400,new_york,2437,28.78,76.10403685,-47.32403685
36081005500,new_york,1132,19.62,88.43131943,-68.81131943
36081005700,new_york,3500,34.49,89.13573557,-54.64573557
36081005800,new_york,2122,26.86,43.60606882,-16.74606882
36081005900,new_york,1312,21.12,85.11243565,-63.99243565
36081006100,new_york,2391,28.51,82.57924682,-54.06924682
36081006201,new_york,25612,93.31,10.71525332,82.59474668
36081006202,new_york,2529,29.32,35.00406394,-5.684063939
36081006300,new_york,3253,33.25,88.85125982,-55.60125982
36081006501,new_york,1070,19.07,75.72473584,-56.65473584
36081006502,new_york,3029,32.09,63.91221891,-31.82221891
36081006900,new_york,1925,25.58,53.48144134,-27.90144134
36081007100,new_york,2552,29.45,85.04470333,-55.59470333
36081007300,new_york,1132,19.62,51.39528583,-31.77528583
36081007500,new_york,1401,21.82,37.91655378,-16.09655378
36081007700,new_york,865,17.15,23.19154701,-6.041547006
36081007900,new_york,1186,20.08,23.96369548,-3.883695475
36081008100,new_york,1061,18.99,13.89867245,5.091327554
36081008300,new_york,2403,28.58,30.10024384,-1.520243836
36081008500,new_york,1177,20,57.17962612,-37.17962612
36081008600,new_york,1230,20.45,75.67054999,-55.22054999
36081008700,new_york,2771,30.69,6.542942292,24.14705771
36081008800,new_york,1598,23.31,63.70902195,-40.39902195
36081009100,new_york,882,17.32,3.589813059,13.73018694
36081009400,new_york,2226,27.51,49.68843132,-22.17843132
36081009500,new_york,757,16.04,29.88350041,-13.84350041
36081009600,new_york,2143,26.99,45.29937686,-18.30937686
36081009700,new_york,987,18.32,37.49661338,-19.17661338
36081009800,new_york,1988,26,62.43565429,-36.43565429
36081009900,new_york,472,12.67,8.20915741,4.46084259
36081010000,new_york,1597,23.3,31.45489027,-8.154890274
36081010100,new_york,704,15.47,53.00731509,-37.53731509
36081010200,new_york,2298,27.95,22.90707125,5.042928746
36081010300,new_york,1326,21.23,40.93741533,-19.70741533
36081010400,new_york,1859,25.14,22.33811975,2.801880249
36081010500,new_york,1031,18.72,19.11406123,-0.39406123
36081010600,new_york,1403,21.84,49.28203739,-27.44203739
36081010701,new_york,272,9.62,6.47520997,3.14479003
36081010800,new_york,1004,18.47,20.56353292,-2.093532918
36081011000,new_york,1326,21.23,25.23706313,-4.007063127
36081011100,new_york,997,18.41,25.19642373,-6.786423733
36081011200,new_york,1504,22.61,72.82579247,-50.21579247
36081011300,new_york,2248,27.64,75.12869141,-47.48869141
36081011400,new_york,547,13.64,38.11975075,-24.47975075
36081011500,new_york,1758,24.45,86.43998916,-61.98998916
36081011600,new_york,900,17.49,29.28745597,-11.79745597
36081011700,new_york,1784,24.63,81.34651856,-56.71651856
36081011800,new_york,713,15.57,17.92197237,-2.351972365
36081011900,new_york,782,16.3,44.31048496,-28.01048496
36081012000,new_york,634,14.68,42.75264156,-28.07264156
36081012100,new_york,562,13.82,32.76889732,-18.94889732
36081012200,new_york,1214,20.31,68.93795719,-48.62795719
36081012301,new_york,2605,29.76,64.7927391,-35.0327391
36081012400,new_york,1188,20.1,64.04768355,-43.94768355
36081012500,new_york,676,15.16,58.27688973,-43.11688973
36081012601,new_york,771,16.19,38.26876185,-22.07876185
36081012602,new_york,761,16.08,34.97697101,-18.89697101
36081012800,new_york,766,16.14,19.49336223,-3.353362232
36081013000,new_york,531,13.44,27.26903278,-13.82903278
36081013200,new_york,1066,19.04,64.76564617,-45.72564617
36081013400,new_york,1619,23.46,15.95773503,7.502264969
36081013500,new_york,433,12.13,5.675968572,6.454031428
36081013600,new_york,592,14.19,50.24383636,-36.05383636
36081013700,new_york,858,17.08,52.47900298,-35.39900298
36081013800,new_york,1480,22.43,15.15849363,7.271506367
36081014000,new_york,992,18.36,40.40910322,-22.04910322
36081014100,new_york,1184,20.06,85.2072609,-65.1472609
36081014201,new_york,1160,19.86,57.78921701,-37.92921701
36081014202,new_york,1722,24.19,94.32403143,-70.13403143
36081014300,new_york,2954,31.69,76.09049038,-44.40049038
36081014400,new_york,1313,21.13,70.63126524,-49.50126524
36081014500,new_york,574,13.97,47.79192631,-33.82192631
36081014700,new_york,1474,22.38,57.34218369,-34.96218369
36081014800,new_york,862,17.12,11.88024925,5.239750745
36081014900,new_york,1274,20.81,61.81251693,-41.00251693
36081015000,new_york,1123,19.54,9.834733135,9.705266865
36081015100,new_york,1041,18.81,39.62340829,-20.81340829
36081015200,new_york,779,16.27,34.23191547,-17.96191547
36081015300,new_york,1033,18.74,62.63885126,-43.89885126
36081015400,new_york,1111,19.43,33.85261447,-14.42261447
36081015500,new_york,3677,35.35,81.23814684,-45.88814684
36081015600,new_york,1238,20.51,33.32430236,-12.81430236
36081015700,new_york,1232,20.46,90.51747494,-70.05747494
36081015801,new_york,2101,26.72,46.2747223,-19.5547223
36081015802,new_york,4825,40.5,62.17827147,-21.67827147
36081015900,new_york,1867,25.19,76.75426714,-51.56426714
36081016100,new_york,985,18.3,51.80167976,-33.50167976
36081016300,new_york,1150,19.77,62.85559469,-43.08559469
36081016400,new_york,1012,18.55,12.17827147,6.371728529
36081016600,new_york,2457,28.9,54.15876456,-25.25876456
36081016800,new_york,1496,22.55,10.40368464,12.14631536
36081016900,new_york,2117,26.83,30.69628827,-3.866288269
36081017000,new_york,2120,26.85,15.84936332,11.00063668
36081017101,new_york,579,14.03,82.63343267,-68.60343267
36081017102,new_york,323,10.48,78.06827418,-67.58827418
36081017200,new_york,1333,21.29,23.74695205,-2.456952046
36081017400,new_york,801,16.5,14.42698456,2.073015443
36081017600,new_york,832,16.82,11.83960986,4.980390138
36081017800,new_york,1431,22.06,23.02898943,-0.968989434
36081017901,new_york,710,15.54,82.45732864,-66.91732864
36081017902,new_york,429,12.08,93.79571932,-81.71571932
36081018000,new_york,656,14.93,26.75426714,-11.82426714
36081018101,new_york,1125,19.56,79.66675698,-60.10675698
36081018102,new_york,1019,18.61,70.40097535,-51.79097535
36081018200,new_york,830,16.8,9.468978597,7.331021403
36081018300,new_york,2065,26.49,86.2367922,-59.7467922
36081018401,new_york,1185,20.07,16.37767543,3.692324573
36081018402,new_york,1417,21.95,9.753454348,12.19654565
36081018501,new_york,760,16.07,32.2812246,-16.2112246
36081018502,new_york,1390,21.74,63.88512598,-42.14512598
36081018600,new_york,870,17.2,6.81387158,10.38612842
36081018700,new_york,764,16.12,40.05689515,-23.93689515
36081018800,new_york,694,15.36,4.063939312,11.29606069
36081018900,new_york,1207,20.26,55.97399079,-35.71399079
36081019000,new_york,1183,20.05,24.04497426,-3.994974262
36081019200,new_york,905,17.54,15.33459767,2.20540233
36081019400,new_york,998,18.42,11.8260634,6.593936603
36081019600,new_york,1525,22.77,12.06989976,10.70010024
36081019800,new_york,914,17.63,7.613112978,10.01688702
36081019901,new_york,489,12.89,84.81441344,-71.92441344
36081019902,new_york,411,11.82,93.78217285,-81.96217285
36081019903,new_york,59,4.48,1.530750474,2.949249526
36081020200,new_york,547,13.64,18.57220266,-4.932202655
36081020400,new_york,1391,21.75,55.28312111,-33.53312111
36081020500,new_york,915,17.64,89.69114061,-72.05114061
36081020600,new_york,537,13.51,35.39691141,-21.88691141
36081020800,new_york,2504,29.18,79.3551883,-50.1751883
36081021200,new_york,1718,24.17,92.22432945,-68.05432945
36081021400,new_york,1782,24.61,88.63451639,-64.02451639
36081021601,new_york,727,15.72,80.70983473,-64.98983473
36081021602,new_york,626,14.59,36.14196695,-21.55196695
36081021603,new_york,23,2.8,4.659983744,-1.859983744
36081021900,new_york,946,17.93,91.16770523,-73.23770523
36081022001,new_york,2079,26.58,18.53156326,8.048436738
36081022002,new_york,1734,24.28,11.50094825,12.77905175
36081022900,new_york,403,11.7,6.800325115,4.899674885
36081023000,new_york,413,11.85,19.58818748,-7.738187483
36081023200,new_york,1167,19.92,16.52668653,3.393313465
36081023501,new_york,785,16.34,45.8547819,-29.5147819
36081023502,new_york,877,17.27,72.63614197,-55.36614197
36081023600,new_york,857,17.07,56.94933622,-39.87933622
36081023800,new_york,3548,34.73,73.40829044,-38.67829044
36081024000,new_york,2411,28.63,63.1942563,-34.5642563
36081024300,new_york,1489,22.5,74.20753183,-51.70753183
36081024500,new_york,746,15.92,47.60227581,-31.68227581
36081024600,new_york,293,9.98,45.58385261,-35.60385261
36081024700,new_york,312,10.3,33.55459225,-23.25459225
36081024900,new_york,1495,22.54,66.13383907,-43.59383907
36081025100,new_york,1450,22.2,77.10647521,-54.90647521
36081025301,new_york,1379,21.65,74.87130859,-53.22130859
36081025302,new_york,1735,24.29,73.24573286,-48.95573286
36081025401,new_york,1275,20.82,13.12652398,7.693476023
36081025402,new_york,9914,58.05,17.38011379,40.66988621
36081025500,new_york,607,14.36,75.95502574,-61.59502574
36081025700,new_york,430,12.09,66.51314007,-54.42314007
36081025800,new_york,682,15.23,32.6605256,-17.4305256
36081025900,new_york,936,17.84,71.05120564,-53.21120564
36081026000,new_york,1075,19.12,15.60552696,3.514473043
36081026100,new_york,2059,26.46,87.68626389,-61.22626389
36081026200,new_york,641,14.76,5.987537253,8.772462747
36081026300,new_york,1653,23.7,74.12625305,-50.42625305
36081026400,new_york,1083,19.19,6.719046329,12.47095367
36081026501,new_york,2974,31.8,68.54510973,-36.74510973
36081026502,new_york,1055,18.94,11.24356543,7.696434571
36081026600,new_york,2045,26.37,6.637767543,19.73223246
36081026700,new_york,1948,25.73,85.68138716,-59.95138716
36081026901,new_york,1302,21.04,67.97615822,-46.93615822
36081026902,new_york,1673,23.85,56.61067461,-32.76067461
36081027000,new_york,865,17.15,13.34326741,3.806732593
36081027101,new_york,1375,21.62,46.66756976,-25.04756976
36081027102,new_york,3068,32.29,27.60769439,4.682305608
36081027200,new_york,1112,19.44,11.13519371,8.304806286
36081027301,new_york,1310,21.1,68.92441073,-47.82441073
36081027302,new_york,2179,27.22,52.19452723,-24.97452723
36081027400,new_york,396,11.6,4.294229206,7.305770794
36081027500,new_york,1849,25.07,66.3099431,-41.2399431
36081027600,new_york,526,13.37,22.36521268,-8.995212679
36081027701,new_york,1095,19.29,59.55025738,-40.26025738
36081027702,new_york,1258,20.68,31.33297209,-10.65297209
36081027800,new_york,467,12.6,11.41966947,1.180330534
36081027900,new_york,1352,21.44,63.69547548,-42.25547548
36081028000,new_york,437,12.19,10.01083717,2.179162829
36081028100,new_york,2718,30.4,77.91926307,-47.51926307
36081028200,new_york,727,15.72,9.550257383,6.169742617
36081028300,new_york,3227,33.12,88.3635871,-55.2435871
36081028400,new_york,968,18.14,37.69981035,-19.55981035
36081028500,new_york,3433,34.16,82.2812246,-48.1212246
36081028700,new_york,2416,28.66,81.02140341,-52.36140341
36081028801,new_york,1381,21.67,13.8038472,7.866152804
36081028802,new_york,536,13.5,3.738824167,9.761175833
36081028803,new_york,652,14.89,0.081278786,14.80872121
36081028900,new_york,1786,24.64,80.03251151,-55.39251151
36081029100,new_york,2340,28.2,86.41289623,-58.21289623
36081029300,new_york,388,11.48,73.70631265,-62.22631265
36081029400,new_york,2838,31.06,53.58981306,-22.52981306
36081029500,new_york,949,17.96,65.07721485,-47.11721485
36081029700,new_york,1745,24.36,81.6716337,-57.3116337
36081029900,new_york,154,7.24,7.057707938,0.182292062
36081030600,new_york,1574,23.13,77.28257925,-54.15257925
36081030903,new_york,1978,25.93,54.5245191,-28.5945191
36081030904,new_york,1174,19.98,26.70008128,-6.720081279
36081030905,new_york,788,16.37,11.18937957,5.180620428
36081030906,new_york,1002,18.46,21.52533189,-3.065331888
36081031700,new_york,1614,23.42,32.78244378,-9.362443782
36081032000,new_york,1823,24.89,57.58602005,-32.69602005
36081032700,new_york,905,17.54,51.86941208,-34.32941208
36081032800,new_york,606,14.35,25.81956109,-11.46956109
36081032900,new_york,1382,21.67,47.2229748,-25.5529748
36081033000,new_york,2034,26.3,59.44188567,-33.14188567
36081033100,new_york,41,3.73,48.61826063,-44.88826063
36081033401,new_york,1014,18.57,17.77296126,0.797038743
36081033403,new_york,438,12.2,27.01164996,-14.81164996
36081033404,new_york,252,9.26,6.448117041,2.811882959
36081033405,new_york,447,12.33,4.95800596,7.37199404
36081033700,new_york,1270,20.78,39.85369818,-19.07369818
36081033900,new_york,775,16.23,45.27228393,-29.04228393
36081034700,new_york,1311,21.11,20.40097535,0.709024655
36081035100,new_york,1412,21.91,39.06800325,-17.15800325
36081035200,new_york,1629,23.53,68.39609862,-44.86609862
36081035300,new_york,1296,20.99,54.26713628,-33.27713628
36081035700,new_york,1239,20.52,47.23652127,-26.71652127
36081035800,new_york,1256,20.66,27.58060146,-6.920601463
36081036100,new_york,768,16.16,33.58168518,-17.42168518
36081036300,new_york,1292,20.96,25.1693308,-4.209330805
36081036500,new_york,823,16.73,27.79734489,-11.06734489
36081036600,new_york,1363,21.53,52.95312923,-31.42312923
36081036700,new_york,848,16.98,14.33215931,2.647840694
36081036800,new_york,605,14.34,10.62042807,3.719571932
36081037100,new_york,425,12.02,6.502302899,5.517697101
36081037300,new_york,1185,20.07,42.21078299,-22.14078299
36081037501,new_york,334,10.66,32.11866703,-21.45866703
36081037502,new_york,1003,18.47,69.94039556,-51.47039556
36081037600,new_york,1894,25.37,7.802763479,17.56723652
36081037700,new_york,1106,19.39,25.41316716,-6.023167163
36081037900,new_york,1393,21.76,25.5892712,-3.8292712
36081038100,new_york,2110,26.78,27.93280954,-1.152809537
36081038301,new_york,5756,44.23,53.44080195,-9.210801951
36081038302,new_york,5685,43.96,89.7724194,-45.8124194
36081038400,new_york,667,15.06,10.32240585,4.737594148
36081039400,new_york,1497,22.56,17.27174208,5.288257925
36081039800,new_york,408,11.78,8.764562449,3.015437551
36081039901,new_york,742,15.88,56.85451097,-40.97451097
36081039902,new_york,380,11.37,14.19669466,-2.826694663
36081040000,new_york,537,13.51,11.06746139,2.442538607
36081040101,new_york,523,13.33,28.71850447,-15.38850447
36081040102,new_york,1513,22.68,37.00894067,-14.32894067
36081040200,new_york,503,13.08,7.762124086,5.317875914
36081040301,new_york,395,11.59,39.52858304,-27.93858304
36081040302,new_york,1248,20.6,30.70983473,-10.10983473
36081040400,new_york,1048,18.87,16.83825522,2.031744785
36081040501,new_york,2952,31.68,54.03684638,-22.35684638
36081040502,new_york,486,12.85,48.34733135,-35.49733135
36081040701,new_york,1689,23.96,40.09753454,-16.13753454
36081040702,new_york,1271,20.79,46.91140612,-26.12140612
36081040901,new_york,302,10.13,29.1248984,-18.9948984
36081040902,new_york,1124,19.55,21.30858846,-1.758588458
36081041100,new_york,1649,23.68,28.08182064,-4.401820645
36081041300,new_york,3501,34.5,37.56434571,-3.064345706
36081041400,new_york,1246,20.58,16.18802493,4.391975075
36081041500,new_york,1052,18.91,44.40531021,-25.49531021
36081042400,new_york,1166,19.91,16.68924411,3.220755893
36081042600,new_york,96,5.71,1.73394744,3.97605256
36081042700,new_york,1668,23.81,23.59794094,0.212059063
36081043200,new_york,493,12.95,5.472771607,7.477228393
36081043400,new_york,578,14.02,6.529395828,7.490604172
36081043701,new_york,852,17.02,29.95123273,-12.93123273
36081043702,new_york,1641,23.62,23.58439447,0.035605527
36081043900,new_york,1619,23.46,47.25006773,-23.79006773
36081044000,new_york,1352,21.44,25.79246817,-4.352468166
36081044301,new_york,910,17.59,4.510972636,13.07902736
36081044302,new_york,1725,24.22,49.97290707,-25.75290707
36081044400,new_york,2278,27.83,81.06204281,-53.23204281
36081044601,new_york,1549,22.95,64.57599567,-41.62599567
36081044602,new_york,2190,27.28,54.67353021,-27.39353021
36081044800,new_york,421,11.96,18.05743701,-6.097437009
36081045000,new_york,511,13.18,17.36656733,-4.186567326
36081045200,new_york,259,9.38,6.759685722,2.620314278
36081045400,new_york,890,17.39,58.2904362,-40.9004362
36081045500,new_york,1965,25.85,47.34489298,-21.49489298
36081045600,new_york,542,13.57,11.66350582,1.906494175
36081045700,new_york,493,12.95,16.93308047,-3.983080466
36081045800,new_york,466,12.59,50.71796261,-38.12796261
36081045900,new_york,801,16.5,5.052831211,11.44716879
36081046000,new_york,1151,19.78,68.34191276,-48.56191276
36081046100,new_york,3928,36.54,44.08019507,-7.540195069
36081046200,new_york,1810,24.81,57.27445137,-32.46445137
36081046300,new_york,1104,19.37,50.43348686,-31.06348686
36081046400,new_york,495,12.97,2.465456516,10.50454348
36081046500,new_york,1430,22.05,67.1091845,-45.0591845
36081046600,new_york,753,16,50.59604443,-34.59604443
36081046700,new_york,1118,19.49,29.93768626,-10.44768626
36081046800,new_york,1442,22.14,58.56136548,-36.42136548
36081046901,new_york,554,13.72,37.33405581,-23.61405581
36081046902,new_york,2089,26.65,32.18639935,-5.53639935
36081047000,new_york,854,17.04,69.10051477,-52.06051477
36081047100,new_york,1233,20.47,59.11677052,-38.64677052
36081047200,new_york,1062,19,13.42454619,5.575453807
36081047300,new_york,1167,19.92,87.75399621,-67.83399621
36081047500,new_york,823,16.73,78.89460851,-62.16460851
36081047600,new_york,546,13.62,4.226496884,9.393503116
36081047801,new_york,1071,19.08,21.40341371,-2.323413709
36081047802,new_york,471,12.65,35.46464373,-22.81464373
36081047900,new_york,1663,23.78,78.88106204,-55.10106204
36081048000,new_york,877,17.27,40.28718504,-23.01718504
36081048100,new_york,1095,19.29,51.28691412,-31.99691412
36081048200,new_york,632,14.66,24.30235708,-9.642357085
36081048301,new_york,636,14.7,15.25331888,-0.553318884
36081048302,new_york,448,12.34,39.84015172,-27.50015172
36081048400,new_york,1209,20.27,19.14115416,1.128845841
36081048500,new_york,1193,20.14,84.69249526,-64.55249526
36081048900,new_york,995,18.39,71.38986724,-52.99986724
36081049201,new_york,884,17.34,5.689515037,11.65048496
36081049202,new_york,289,9.91,17.69168247,-7.781682471
36081049301,new_york,476,12.72,10.57978868,2.140211325
36081049302,new_york,838,16.88,77.71606611,-60.83606611
36081049500,new_york,387,11.47,13.15361691,-1.683616906
36081049600,new_york,938,17.86,16.10674614,1.753253861
36081049700,new_york,671,15.1,18.85667841,-3.756678407
36081049900,new_york,871,17.21,73.09672176,-55.88672176
36081050000,new_york,1300,21.02,45.92251422,-24.90251422
36081050201,new_york,528,13.4,7.938228122,5.461771878
36081050202,new_york,281,9.77,3.684638309,6.085361691
36081050400,new_york,524,13.35,8.534272555,4.815727445
36081050500,new_york,312,10.3,13.53291791,-3.232917908
36081050600,new_york,307,10.22,10.70170685,-0.481706855
36081050700,new_york,736,15.82,32.75535085,-16.93535085
36081050800,new_york,851,17.01,21.80980764,-4.79980764
36081051000,new_york,440,12.23,14.87401788,-2.644017881
36081051100,new_york,580,14.04,32.43023571,-18.39023571
36081051200,new_york,893,17.42,28.02763479,-10.60763479
36081051300,new_york,720,15.64,14.29151991,1.348480087
36081051500,new_york,1266,20.75,32.29477106,-11.54477106
36081051600,new_york,520,13.3,7.978867516,5.321132484
36081051700,new_york,600,14.28,61.37903007,-47.09903007
36081051800,new_york,536,13.5,4.74126253,8.75873747
36081052000,new_york,454,12.42,12.82850176,-0.408501761
36081052100,new_york,584,14.09,47.12814955,-33.03814955
36081052200,new_york,497,13,5.703061501,7.296938499
36081052400,new_york,722,15.67,7.99241398,7.67758602
36081052500,new_york,638,14.73,40.23299919,-25.50299919
36081052600,new_york,719,15.63,13.88512598,1.744874018
36081052800,new_york,574,13.97,15.1720401,-1.202040098
36081053000,new_york,528,13.4,12.69303712,0.706962883
36081053100,new_york,1076,19.13,73.25927933,-54.12927933
36081053200,new_york,477,12.73,19.99458141,-7.264581414
36081053401,new_york,500,13.04,14.72500677,-1.685006773
36081053501,new_york,699,15.41,76.83554592,-61.42554592
36081053502,new_york,261,9.42,63.16716337,-53.74716337
36081053601,new_york,333,10.64,4.185857491,6.454142509
36081053800,new_york,381,11.38,11.56868057,-0.188680574
36081053901,new_york,2042,26.35,64.39989163,-38.04989163
36081053902,new_york,217,8.59,0.108371715,8.481628285
36081054000,new_york,3400,34,73.02898943,-39.02898943
36081054200,new_york,1870,25.21,38.47195882,-13.26195882
36081054500,new_york,2134,26.93,53.27824438,-26.34824438
36081054700,new_york,1717,24.16,43.63316174,-19.47316174
36081054800,new_york,399,11.65,35.32917908,-23.67917908
36081054900,new_york,4112,37.39,77.43159035,-40.04159035
36081055100,new_york,2378,28.43,71.70143593,-43.27143593
36081055200,new_york,1160,19.86,33.59523164,-13.73523164
36081055300,new_york,2046,26.37,78.35274993,-51.98274993
36081055400,new_york,615,14.46,16.48604714,-2.026047142
36081055500,new_york,948,17.95,65.60552696,-47.65552696
36081055600,new_york,383,11.41,8.778108914,2.631891086
36081055700,new_york,1928,25.6,83.28366296,-57.68366296
36081055800,new_york,485,12.84,12.02926036,0.810739637
36081055900,new_york,1466,22.32,34.69249526,-12.37249526
36081056000,new_york,482,12.8,25.92793281,-13.12793281
36081056100,new_york,561,13.81,1.286914115,12.52308588
36081056200,new_york,295,10.01,6.664860471,3.345139529
36081056400,new_york,694,15.36,23.85532376,-8.49532376
36081056500,new_york,631,14.65,9.685722027,4.964277973
36081056600,new_york,835,16.85,14.99593606,1.854063939
36081056700,new_york,1590,23.25,25.18287727,-1.932877269
36081056800,new_york,1898,25.4,90.74776483,-65.34776483
36081057700,new_york,1288,20.92,54.11812517,-33.19812517
36081057900,new_york,531,13.44,17.298835,-3.858835004
36081058000,new_york,826,16.76,10.4172311,6.342768897
36081058100,new_york,832,16.82,64.26442698,-47.44442698
36081058200,new_york,1180,20.03,11.69059875,8.339401246
36081058300,new_york,1404,21.85,57.3015443,-35.4515443
36081058500,new_york,1350,21.42,74.07206719,-52.65206719
36081058700,new_york,841,16.91,41.83148198,-24.92148198
36081058900,new_york,2071,26.53,60.14630182,-33.61630182
36081059000,new_york,220,8.65,10.26821999,-1.618219995
36081059100,new_york,1815,24.84,30.33053373,-5.490533731
36081059200,new_york,232,8.88,3.901381739,4.978618261
36081059300,new_york,1586,23.22,50.4199404,-27.1999404
36081059400,new_york,282,9.79,3.454348415,6.335651585
36081059501,new_york,1442,22.14,49.49878082,-27.35878082
36081059502,new_york,1287,20.92,52.98022216,-32.06022216
36081059600,new_york,293,9.98,11.77187754,-1.79187754
36081059800,new_york,357,11.02,11.97507451,-0.955074506
36081059900,new_york,269,9.56,21.70143593,-12.14143593
36081060000,new_york,279,9.74,8.95421295,0.78578705
36081060100,new_york,664,15.02,60.76943918,-45.74943918
36081060300,new_york,432,12.12,51.7474939,-39.6274939
36081060600,new_york,635,14.69,10.43077757,4.259222433
36081060701,new_york,60,4.52,0.86697372,3.65302628
36081060800,new_york,688,15.29,7.55892712,7.73107288
36081061000,new_york,358,11.03,3.210512056,7.819487944
36081061200,new_york,290,9.93,4.416147386,5.513852614
36081061301,new_york,2197,27.33,90.77485776,-63.44485776
36081061302,new_york,41,3.73,1.164995936,2.565004064
36081061400,new_york,405,11.73,3.508534273,8.221465727
36081061601,new_york,363,11.11,3.494987808,7.615012192
36081061602,new_york,525,13.36,14.04768355,-0.687683555
36081061800,new_york,364,11.12,8.236250339,2.883749661
36081061900,new_york,756,16.03,51.20563533,-35.17563533
36081062000,new_york,286,9.86,4.334868599,5.525131401
36081062100,new_york,961,18.07,61.97507451,-43.90507451
36081062200,new_york,938,17.86,12.74722297,5.112777025
36081062300,new_york,761,16.08,36.1961528,-20.1161528
36081062400,new_york,11,1.93,0.21674343,1.71325657
36081062500,new_york,711,15.55,46.15280412,-30.60280412
36081062600,new_york,717,15.61,15.07721485,0.532785153
36081062700,new_york,478,12.75,43.47060417,-30.72060417
36081062900,new_york,879,17.29,65.89000271,-48.60000271
36081063000,new_york,350,10.91,12.19181794,-1.281817936
36081063200,new_york,589,14.15,32.71471146,-18.56471146
36081063301,new_york,561,13.81,36.65673259,-22.84673259
36081063302,new_york,383,11.41,41.5199133,-30.1099133
36081063500,new_york,655,14.92,27.1471146,-12.2271146
36081063700,new_york,948,17.95,88.66160932,-70.71160932
36081063800,new_york,1147,19.75,20.6854511,-0.935451097
36081063900,new_york,618,14.49,11.05391493,3.436085072
36081064101,new_york,156,7.28,5.228935248,2.051064752
36081064102,new_york,873,17.23,3.102140341,14.12785966
36081064500,new_york,599,14.27,67.81360065,-53.54360065
36081064600,new_york,553,13.71,5.377946356,8.332053644
36081065000,new_york,637,14.72,5.892712002,8.827287998
36081065401,new_york,959,18.06,60.10566242,-42.04566242
36081065402,new_york,183,7.89,0.514765646,7.375234354
36081065501,new_york,156,7.28,0.474126253,6.805873747
36081065600,new_york,1151,19.78,28.66431861,-8.884318613
36081065702,new_york,417,11.91,12.40856137,-0.498561365
36081065703,new_york,765,16.13,35.92522352,-19.79522352
36081065900,new_york,442,12.26,24.46491466,-12.20491466
36081066000,new_york,815,16.64,4.470333243,12.16966676
36081066100,new_york,268,9.54,6.16364129,3.37635871
36081066301,new_york,507,13.13,18.5180168,-5.388016798
36081066302,new_york,257,9.35,0.975345435,8.374654565
36081066401,new_york,772,16.2,11.70414522,4.495854782
36081066402,new_york,602,14.31,3.928474668,10.38152533
36081066403,new_york,980,18.25,5.147656462,13.10234354
36081066404,new_york,1,0.58,0.988891899,-0.408891899
36081066501,new_york,781,16.29,23.47602276,-7.186022758
36081066701,new_york,634,14.68,14.27797345,0.402026551
36081066900,new_york,303,10.15,15.41587646,-5.265876456
36081067100,new_york,437,12.19,20.0758602,-7.8858602
36081067700,new_york,495,12.97,24.01788133,-11.04788133
36081067900,new_york,1209,20.27,43.8769981,-23.6069981
36081068000,new_york,1505,22.62,49.95936061,-27.33936061
36081068200,new_york,434,12.15,29.86995394,-17.71995394
36081068300,new_york,1048,18.87,91.5199133,-72.6499133
36081068700,new_york,946,17.93,61.43321593,-43.50321593
36081069000,new_york,817,16.67,5.960444324,10.70955568
36081069300,new_york,804,16.53,85.30208616,-68.77208616
36081069400,new_york,1332,21.28,2.641560553,18.63843945
36081069500,new_york,727,15.72,44.83879707,-29.11879707
36081069701,new_york,1588,23.23,43.37577892,-20.14577892
36081069702,new_york,788,16.37,30.64210241,-14.27210241
36081070300,new_york,579,14.03,11.2164725,2.813527499
36081070700,new_york,630,14.63,15.76808453,-1.13808453
36081070900,new_york,683,15.24,9.279328095,5.960671905
36081071100,new_york,2330,28.14,89.17637497,-61.03637497
36081071303,new_york,817,16.67,75.23706313,-58.56706313
36081071304,new_york,1038,18.78,41.12706584,-22.34706584
36081071305,new_york,2711,30.36,64.65727445,-34.29727445
36081071306,new_york,2199,27.34,72.33811975,-44.99811975
36081071600,new_york,111,6.14,97.79192631,-91.65192631
36081071701,new_york,921,17.69,71.85044703,-54.16044703
36081071702,new_york,590,14.16,71.02411271,-56.86411271
36081071900,new_york,702,15.45,8.656190734,6.793809266
36081072100,new_york,2278,27.83,26.13112978,1.698870225
36081072300,new_york,2863,31.2,14.7927391,16.4072609
36081072900,new_york,514,13.22,27.77025196,-14.55025196
36081073100,new_york,823,16.73,30.79111352,-14.06111352
36081073700,new_york,1531,22.81,83.67651043,-60.86651043
36081073900,new_york,1075,19.12,59.48252506,-40.36252506
36081074100,new_york,577,14.01,7.897588729,6.112411271
36081074300,new_york,836,16.86,44.60850718,-27.74850718
36081074500,new_york,2105,26.75,24.64101869,2.108981306
36081074700,new_york,812,16.61,10.6068816,6.003118396
36081074900,new_york,503,13.08,3.643998916,9.436001084
36081075701,new_york,607,14.36,76.84909239,-62.48909239
36081075702,new_york,838,16.88,19.56109455,-2.681094554
36081076901,new_york,1043,18.83,78.325657,-59.495657
36081076902,new_york,381,11.38,73.6114874,-62.2314874
36081077300,new_york,988,18.33,48.46924953,-30.13924953
36081077500,new_york,717,15.61,51.04307776,-35.43307776
36081077902,new_york,1458,22.26,41.91276077,-19.65276077
36081077903,new_york,396,11.6,9.333513953,2.266486047
36081077904,new_york,1264,20.73,33.080466,-12.350466
36081077905,new_york,570,13.92,4.172311027,9.747688973
36081077906,new_york,778,16.26,26.02275806,-9.76275806
36081077907,new_york,937,17.85,13.20780276,4.642197237
36081077908,new_york,712,15.56,3.603359523,11.95664048
36081078800,new_york,794,16.43,28.61013276,-12.18013276
36081079000,new_york,1014,18.57,23.24573286,-4.675732864
36081079200,new_york,1295,20.98,16.1202926,4.859707396
36081079300,new_york,1,0.58,0.758602005,-0.178602005
36081079701,new_york,1097,19.31,27.55350853,-8.243508534
36081079702,new_york,628,14.61,15.23977242,-0.629772419
36081079900,new_york,746,15.92,45.55675969,-29.63675969
36081080301,new_york,953,18,40.5310214,-22.5310214
36081080302,new_york,986,18.31,13.43809266,4.871907342
36081080900,new_york,1654,23.71,46.41018694,-22.70018694
36081081400,new_york,2099,26.71,33.79842861,-7.08842861
36081081800,new_york,1452,22.22,25.15578434,-2.93578434
36081083700,new_york,1631,23.55,30.46599837,-6.915998374
36081083800,new_york,1838,25,16.06610675,8.933893254
36081084000,new_york,2952,31.68,57.92468166,-26.24468166
36081084500,new_york,1152,19.79,27.16066107,-7.370661067
36081084601,new_york,993,18.37,9.699268491,8.670731509
36081084602,new_york,1229,20.44,52.41127066,-31.97127066
36081084901,new_york,1174,19.98,63.14007044,-43.16007044
36081084902,new_york,562,13.82,55.66242211,-41.84242211
36081085300,new_york,1330,21.26,80.65564888,-59.39564888
36081085500,new_york,1377,21.64,42.23787591,-20.59787591
36081085700,new_york,1312,21.12,27.41804389,-6.298043891
36081085900,new_york,801,16.5,31.02140341,-14.52140341
36081086100,new_york,461,12.52,6.651314007,5.868685993
36081086300,new_york,1545,22.92,27.7567055,-4.8367055
36081086400,new_york,1483,22.45,81.76645895,-59.31645895
36081086500,new_york,1070,19.07,40.27363858,-21.20363858
36081086900,new_york,2486,29.07,78.31211054,-49.24211054
36081087100,new_york,2859,31.18,82.74180439,-51.56180439
36081088400,new_york,2429,28.74,61.32484422,-32.58484422
36081088902,new_york,2329,28.14,49.89162829,-21.75162829
36081088903,new_york,527,13.38,43.67380114,-30.29380114
36081089201,new_york,2331,28.15,53.73882417,-25.58882417
36081089202,new_york,45,3.91,0.243836359,3.666163641
36081090700,new_york,1117,19.49,55.18829585,-35.69829585
36081091602,new_york,12,2.02,0.65023029,1.36976971
36081091603,new_york,109,6.09,7.355730154,-1.265730154
36081091604,new_york,3,1.01,0.067732322,0.942267678
36081091800,new_york,82,5.28,0.609590897,4.670409103
36081091900,new_york,1681,23.9,20.61771878,3.282281225
36081092200,new_york,898,17.47,2.221620157,15.24837984
36081092500,new_york,1156,19.82,67.47493904,-47.65493904
36081092800,new_york,1089,19.24,8.005960444,11.23403956
36081092900,new_york,3330,33.65,20.10295313,13.54704687
36081093401,new_york,1568,23.09,14.92820374,8.161796261
36081093402,new_york,886,17.35,13.72256841,3.62743159
36081093800,new_york,2755,30.6,51.9777838,-21.3777838
36081093900,new_york,1485,22.47,5.405039285,17.06496072
36081094201,new_york,1949,25.74,24.80357627,0.936423733
36081094202,new_york,2862,31.19,44.39176375,-13.20176375
36081094203,new_york,1246,20.58,5.784340287,14.79565971
36081094500,new_york,2066,26.5,56.43457058,-29.93457058
36081094700,new_york,3403,34.01,23.06962883,10.94037117
36081095400,new_york,1926,25.59,24.65456516,0.935434842
36081096400,new_york,2099,26.71,7.084800867,19.62519913
36081097202,new_york,2175,27.19,1.259821187,25.93017881
36081097204,new_york,1141,19.69,43.22676781,-23.53676781
36081097205,new_york,850,17,1.896505012,15.10349499
36081097206,new_york,658,14.96,2.1674343,12.7925657
36081097207,new_york,39,3.64,0.203196966,3.436803034
36081097300,new_york,926,17.74,12.9639664,4.776033595
36081098100,new_york,878,17.28,27.91926307,-10.63926307
36081098700,new_york,1013,18.56,31.08913574,-12.52913574
36081099100,new_york,4977,41.13,17.48848551,23.64151449
36081099200,new_york,1460,22.28,6.556488756,15.72351124
36081099701,new_york,800,16.49,14.12896234,2.361037659
36081099703,new_york,678,15.18,5.82497968,9.35502032
36081099704,new_york,1207,20.26,52.93958277,-32.67958277
36081099705,new_york,423,11.99,3.671091845,8.318908155
36081099801,new_york,1796,24.71,61.75833108,-37.04833108
36081099802,new_york,1259,20.69,0.907613113,19.78238689
36081099900,new_york,204,8.33,3.020861555,5.309138445
36081100801,new_york,637,14.72,1.544296938,13.17570306
36081100803,new_york,2318,28.07,31.19750745,-3.127507451
36081100804,new_york,1198,20.18,2.26225955,17.91774045
36081101002,new_york,2182,27.24,3.887835275,23.35216473
36081101003,new_york,1130,19.6,34.78732051,-15.18732051
36081101004,new_york,2136,26.95,9.238688702,17.7113113
36081101700,new_york,1068,19.05,40.70712544,-21.65712544
36081102900,new_york,847,16.97,14.10186941,2.868130588
36081103201,new_york,1749,24.38,12.65239772,11.72760228
36081103202,new_york,2262,27.73,57.45055541,-29.72055541
36081103300,new_york,1057,18.96,5.648875643,13.31112436
36081103900,new_york,2096,26.69,33.62232457,-6.932324573
36081104700,new_york,1560,23.03,26.86263885,-3.832638851
36081105900,new_york,783,16.31,8.358168518,7.951831482
36081107201,new_york,755,16.02,48.95692224,-32.93692224
36081107202,new_york,18,2.47,9.319967488,-6.849967488
36081108500,new_york,524,13.35,25.04741263,-11.69741263
36081109300,new_york,630,14.63,15.94418857,-1.314188567
36081109700,new_york,709,15.52,26.88973178,-11.36973178
36081109900,new_york,886,17.35,70.82091574,-53.47091574
36081111300,new_york,670,15.09,14.57599567,0.514004335
36081112300,new_york,2175,27.19,63.8038472,-36.6138472
36081112900,new_york,1091,19.26,32.83662964,-13.57662964
36081113300,new_york,353,10.95,26.3885126,-15.4385126
36081113900,new_york,1347,21.4,31.92901653,-10.52901653
36081114100,new_york,530,13.42,27.29612571,-13.87612571
36081114700,new_york,373,11.26,5.865619073,5.394380927
36081115100,new_york,790,16.39,3.359523164,13.03047684
36081115500,new_york,519,13.28,28.43402872,-15.15402872
36081115700,new_york,863,17.13,26.82199946,-9.691999458
36081115900,new_york,648,14.84,8.8593877,5.9806123
36081116100,new_york,638,14.73,24.76293687,-10.03293687
36081116301,new_york,722,15.67,52.7770252,-37.1070252
36081116302,new_york,872,17.22,28.47466811,-11.25466811
36081116700,new_york,1351,21.43,69.73719859,-48.30719859
36081117100,new_york,920,17.68,82.8908155,-65.2108155
36081117500,new_york,1672,23.84,63.74966134,-39.90966134
36081118100,new_york,534,13.47,24.26171769,-10.79171769
36081118500,new_york,532,13.45,12.76076944,0.689230561
36081118700,new_york,329,10.58,2.546735302,8.033264698
36081118900,new_york,406,11.75,9.902465457,1.847534543
36081119100,new_york,969,18.15,17.96261176,0.187388242
36081119300,new_york,461,12.52,19.72365213,-7.203652127
36081119500,new_york,272,9.62,6.366838255,3.253161745
36081119900,new_york,313,10.32,6.773232186,3.546767814
36081120100,new_york,332,10.62,34.08290436,-23.46290436
36081120300,new_york,245,9.13,7.518287727,1.611712273
36081120500,new_york,471,12.65,23.86887022,-11.21887022
36081120701,new_york,601,14.29,7.247358439,7.042641561
36081120702,new_york,19,2.54,0.027092929,2.512907071
36081121100,new_york,42,3.78,0.054185857,3.725814143
36081121500,new_york,1016,18.58,21.36277432,-2.782774316
36081122300,new_york,922,17.7,31.26523977,-13.56523977
36081122702,new_york,2547,29.42,36.0065023,-6.586502303
36081122703,new_york,1091,19.26,37.15795177,-17.89795177
36081122704,new_york,1171,19.95,18.95150366,0.998496342
36081124100,new_york,1115,19.47,14.9417502,4.528249797
36081124700,new_york,898,17.47,15.06366838,2.406331617
36081125700,new_york,21213,84.92,24.15334598,60.76665402
36081126500,new_york,1040,18.8,37.87591439,-19.07591439
36081126700,new_york,2733,30.48,62.38146844,-31.90146844
36081127700,new_york,1394,21.77,31.53616906,-9.76616906
36081128300,new_york,661,14.99,3.115686806,11.87431319
36081129102,new_york,919,17.67,23.40829044,-5.738290436
36081129103,new_york,612,14.42,9.563803847,4.856196153
36081129104,new_york,615,14.46,9.888918992,4.571081008
36081130100,new_york,763,16.11,28.62367922,-12.51367922
36081133300,new_york,1202,20.21,25.56217827,-5.352178271
36081133900,new_york,314,10.33,21.47114603,-11.14114603
36081134100,new_york,830,16.8,68.31481983,-51.51481983
36081134701,new_york,759,16.06,46.42373341,-30.36373341
36081134702,new_york,858,17.08,22.59550257,-5.515502574
36081136700,new_york,696,15.38,45.93606069,-30.55606069
36081137700,new_york,818,16.68,32.53860742,-15.85860742
36081138501,new_york,848,16.98,20.90219453,-3.922194527
36081138502,new_york,505,13.1,7.735031157,5.364968843
36081139900,new_york,334,10.66,14.26442698,-3.604426985
36081140300,new_york,478,12.75,10.647521,2.102479003
36081140901,new_york,291,9.95,15.32105121,-5.371051206
36081140902,new_york,756,16.03,21.01056624,-4.980566242
36081141700,new_york,1365,21.54,34.32674072,-12.78674072
36081142900,new_york,892,17.41,26.29368735,-8.883687348
36081143500,new_york,468,12.61,18.11162287,-5.501622866
36081144100,new_york,398,11.63,4.321322135,7.308677865
36081144700,new_york,1183,20.05,62.6253048,-42.5753048
36081145101,new_york,454,12.42,23.2321864,-10.8121864
36081145102,new_york,432,12.12,17.7187754,-5.5987754
36081145900,new_york,654,14.91,42.8881062,-27.9781062
36081146300,new_york,1583,23.2,60.6068816,-37.4068816
36081146700,new_york,1491,22.51,80.92657816,-58.41657816
36081147100,new_york,666,15.05,75.22351666,-60.17351666
36081147900,new_york,1020,18.62,64.63018152,-46.01018152
36081148300,new_york,1007,18.5,28.25792468,-9.757924682
36081150701,new_york,687,15.28,27.98699539,-12.70699539
36081150702,new_york,970,18.16,46.92495259,-28.76495259
36081152901,new_york,697,15.39,21.03765917,-5.647659171
36081152902,new_york,617,14.48,42.06177188,-27.58177188
36081155101,new_york,98,5.77,0.839880791,4.930119209
36081155103,new_york,432,12.12,5.242481712,6.877518288
36081155104,new_york,441,12.24,58.33107559,-46.09107559
36081156700,new_york,345,10.83,10.90490382,-0.07490382
36081157101,new_york,1228,20.43,46.51855866,-26.08855866
36081157102,new_york,332,10.62,11.37903007,-0.759030073
36081157901,new_york,921,17.69,31.31942563,-13.62942563
36081157902,new_york,1066,19.04,55.82497968,-36.78497968
36081157903,new_york,825,16.75,35.6272013,-18.8772013
36081161700,new_york,1294,20.97,55.10701707,-34.13701707
36081162100,new_york,1346,21.39,47.73774045,-26.34774045
36081990100,new_york,0,0,0.128691412,-0.128691412
36085000300,new_york,2082,26.6,56.23137361,-29.63137361
36085000600,new_york,1128,19.58,37.42888106,-17.84888106
36085000700,new_york,2327,28.13,24.96613384,3.163866161
36085000800,new_york,1444,22.16,42.34624763,-20.18624763
36085000900,new_york,1084,19.2,9.997290707,9.202709293
36085001100,new_york,2348,28.25,36.85992956,-8.609929558
36085001700,new_york,660,14.98,14.71146031,0.268539691
36085001800,new_york,19,2.54,4.158764562,-1.618764562
36085002001,new_york,522,13.32,5.310214034,8.009785966
36085002002,new_york,936,17.84,18.69412083,-0.854120834
36085002100,new_york,3022,32.05,43.21322135,-11.16322135
36085002700,new_york,728,15.73,49.48523435,-33.75523435
36085002900,new_york,2499,29.15,16.78406936,12.36593064
36085003300,new_york,1167,19.92,4.280682742,15.63931726
36085003600,new_york,638,14.73,19.6559198,-4.925919805
36085003900,new_york,625,14.58,1.449471688,13.13052831
36085004001,new_york,793,16.42,9.50961799,6.91038201
36085004002,new_york,401,11.68,3.820102953,7.859897047
36085004003,new_york,2165,27.13,19.62882688,7.501173124
36085004004,new_york,1112,19.44,25.06095909,-5.62095909
36085004700,new_york,905,17.54,20.30615009,-2.766150095
36085005000,new_york,932,17.8,48.64535356,-30.84535356
36085005901,new_york,1136,19.65,13.66838255,5.981617448
36085005902,new_york,188,7.99,0.812787862,7.177212138
36085006400,new_york,1186,20.08,24.93904091,-4.85904091
36085006700,new_york,884,17.34,40.61230019,-23.27230019
36085007001,new_york,581,14.05,32.94500135,-18.89500135
36085007002,new_york,1486,22.48,12.50338662,9.976613384
36085007400,new_york,1454,22.23,4.267136277,17.96286372
36085007500,new_york,1097,19.31,20.41452181,-1.10452181
36085007700,new_york,849,16.99,4.091032241,12.89896776
36085008100,new_york,1626,23.51,13.96640477,9.543595232
36085009601,new_york,853,17.03,47.29070713,-30.26070713
36085009602,new_york,922,17.7,41.77729613,-24.07729613
36085009701,new_york,962,18.08,11.09455432,6.985445679
36085009702,new_york,50,4.12,1.246274722,2.873725278
36085010500,new_york,1422,21.99,46.69466269,-24.70466269
36085011201,new_york,1700,24.04,18.23354105,5.806458954
36085011203,new_york,2577,29.6,34.2590084,-4.659008399
36085011204,new_york,176,7.73,1.124356543,6.605643457
36085011401,new_york,1217,20.34,39.04091032,-18.70091032
36085011402,new_york,1008,18.51,41.9398537,-23.4298537
36085012100,new_york,864,17.14,40.82904362,-23.68904362
36085012200,new_york,1312,21.12,71.51178542,-50.39178542
36085012500,new_york,1189,20.1,23.57084801,-3.470848009
36085012804,new_york,2299,27.96,24.81712273,3.142877269
36085012805,new_york,673,15.13,0.704416147,14.42558385
36085012806,new_york,2138,26.96,10.28176646,16.67823354
36085013201,new_york,399,11.65,8.019506909,3.630493091
36085013203,new_york,1259,20.69,27.78379843,-7.093798429
36085013204,new_york,1160,19.86,36.49417502,-16.63417502
36085013301,new_york,552,13.7,1.490111081,12.20988892
36085013302,new_york,1431,22.06,43.36223246,-21.30223246
36085013400,new_york,1154,19.81,70.71254403,-50.90254403
36085013800,new_york,1525,22.77,7.409916012,15.36008399
36085014100,new_york,778,16.26,12.12408561,4.135914386
36085014604,new_york,1776,24.57,53.19696559,-28.62696559
36085014605,new_york,730,15.75,27.22839339,-11.47839339
36085014606,new_york,1101,19.35,37.48306692,-18.13306692
36085014607,new_york,1541,22.89,32.59279328,-9.702793281
36085014608,new_york,646,14.82,4.009753454,10.81024655
36085014700,new_york,971,18.17,15.22622596,2.943774045
36085015100,new_york,1246,20.58,38.87835275,-18.29835275
36085015400,new_york,182,7.87,0.311568681,7.558431319
36085015601,new_york,2142,26.98,37.4153346,-10.4353346
36085015602,new_york,734,15.8,9.577350312,6.222649688
36085015603,new_york,1830,24.94,15.11785424,9.82214576
36085016901,new_york,995,18.39,44.51368193,-26.12368193
36085017005,new_york,3436,34.18,43.05066378,-8.870663777
36085017007,new_york,1126,19.56,0.379301002,19.180699
36085017009,new_york,1716,24.15,2.004876727,22.14512327
36085017011,new_york,1011,18.54,27.187754,-8.647753996
36085017012,new_york,1415,21.93,2.91248984,19.01751016
36085017013,new_york,1023,18.65,6.922243295,11.72775671
36085017014,new_york,1013,18.56,4.700623137,13.85937686
36085017015,new_york,597,14.25,1.774586833,12.47541317
36085017016,new_york,1134,19.63,3.522080737,16.10791926
36085017300,new_york,703,15.46,4.714169602,10.7458304
36085017600,new_york,1978,25.93,2.275806015,23.65419399
36085017701,new_york,1675,23.86,10.48496342,13.37503658
36085017702,new_york,514,13.22,3.278244378,9.941755622
36085018100,new_york,1095,19.29,20.52289352,-1.232893525
36085018701,new_york,1859,25.14,27.67542671,-2.535426714
36085018703,new_york,1171,19.95,12.21891086,7.731089136
36085018704,new_york,584,14.09,26.80845299,-12.71845299
36085018901,new_york,1758,24.45,36.88702249,-12.43702249
36085018902,new_york,929,17.77,10.55269575,7.217304254
36085019700,new_york,377,11.32,10.91845028,0.401549716
36085019800,new_york,2583,29.63,34.88214576,-5.25214576
36085020100,new_york,1185,20.07,42.3191547,-22.2491547
36085020701,new_york,1147,19.75,15.57843403,4.171565971
36085020702,new_york,1306,21.07,21.94527228,-0.875272284
36085020803,new_york,2706,30.33,2.289352479,28.04064752
36085020804,new_york,2415,28.65,17.13627743,11.51372257
36085020805,new_york,1588,23.23,17.00081279,6.229187212
36085020806,new_york,1150,19.77,16.77052289,2.999477106
36085021300,new_york,1616,23.44,64.41343809,-40.97343809
36085022300,new_york,1020,18.62,34.52993769,-15.90993769
36085022601,new_york,2067,26.51,50,-23.49
36085022602,new_york,2979,31.82,74.68165809,-42.86165809
36085022801,new_york,178,7.78,20.44161474,-12.66161474
36085022802,new_york,977,18.22,18.35545923,-0.135459225
36085023100,new_york,1183,20.05,15.21267949,4.837320509
36085023900,new_york,1012,18.55,42.19723652,-23.64723652
36085024401,new_york,2088,26.64,6.25846654,20.38153346
36085024402,new_york,1123,19.54,0.799241398,18.7407586
36085024700,new_york,730,15.75,55.14765646,-39.39765646
36085024800,new_york,2569,29.55,79.21972365,-49.66972365
36085025100,new_york,1183,20.05,33.81197507,-13.76197507
36085027301,new_york,879,17.29,25.45380656,-8.163806556
36085027302,new_york,1048,18.87,1.151449472,17.71855053
36085027702,new_york,2013,26.16,56.36683826,-30.20683826
36085027704,new_york,747,15.94,1.95069087,13.98930913
36085027705,new_york,931,17.79,5.73015443,12.05984557
36085027706,new_york,1671,23.83,30.14088323,-6.310883229
36085027900,new_york,1189,20.1,8.994852344,11.10514766
36085029102,new_york,2072,26.54,72.83933893,-46.29933893
36085029104,new_york,1462,22.29,47.58872934,-25.29872934
36085029105,new_york,1176,19.99,29.81576808,-9.825768085
36085029106,new_york,456,12.45,3.725277703,8.724722297
36085030301,new_york,814,16.63,41.76374966,-25.13374966
36085030302,new_york,1433,22.07,25.2099702,-3.139970198
36085031901,new_york,697,15.39,18.82958548,-3.439585478
36085031902,new_york,1698,24.03,11.96152804,12.06847196
36085032300,new_york,611,14.41,60.91845028,-46.50845028
36085990100,new_york,2,0.82,0.162557572,0.657442428
6073000100,san_diego,1565,31.42,41.27607694,-9.856076944
6073000201,san_diego,1155,26.38,51.27336765,-24.89336765
6073000202,san_diego,3206,46.84,58.68328366,-11.84328366
6073000301,san_diego,1602,31.84,27.17420753,4.665792468
6073000302,san_diego,3880,51.97,85.09888919,-33.12888919
6073000400,san_diego,5058,59.95,84.73313465,-24.78313465
6073000500,san_diego,2161,37.68,41.26253048,-3.58253048
6073000600,san_diego,3637,50.18,81.36006502,-31.18006502
6073000700,san_diego,3872,51.91,60.94554321,-9.035543213
6073000800,san_diego,2250,38.54,26.63234896,11.90765104
6073000901,san_diego,2527,41.1,41.65537795,-0.555377946
6073000902,san_diego,2322,39.22,41.38444866,-2.164448659
6073001000,san_diego,3905,52.15,53.5356272,-1.385627201
6073001100,san_diego,2276,38.79,68.35545923,-29.56545923
6073001201,san_diego,2352,39.5,65.90354917,-26.40354917
6073001202,san_diego,2313,39.14,36.39934977,2.74065023
6073001301,san_diego,3900,52.11,75.53508534,-23.42508534
6073001302,san_diego,4061,53.27,45.57030615,7.69969385
6073001400,san_diego,3207,46.85,74.50555405,-27.65555405
6073001500,san_diego,3212,46.89,58.95421295,-12.06421295
6073001600,san_diego,8755,80.24,68.55865619,11.68134381
6073001700,san_diego,3039,45.49,28.77269033,16.71730967
6073001801,san_diego,2020,36.29,37.88946085,-1.599460851
6073001802,san_diego,2155,37.63,65.76808453,-28.13808453
6073001900,san_diego,1702,32.96,47.75128691,-14.79128691
6073002001,san_diego,1697,32.9,60.53914928,-27.63914928
6073002002,san_diego,1389,29.35,12.35437551,16.99562449
6073002100,san_diego,6705,69.68,75.99566513,-6.315665131
6073002201,san_diego,4647,57.28,45.17745868,12.10254132
6073002202,san_diego,8427,78.64,79.28745597,-0.647455974
6073002301,san_diego,1863,34.68,50.62313736,-15.94313736
6073002302,san_diego,11094,90.87,59.4283392,31.4416608
6073002401,san_diego,6115,66.35,41.18125169,25.16874831
6073002402,san_diego,7568,74.3,56.48875643,17.81124357
6073002501,san_diego,8925,81.06,25.65700352,55.40299648
6073002502,san_diego,4837,58.53,51.51720401,7.01279599
6073002601,san_diego,13324,100,53.50853427,46.49146573
6073002602,san_diego,4489,56.23,8.886480629,47.34351937
6073002702,san_diego,2528,41.11,42.99647792,-1.886477919
6073002703,san_diego,7090,71.77,74.54619344,-2.776193444
6073002705,san_diego,2970,44.92,8.574911948,36.34508805
6073002707,san_diego,7944,76.23,33.56813872,42.66186128
6073002708,san_diego,4524,56.46,34.92278515,21.53721485
6073002709,san_diego,3008,45.24,18.66702791,26.57297209
6073002710,san_diego,4303,54.96,5.513411,49.446589
6073002711,san_diego,1836,34.4,4.348415064,30.05158494
6073002712,san_diego,3123,46.18,45.67867787,0.501322135
6073002801,san_diego,2094,37.03,93.52479003,-56.49479003
6073002803,san_diego,2920,44.51,18.45028448,26.05971552
6073002804,san_diego,3099,45.98,37.74044974,8.239550257
6073002902,san_diego,3937,52.38,59.6586291,-7.278629098
6073002903,san_diego,2048,36.57,45.77350312,-9.203503116
6073002904,san_diego,4567,56.75,92.06177188,-35.31177188
6073002905,san_diego,3570,49.67,90.13817394,-40.46817394
6073003001,san_diego,3082,45.84,51.91005148,-6.070051477
6073003003,san_diego,5068,60.01,29.19263072,30.81736928
6073003004,san_diego,5940,65.33,16.94662693,48.38337307
6073003101,san_diego,2475,40.63,6.705499865,33.92450014
6073003103,san_diego,2734,42.93,23.50311569,19.42688431
6073003105,san_diego,2527,41.1,17.24464915,23.85535085
6073003107,san_diego,2243,38.47,10.76943918,27.70056082
6073003109,san_diego,702,19.61,1.30046058,18.30953942
6073003111,san_diego,4643,57.26,29.66675698,27.59324302
6073003112,san_diego,2160,37.67,41.43863452,-3.768634516
6073003113,san_diego,1794,33.95,2.492549445,31.45745056
6073003114,san_diego,920,23.08,2.831211054,20.24878895
6073003115,san_diego,1467,30.29,9.225142238,21.06485776
6073003201,san_diego,1234,27.42,2.668653481,24.75134652
6073003202,san_diego,1785,33.85,17.32592793,16.52407207
6073003208,san_diego,1140,26.18,13.31617448,12.86382552
6073003209,san_diego,1626,32.11,39.48794365,-7.377943647
6073003211,san_diego,1049,24.94,3.942021132,20.99797887
6073003212,san_diego,1888,34.94,16.43186128,18.50813872
6073003213,san_diego,1139,26.17,2.438363587,23.73163641
6073003301,san_diego,3663,50.37,69.84557031,-19.47557031
6073003303,san_diego,1291,28.14,10.44432403,17.69567597
6073003304,san_diego,2593,41.69,80.79111352,-39.10111352
6073003305,san_diego,3256,47.24,44.78461122,2.455388784
6073003401,san_diego,5249,61.15,77.93280954,-16.78280954
6073003403,san_diego,5877,64.96,91.95340016,-26.99340016
6073003404,san_diego,6464,68.34,87.30696288,-18.96696288
6073003501,san_diego,5835,64.71,41.85857491,22.85142509
6073003502,san_diego,5853,64.82,29.9241398,34.8958602
6073003601,san_diego,5235,61.06,66.89244107,-5.832441073
6073003602,san_diego,3208,46.86,30.05960444,16.80039556
6073003603,san_diego,4667,57.41,21.2544026,36.1555974
6073003800,san_diego,390,13.52,95.92251422,-82.40251422
6073003901,san_diego,6338,67.62,57.66729884,9.952701165
6073003902,san_diego,8224,77.63,85.92522352,-8.295223517
6073004000,san_diego,6766,70.01,84.27255486,-14.26255486
6073004101,san_diego,3565,49.63,74.92549445,-25.29549445
6073004102,san_diego,2763,43.18,48.06285559,-4.882855595
6073004200,san_diego,3085,45.87,30.54727716,15.32272284
6073004300,san_diego,2987,45.07,43.09130317,1.97869683
6073004400,san_diego,3636,50.17,70.79382281,-20.62382281
6073004501,san_diego,3277,47.41,34.89569222,12.51430778
6073004600,san_diego,2784,43.36,48.87564346,-5.515643457
6073004700,san_diego,3500,49.14,94.9065294,-45.7665294
6073004800,san_diego,4810,58.35,83.10755893,-24.75755893
6073004900,san_diego,8490,78.95,62.05635329,16.89364671
6073005000,san_diego,3615,50.01,97.43971823,-47.42971823
6073005101,san_diego,8690,79.93,71.21376321,8.716236792
6073005102,san_diego,4225,54.42,94.51368193,-40.09368193
6073005103,san_diego,6333,67.6,75.83310756,-8.233107559
6073005201,san_diego,3742,50.96,92.60363045,-41.64363045
6073005202,san_diego,3771,51.17,89.50149011,-38.33149011
6073005301,san_diego,6201,66.84,96.09861826,-29.25861826
6073005302,san_diego,2998,45.16,95.01490111,-49.85490111
6073005401,san_diego,1587,31.67,93.22676781,-61.55676781
6073005402,san_diego,2288,38.9,93.05066378,-54.15066378
6073005403,san_diego,1807,34.09,85.70848009,-51.61848009
6073005500,san_diego,260,10.24,3.955567597,6.284432403
6073005601,san_diego,2114,37.22,75.2099702,-37.9899702
6073005602,san_diego,7340,73.1,55.59468979,17.50531021
6073005700,san_diego,3179,46.63,88.37713357,-41.74713357
6073005801,san_diego,1226,27.31,97.61582227,-70.30582227
6073005802,san_diego,1427,29.81,92.00758602,-62.19758602
6073005900,san_diego,1833,34.36,82.56570035,-48.20570035
6073006000,san_diego,4749,57.95,60.95908968,-3.009089678
6073006100,san_diego,3794,51.34,90.31427797,-38.97427797
6073006200,san_diego,359,12.79,81.78000542,-68.99000542
6073006300,san_diego,202,8.51,15.78163099,-7.271630994
6073006500,san_diego,9147,82.11,99.26849092,-17.15849092
6073006600,san_diego,205,8.61,56.44811704,-47.83811704
6073006801,san_diego,447,14.78,51.21918179,-36.43918179
6073006802,san_diego,1122,25.94,65.84936332,-39.90936332
6073006900,san_diego,1811,34.13,37.65917096,-3.529170956
6073007002,san_diego,1934,35.42,7.044161474,28.37583853
6073007100,san_diego,2576,41.54,47.84611216,-6.306112165
6073007200,san_diego,2891,44.27,25.10159848,19.16840152
6073007302,san_diego,2202,38.08,4.985098889,33.09490111
6073007303,san_diego,1912,35.19,8.222703874,26.96729613
6073007304,san_diego,2817,43.64,18.01679762,25.62320238
6073007401,san_diego,1125,25.98,2.953129233,23.02687077
6073007402,san_diego,2674,42.41,36.29097805,6.119021945
6073007501,san_diego,4559,56.7,52.32999187,4.370008128
6073007502,san_diego,5219,60.96,64.46762395,-3.50762395
6073007601,san_diego,5324,61.62,69.95394202,-8.333942021
6073007602,san_diego,1579,31.58,63.58710377,-32.00710377
6073007701,san_diego,1699,32.92,17.84069358,15.07930642
6073007702,san_diego,2223,38.28,12.92332701,25.35667299
6073007800,san_diego,5632,63.5,71.64725007,-8.147250068
6073007905,san_diego,3097,45.97,74.74939041,-28.77939041
6073007907,san_diego,2888,44.24,48.50988892,-4.269888919
6073007908,san_diego,2942,44.69,50.23028989,-5.540289894
6073007910,san_diego,3780,51.24,64.25088052,-13.01088052
6073007911,san_diego,1207,27.07,59.2386887,-32.1686887
6073007912,san_diego,1833,34.36,36.6160932,-2.2560932
6073008002,san_diego,2119,37.27,2.370631265,34.89936873
6073008003,san_diego,3515,49.25,29.30100244,19.94899756
6073008006,san_diego,2300,39.01,31.9019236,7.108076402
6073008101,san_diego,1920,35.27,39.94852344,-4.678523435
6073008102,san_diego,1723,33.18,33.459767,-0.279767001
6073008201,san_diego,1095,25.58,80.89948523,-55.31948523
6073008301,san_diego,1292,28.15,5.459225142,22.69077486
6073008303,san_diego,1767,33.66,18.20644812,15.45355188
6073008305,san_diego,742,20.29,90.00270929,-69.71270929
6073008306,san_diego,731,20.1,34.34028719,-14.24028719
6073008307,san_diego,966,23.76,60.86426443,-37.10426443
6073008310,san_diego,1364,29.05,12.0157139,17.0342861
6073008311,san_diego,1350,28.88,2.248713086,26.63128691
6073008312,san_diego,2381,39.77,58.0601463,-18.2901463
6073008313,san_diego,939,23.36,10.63397453,12.72602547
6073008324,san_diego,1765,33.64,57.13898672,-23.49898672
6073008327,san_diego,867,22.28,42.65781631,-20.37781631
6073008328,san_diego,929,23.22,2.587374695,20.6326253
6073008330,san_diego,1010,24.39,3.99620699,20.39379301
6073008331,san_diego,725,20,13.81739366,6.18260634
6073008336,san_diego,430,14.41,0.934706042,13.47529396
6073008337,san_diego,1077,25.33,7.626659442,17.70334056
6073008339,san_diego,1451,30.1,96.4643728,-66.3643728
6073008343,san_diego,405,13.86,14.65727445,-0.797274451
6073008344,san_diego,820,21.55,30.07315091,-8.523150908
6073008345,san_diego,580,17.43,60.647521,-43.217521
6073008346,san_diego,1140,26.18,76.80845299,-50.62845299
6073008347,san_diego,1081,25.38,3.183419128,22.19658087
6073008348,san_diego,777,20.86,1.029531292,19.83046871
6073008349,san_diego,1074,25.29,52.08615551,-26.79615551
6073008350,san_diego,3238,47.1,96.92495259,-49.82495259
6073008351,san_diego,939,23.36,48.13058792,-24.77058792
6073008352,san_diego,713,19.8,10.53914928,9.260850718
6073008353,san_diego,584,17.51,0.717962612,16.79203739
6073008355,san_diego,559,17.04,35.8168518,-18.7768518
6073008356,san_diego,585,17.53,1.110810079,16.41918992
6073008357,san_diego,1036,24.76,29.55838526,-4.798385261
6073008358,san_diego,2062,36.71,51.1785424,-14.4685424
6073008359,san_diego,332,12.13,65.45651585,-53.32651585
6073008360,san_diego,1705,32.99,81.84773774,-48.85773774
6073008361,san_diego,536,16.59,82.67407207,-66.08407207
6073008362,san_diego,289,11.03,82.03738824,-71.00738824
6073008363,san_diego,55,2.37,27.40449743,-25.03449743
6073008364,san_diego,217,8.98,47.19588187,-38.21588187
6073008365,san_diego,360,12.82,0.352208074,12.46779193
6073008366,san_diego,912,22.96,34.8279599,-11.8679599
6073008367,san_diego,271,10.54,26.48333785,-15.94333785
6073008368,san_diego,897,22.74,7.694391764,15.04560824
6073008369,san_diego,350,12.58,86.91411542,-74.33411542
6073008370,san_diego,182,7.86,69.2766188,-61.4166188
6073008371,san_diego,188,8.06,40.97805473,-32.91805473
6073008372,san_diego,409,13.95,10.07856949,3.871430507
6073008373,san_diego,245,9.81,58.81874831,-49.00874831
6073008374,san_diego,577,17.38,7.965321051,9.414678949
6073008375,san_diego,120,5.57,10.82362503,-5.253625034
6073008376,san_diego,237,9.58,93.45705771,-83.87705771
6073008377,san_diego,224,9.19,56.32619886,-47.13619886
6073008378,san_diego,94,4.43,60.11920889,-55.68920889
6073008379,san_diego,137,6.24,47.48035763,-41.24035763
6073008380,san_diego,259,10.21,17.88133297,-7.671332972
6073008381,san_diego,84,3.95,0.853427255,3.096572745
6073008501,san_diego,2054,36.63,87.25277703,-50.62277703
6073008502,san_diego,5995,65.65,72.6632349,-7.013234896
6073008503,san_diego,6288,67.34,91.58764562,-24.24764562
6073008504,san_diego,3666,50.39,45.36710918,5.022890815
6073008505,san_diego,3533,49.39,58.57491195,-9.184911948
6073008506,san_diego,2271,38.74,24.09916012,14.64083988
6073008507,san_diego,3671,50.43,81.00785695,-30.57785695
6073008509,san_diego,1976,35.84,71.60661067,-35.76661067
6073008510,san_diego,2072,36.81,59.97019778,-23.16019778
6073008511,san_diego,5547,62.98,91.00514766,-28.02514766
6073008512,san_diego,1273,27.91,7.138986724,20.77101328
6073008513,san_diego,845,21.94,2.655107017,19.28489298
6073008600,san_diego,3774,51.19,15.9712815,35.2187185
6073008701,san_diego,791,21.09,32.86372257,-11.77372257
6073008702,san_diego,1270,27.88,87.4153346,-59.5353346
6073008800,san_diego,2632,42.04,51.99133026,-9.951330263
6073008901,san_diego,1168,26.56,37.04958006,-10.48958006
6073008902,san_diego,2155,37.63,95.62449201,-57.99449201
6073009000,san_diego,1752,33.5,4.849634245,28.65036575
6073009101,san_diego,4009,52.9,77.30967218,-24.40967218
6073009102,san_diego,547,16.81,37.84882146,-21.03882146
6073009103,san_diego,1822,34.25,67.05499865,-32.80499865
6073009104,san_diego,1003,24.29,55.85207261,-31.56207261
6073009107,san_diego,1296,28.2,75.81956109,-47.61956109
6073009108,san_diego,2593,41.69,98.87564346,-57.18564346
6073009109,san_diego,49,1.99,21.85044703,-19.86044703
6073009201,san_diego,1938,35.46,48.0222162,-12.5622162
6073009203,san_diego,317,11.76,14.77919263,-3.019192631
6073009204,san_diego,1681,32.72,49.45814143,-16.73814143
6073009301,san_diego,821,21.56,37.14440531,-15.58440531
6073009305,san_diego,851,22.03,6.082362503,15.9476375
6073009306,san_diego,1904,35.11,74.88485505,-39.77485505
6073009307,san_diego,3135,46.27,97.68355459,-51.41355459
6073009308,san_diego,1109,25.77,90.05689515,-64.28689515
6073009400,san_diego,841,21.88,71.34922785,-49.46922785
6073009502,san_diego,480,15.47,52.70929287,-37.23929287
6073009504,san_diego,769,20.73,14.81983202,5.910167976
6073009505,san_diego,846,21.96,7.423462476,14.53653752
6073009506,san_diego,719,19.9,1.476564617,18.42343538
6073009507,san_diego,368,13,3.142779734,9.857220266
6073009509,san_diego,738,20.22,52.14034137,-31.92034137
6073009510,san_diego,115,5.36,6.90869683,-1.54869683
6073009511,san_diego,63,2.84,10.2275806,-7.387580601
6073009602,san_diego,956,23.61,47.88675156,-24.27675156
6073009603,san_diego,1651,32.39,93.9176375,-61.5276375
6073009604,san_diego,1346,28.83,97.16878895,-68.33878895
6073009703,san_diego,1382,29.27,17.01435925,12.25564075
6073009704,san_diego,1242,27.52,4.104578705,23.4154213
6073009705,san_diego,1073,25.27,16.90598754,8.364012463
6073009706,san_diego,2695,42.59,31.14332159,11.44667841
6073009801,san_diego,1391,29.38,28.46112165,0.918878353
6073009802,san_diego,1729,33.25,50.17610404,-16.92610404
6073009804,san_diego,1169,26.57,37.32050935,-10.75050935
6073009805,san_diego,1294,28.18,1.964237334,26.21576267
6073009901,san_diego,23,0,1.368192902,-1.368192902
6073009902,san_diego,232,9.43,1.598482796,7.831517204
6073010001,san_diego,983,24,33.78488215,-9.784882146
6073010003,san_diego,1353,28.91,13.37036034,15.53963966
6073010004,san_diego,1644,32.31,12.70658358,19.60341642
6073010005,san_diego,1666,32.56,53.40016256,-20.84016256
6073010009,san_diego,1703,32.97,73.32701165,-40.35701165
6073010010,san_diego,768,20.71,16.3505825,4.359417502
6073010011,san_diego,924,23.14,10.78298564,12.35701436
6073010012,san_diego,851,22.03,50.31156868,-28.28156868
6073010013,san_diego,2044,36.53,83.89325386,-47.36325386
6073010015,san_diego,3202,46.81,93.32159306,-46.51159306
6073010017,san_diego,705,19.66,56.20428068,-36.54428068
6073010018,san_diego,957,23.63,17.94906529,5.680934706
6073010019,san_diego,646,18.64,8.547819019,10.09218098
6073010103,san_diego,3961,52.55,77.03874289,-24.48874289
6073010104,san_diego,1496,30.63,1.652668653,28.97733135
6073010106,san_diego,2418,40.11,90.65293958,-50.54293958
6073010107,san_diego,2302,39.03,71.37632078,-32.34632078
6073010109,san_diego,879,22.46,5.323760499,17.1362395
6073010110,san_diego,2156,37.63,33.35139529,4.278604714
6073010111,san_diego,468,15.22,60.15984828,-44.93984828
6073010112,san_diego,705,19.66,14.45407749,5.205922514
6073014102,san_diego,1610,31.93,22.27038743,9.659612571
6073017014,san_diego,1203,27.02,84.20482254,-57.18482254
6073017018,san_diego,541,16.69,50.36575454,-33.67575454
6073017022,san_diego,907,22.89,84.62476294,-61.73476294
6073017031,san_diego,473,15.32,26.18531563,-10.86531563
6073017033,san_diego,1067,25.19,6.949336223,18.24066378
6073017034,san_diego,964,23.73,8.087239231,15.64276077
6073017035,san_diego,389,13.49,1.327553509,12.16244649
6073017036,san_diego,684,19.3,57.23381198,-37.93381198
6073017037,san_diego,945,23.45,19.23597941,4.214020591
6073017039,san_diego,947,23.48,50.47412625,-26.99412625
6073017043,san_diego,912,22.96,68.2877269,-45.3277269
6073017044,san_diego,437,14.56,3.56272013,10.99727987
6073017045,san_diego,359,12.79,0.826334327,11.96366567
6073017046,san_diego,695,19.49,2.749932268,16.74006773
6073017047,san_diego,981,23.98,2.736385803,21.2436142
6073017051,san_diego,350,12.58,12.34082904,0.239170956
6073017052,san_diego,392,13.56,34.57057708,-21.01057708
6073017055,san_diego,1072,25.26,57.15253319,-31.89253319
6073017056,san_diego,959,23.66,87.88946085,-64.22946085
6073017057,san_diego,951,23.54,8.940666486,14.59933351
6073017058,san_diego,436,14.54,44.66269304,-30.12269304
6073017059,san_diego,696,19.51,2.722839339,16.78716066
6073017060,san_diego,683,19.29,0.880520184,18.40947982
6073017061,san_diego,139,6.32,4.64643728,1.67356272
6073017063,san_diego,499,15.86,9.658629098,6.201370902
6073017065,san_diego,843,21.91,20.86155513,1.048444866
6073017067,san_diego,307,11.5,3.196965592,8.303034408
6073017068,san_diego,409,13.95,55.58114332,-41.63114332
6073017069,san_diego,660,18.89,16.05256028,2.837439718
6073017071,san_diego,377,13.22,66.62151179,-53.40151179
6073020710,san_diego,185,7.96,8.845841235,-0.885841235
6073021401,san_diego,1913,35.2,68.8973178,-33.6973178
6073021402,san_diego,1440,29.97,81.99674885,-52.02674885
6073021501,san_diego,769,20.73,10.47141696,10.25858304
6073021502,san_diego,1000,24.25,48.79436467,-24.54436467
6075010101,san_francisco,6113,40.49,84.97697101,-44.48697101
6075010102,san_francisco,4031,32.88,65.7409916,-32.8609916
6075010201,san_francisco,3589,31.03,63.66838255,-32.63838255
6075010202,san_francisco,6015,40.17,72.28393389,-32.11393389
6075010300,san_francisco,5653,38.94,80.12733677,-41.18733677
6075010401,san_francisco,3771,31.8,74.32945001,-42.52945001
6075010402,san_francisco,2439,25.58,40.66648605,-15.08648605
6075010500,san_francisco,8864,48.76,87.71335681,-38.95335681
6075010600,san_francisco,10362,52.72,94.486589,-41.766589
6075010701,san_francisco,9118,49.46,93.90409103,-44.44409103
6075010702,san_francisco,4072,33.05,82.49796803,-49.44796803
6075010800,san_francisco,5823,39.52,82.80953671,-43.28953671
6075010901,san_francisco,3157,29.1,76.59170956,-47.49170956
6075010902,san_francisco,6102,40.46,94.50013546,-54.04013546
6075011001,san_francisco,4564,34.99,93.51124357,-58.52124357
6075011002,san_francisco,6735,42.5,96.22053644,-53.72053644
6075011101,san_francisco,8972,49.06,96.16635058,-47.10635058
6075011102,san_francisco,13371,59.89,98.57762124,-38.68762124
6075011200,san_francisco,5686,39.05,88.39068003,-49.34068003
6075011300,san_francisco,5020,36.7,94.96071525,-58.26071525
6075011700,san_francisco,18073,69.63,99.63424546,-30.00424546
6075011800,san_francisco,5223,37.43,97.90029802,-60.47029802
6075011901,san_francisco,4463,34.6,40.86968301,-6.269683013
6075011902,san_francisco,5834,39.56,92.52235167,-52.96235167
6075012001,san_francisco,16334,66.19,93.37577892,-27.18577892
6075012002,san_francisco,9631,50.83,91.76374966,-40.93374966
6075012100,san_francisco,16023,65.56,98.56407478,-33.00407478
6075012202,san_francisco,13753,60.74,92.23787591,-31.49787591
6075012203,san_francisco,10421,52.87,82.94500135,-30.07500135
6075012204,san_francisco,10266,52.48,76.26659442,-23.78659442
6075012301,san_francisco,7380,44.49,98.68599296,-54.19599296
6075012302,san_francisco,12535,57.99,97.69710106,-39.70710106
6075012403,san_francisco,5769,39.34,82.11866703,-42.77866703
6075012404,san_francisco,6114,40.5,83.31075589,-42.81075589
6075012405,san_francisco,17365,68.25,94.12083446,-25.87083446
6075012406,san_francisco,7292,44.23,82.52506096,-38.29506096
6075012502,san_francisco,7755,45.61,88.76998103,-43.15998103
6075012503,san_francisco,9862,51.43,97.95448388,-46.52448388
6075012504,san_francisco,2047,23.43,64.44053102,-41.01053102
6075012601,san_francisco,1774,21.81,77.51286914,-55.70286914
6075012602,san_francisco,3226,29.42,43.64670821,-14.22670821
6075012700,san_francisco,2762,27.22,43.26740721,-16.04740721
6075012801,san_francisco,2699,26.91,83.56813872,-56.65813872
6075012802,san_francisco,4025,32.86,92.45461934,-59.59461934
6075012901,san_francisco,3764,31.78,82.26767814,-50.48767814
6075012902,san_francisco,6905,43.04,90.1517204,-47.1117204
6075013001,san_francisco,5854,39.63,93.33513953,-53.70513953
6075013002,san_francisco,7346,44.39,89.56922243,-45.17922243
6075013101,san_francisco,3439,30.37,74.38363587,-44.01363587
6075013102,san_francisco,3362,30.03,67.31238147,-37.28238147
6075013200,san_francisco,3634,31.22,45.69222433,-14.47222433
6075013300,san_francisco,3388,30.15,80.37117312,-50.22117312
6075013401,san_francisco,1712,21.43,28.69141154,-7.261411542
6075013402,san_francisco,1704,21.38,53.7659171,-32.3859171
6075013500,san_francisco,6450,41.6,87.65917096,-46.05917096
6075015100,san_francisco,8972,49.06,82.32186399,-33.26186399
6075015201,san_francisco,2117,23.83,21.83690057,1.993099431
6075015202,san_francisco,6406,41.45,84.17772961,-42.72772961
6075015300,san_francisco,5421,38.13,87.55079924,-49.42079924
6075015401,san_francisco,7075,43.56,77.17420753,-33.61420753
6075015402,san_francisco,6150,40.62,63.0046058,-22.3846058
6075015500,san_francisco,11684,55.98,81.64454077,-25.66454077
6075015600,san_francisco,4966,36.5,59.79409374,-23.29409374
6075015701,san_francisco,7379,44.49,74.27526416,-29.78526416
6075015702,san_francisco,9942,51.64,78.23083175,-26.59083175
6075015801,san_francisco,8096,46.6,31.00785695,15.59214305
6075015802,san_francisco,8567,47.94,69.11406123,-21.17406123
6075015900,san_francisco,13280,59.68,71.4440531,-11.7640531
6075016000,san_francisco,9095,49.39,65.95773503,-16.56773503
6075016101,san_francisco,6572,41.99,42.83392035,-0.843920347
6075016102,san_francisco,9610,50.77,7.166079653,43.60392035
6075016200,san_francisco,27390,85.72,87.49661338,-1.776613384
6075016300,san_francisco,13776,60.79,59.92955839,0.860441615
6075016400,san_francisco,18939,71.28,80.98076402,-9.700764021
6075016500,san_francisco,15103,63.65,84.51639122,-20.86639122
6075016601,san_francisco,23323,79.1,78.62367922,0.47632078
6075016602,san_francisco,19397,72.13,82.24058521,-10.11058521
6075016700,san_francisco,21434,75.83,86.6160932,-10.7860932
6075016801,san_francisco,15990,65.49,97.49390409,-32.00390409
6075016802,san_francisco,16602,66.73,94.37821729,-27.64821729
6075016900,san_francisco,14610,62.6,94.89298293,-32.29298293
6075017000,san_francisco,5831,39.55,44.09374153,-4.543741533
6075017101,san_francisco,6470,41.66,42.98293145,-1.322931455
6075017102,san_francisco,13649,60.51,88.11975075,-27.60975075
6075017602,san_francisco,20501,74.16,98.36087781,-24.20087781
6075017603,san_francisco,20305,73.8,94.97426172,-21.17426172
6075017604,san_francisco,7652,45.31,92.19723652,-46.88723652
6075017700,san_francisco,36684,99.2,99.32267678,-0.122676781
6075017801,san_francisco,3694,31.48,91.50636684,-60.02636684
6075017803,san_francisco,6580,42.01,78.65077215,-36.64077215
6075017804,san_francisco,17890,69.27,79.05716608,-9.78716608
6075017903,san_francisco,436,10.81,62.25955026,-51.44955026
6075018000,san_francisco,15731,64.96,98.59116771,-33.63116771
6075020101,san_francisco,22188,77.15,97.0333243,-19.8833243
6075020102,san_francisco,27584,86.02,88.86480629,-2.844806286
6075020201,san_francisco,10753,53.71,85.27499323,-31.56499323
6075020202,san_francisco,9289,49.92,95.96315362,-46.04315362
6075020300,san_francisco,16866,67.26,97.15524248,-29.89524248
6075020401,san_francisco,4306,33.99,29.7344893,4.255510702
6075020402,san_francisco,4491,34.71,7.396369548,27.31363045
6075020500,san_francisco,10732,53.65,90.30073151,-36.65073151
6075020601,san_francisco,11702,56.03,85.36981848,-29.33981848
6075020602,san_francisco,2264,24.64,38.58033053,-13.94033053
6075020701,san_francisco,8083,46.56,69.68301273,-23.12301273
6075020702,san_francisco,8077,46.55,81.31942563,-34.76942563
6075020801,san_francisco,37280,100,97.12814955,2.871850447
6075020802,san_francisco,29860,89.5,89.79951233,-0.299512327
6075020900,san_francisco,28906,88.06,97.31780005,-9.257800054
6075021000,san_francisco,8664,48.21,77.52641561,-29.31641561
6075021100,san_francisco,5317,37.77,85.47819019,-47.70819019
6075021200,san_francisco,2004,23.19,52.99376863,-29.80376863
6075021300,san_francisco,2297,24.82,39.1628285,-14.3428285
6075021400,san_francisco,5660,38.96,88.64806286,-49.68806286
6075021500,san_francisco,4126,33.27,85.91167705,-52.64167705
6075021600,san_francisco,1739,21.6,3.982660526,17.61733947
6075021700,san_francisco,3738,31.67,17.16337036,14.50662964
6075021800,san_francisco,5270,37.6,71.33568139,-33.73568139
6075022600,san_francisco,7380,44.49,93.42996478,-48.93996478
6075022702,san_francisco,2495,25.87,94.64914657,-68.77914657
6075022704,san_francisco,3910,32.39,69.47981577,-37.08981577
6075022801,san_francisco,26502,84.31,92.84746681,-8.537466811
6075022802,san_francisco,6183,40.73,71.26794907,-30.53794907
6075022803,san_francisco,8813,48.62,68.96505012,-20.34505012
6075022901,san_francisco,12044,56.84,78.44757518,-21.60757518
6075022902,san_francisco,6421,41.5,66.44540775,-24.94540775
6075022903,san_francisco,24701,81.4,82.97209428,-1.572094283
6075023001,san_francisco,7536,44.96,89.40666486,-44.44666486
6075023003,san_francisco,3558,30.89,45.24519101,-14.35519101
6075023102,san_francisco,4409,34.39,13.69547548,20.69452452
6075023103,san_francisco,2807,27.44,24.49200759,2.947992414
6075023200,san_francisco,20506,74.17,93.57897589,-19.40897589
6075023300,san_francisco,4359,34.19,89.05445679,-54.86445679
6075023400,san_francisco,9117,49.45,86.29097805,-36.84097805
6075025100,san_francisco,5201,37.35,71.75562178,-34.40562178
6075025200,san_francisco,6463,41.64,75.35898131,-33.71898131
6075025300,san_francisco,11332,55.13,95.54321322,-40.41321322
6075025401,san_francisco,6910,43.05,65.51070171,-22.46070171
6075025402,san_francisco,3222,29.4,51.62557572,-22.22557572
6075025403,san_francisco,4736,35.64,54.44324031,-18.80324031
6075025501,san_francisco,2812,27.46,76.40205906,-48.94205906
6075025502,san_francisco,9091,49.38,88.33649418,-38.95649418
6075025600,san_francisco,6181,40.72,39.18992143,1.530078569
6075025701,san_francisco,8473,47.67,58.52072609,-10.85072609
6075025702,san_francisco,15440,64.36,92.44107288,-28.08107288
6075025800,san_francisco,5328,37.8,33.839068,3.960931997
6075025900,san_francisco,5055,36.82,12.24600379,24.57399621
6075026001,san_francisco,11055,54.46,65.06366838,-10.60366838
6075026002,san_francisco,3113,28.9,24.07206719,4.82793281
6075026003,san_francisco,3985,32.69,13.41099973,19.27900027
6075026004,san_francisco,3639,31.24,48.74017881,-17.50017881
6075026100,san_francisco,13473,60.12,97.99512327,-37.87512327
6075026201,san_francisco,3599,31.07,65.52424817,-34.45424817
6075026202,san_francisco,3201,29.3,81.21105391,-51.91105391
6075026301,san_francisco,6055,40.3,68.73476023,-28.43476023
6075026302,san_francisco,2069,23.56,7.870495801,15.6895042
6075026303,san_francisco,2625,26.54,22.432945,4.107054999
6075026401,san_francisco,3054,28.62,14.7520997,13.8679003
6075026402,san_francisco,3490,30.6,32.90436196,-2.304361962
6075026403,san_francisco,6548,41.91,54.21295042,-12.30295042
6075026404,san_francisco,1588,20.64,6.393931184,14.24606882
6075030101,san_francisco,8455,47.62,97.2636142,-49.6436142
6075030102,san_francisco,2881,27.8,8.263343267,19.53665673
6075030201,san_francisco,7125,43.72,91.92630723,-48.20630723
6075030202,san_francisco,11919,56.54,94.20211325,-37.66211325
6075030301,san_francisco,3267,29.6,38.75643457,-9.156434571
6075030302,san_francisco,1904,22.6,29.11135194,-6.511351937
6075030400,san_francisco,3743,31.69,77.39095096,-45.70095096
6075030500,san_francisco,1447,19.7,19.3172582,0.382741804
6075030600,san_francisco,2240,24.51,58.14142509,-33.63142509
6075030700,san_francisco,1623,20.87,7.504741263,13.36525874
6075030800,san_francisco,10168,52.23,97.39907884,-45.16907884
6075030900,san_francisco,4816,35.94,93.95827689,-58.01827689
6075031000,san_francisco,2276,24.71,63.28908155,-38.57908155
6075031100,san_francisco,6460,41.63,85.69493362,-44.06493362
6075031201,san_francisco,8814,48.62,81.59035492,-32.97035492
6075031202,san_francisco,2288,24.77,63.15361691,-38.38361691
6075031301,san_francisco,1477,19.9,31.65808724,-11.75808724
6075031302,san_francisco,8215,46.94,80.66919534,-33.72919534
6075031401,san_francisco,2875,27.77,44.64914657,-16.87914657
6075031402,san_francisco,2430,25.53,22.41939854,3.110601463
6075032601,san_francisco,15995,65.5,97.46681116,-31.96681116
6075032602,san_francisco,3252,29.54,67.51557843,-37.97557843
6075032700,san_francisco,5950,39.95,61.23001897,-21.28001897
6075032801,san_francisco,4557,34.96,87.04958006,-52.08958006
6075032802,san_francisco,4321,34.05,74.37008941,-40.32008941
6075032901,san_francisco,3421,30.29,52.15388784,-21.86388784
6075032902,san_francisco,7259,44.13,51.93714441,-7.807144405
6075033001,san_francisco,3125,28.95,49.16011921,-20.21011921
6075033002,san_francisco,4152,33.37,70.44161474,-37.07161474
6075033100,san_francisco,1638,20.96,66.98726632,-46.02726632
6075033201,san_francisco,1208,18,84.67894879,-66.67894879
6075033203,san_francisco,429,10.73,38.79707396,-28.06707396
6075033204,san_francisco,309,9.1,19.73719859,-10.63719859
6075035101,san_francisco,3142,29.03,58.96775941,-29.93775941
6075035102,san_francisco,2668,26.75,32.24058521,-5.490585207
6075035201,san_francisco,4898,36.25,25.76537524,10.48462476
6075035202,san_francisco,6832,42.81,76.46979138,-33.65979138
6075035300,san_francisco,5777,39.37,70.11649959,-30.74649959
6075035400,san_francisco,5200,37.35,47.96803034,-10.61803034
6075040100,san_francisco,8177,46.83,84.47575183,-37.64575183
6075040200,san_francisco,12992,59.03,89.59631536,-30.56631536
6075042601,san_francisco,8410,47.5,81.46843674,-33.96843674
6075042602,san_francisco,5908,39.81,83.6900569,-43.8800569
6075042700,san_francisco,7060,43.52,78.59658629,-35.07658629
6075042800,san_francisco,1090,17.1,11.39257654,5.707423462
6075045100,san_francisco,7324,44.32,74.31590355,-29.99590355
6075045201,san_francisco,4887,36.21,62.9639664,-26.7539664
6075045202,san_francisco,6831,42.81,60.20048767,-17.39048767
6075047600,san_francisco,8609,48.05,84.24546193,-36.19546193
6075047701,san_francisco,6295,41.09,77.20130046,-36.11130046
6075047702,san_francisco,4782,35.82,43.93118396,-8.111183961
6075047801,san_francisco,7225,44.02,69.15470062,-25.13470062
6075047802,san_francisco,4808,35.91,63.43809266,-27.52809266
6075047902,san_francisco,3312,29.81,41.41154159,-11.60154159
6075047903,san_francisco,3199,29.29,50.97534543,-21.68534543
6075047904,san_francisco,5582,38.7,9.970197778,28.72980222
6075060100,san_francisco,1097,17.15,62.95041994,-45.80041994
6075060400,san_francisco,2206,24.33,23.09672176,1.233278244
6075060502,san_francisco,990,16.3,8.683283663,7.616716337
6075060701,san_francisco,6489,41.72,90.58520726,-48.86520726
6075060702,san_francisco,4892,36.22,96.88431319,-60.66431319
6075060703,san_francisco,4211,33.61,96.41018694,-62.80018694
6075061000,san_francisco,6021,40.19,60.18694121,-19.99694121
6075061101,san_francisco,9006,49.15,97.0739637,-47.9239637
6075061102,san_francisco,5694,39.08,89.71823354,-50.63823354
6075061200,san_francisco,18030,69.54,95.10972636,-25.56972636
6075061401,san_francisco,3147,29.05,28.14955297,0.900447033
6075061402,san_francisco,1610,20.78,68.5180168,-47.7380168
6075061501,san_francisco,9170,49.6,96.58629098,-46.98629098
6075061502,san_francisco,5325,37.79,86.79219724,-49.00219724
6075061503,san_francisco,4550,34.94,87.93010024,-52.99010024
6075061504,san_francisco,1078,17,45.8954213,-28.8954213
6075061505,san_francisco,281,8.68,18.88377134,-10.20377134
6075061506,san_francisco,2252,24.58,60.87781089,-36.29781089
6075061507,san_francisco,5498,38.4,86.54836088,-48.14836088
6075061508,san_francisco,2208,24.34,58.90002709,-34.56002709
6075980200,san_francisco,334,9.47,6.326198862,3.143801138
6075980300,san_francisco,15194,63.84,60.66106746,3.178932539
6075980401,san_francisco,0,0,0.013546464,-0.013546464
6075980501,san_francisco,1070,16.94,0.501219182,16.43878082
6075980600,san_francisco,1299,18.67,4.781901924,13.88809808
6075980900,san_francisco,24524,81.11,98.8214576,-17.7114576
6075990100,san_francisco,0,0,0.128691412,-0.128691412
6075990200,san_francisco,1,0.52,17.31238147,-16.79238147
53033000101,seattle,744,14.7,42.67136277,-27.97136277
53033000102,seattle,964,19.06,44.13438093,-25.07438093
53033000201,seattle,1191,23.07,18.61284205,4.457157952
53033000202,seattle,1138,22.17,17.08209157,5.087908426
53033000300,seattle,754,14.91,72.16201571,-57.25201571
53033000402,seattle,2233,37.8,61.8260634,-24.0260634
53033000403,seattle,586,11.15,8.751015985,2.398984015
53033000404,seattle,652,12.69,60.43077757,-47.74077757
53033000500,seattle,402,6.35,14.11541588,-7.765415876
53033000601,seattle,986,19.47,53.75237063,-34.28237063
53033000602,seattle,1850,32.9,79.97832566,-47.07832566
53033000700,seattle,1938,34.06,64.90111081,-30.84111081
53033000800,seattle,632,12.23,3.400162558,8.829837442
53033000900,seattle,246,1.3,2.871850447,-1.571850447
53033001000,seattle,603,11.56,29.38228122,-17.82228122
53033001100,seattle,338,4.42,21.79626118,-17.37626118
53033001201,seattle,1592,29.3,97.77837984,-68.47837984
53033001202,seattle,847,16.81,33.06691953,-16.25691953
53033001300,seattle,2031,35.27,70.15713899,-34.88713899
53033001400,seattle,1248,24.01,50.67732322,-26.66732322
53033001500,seattle,329,4.14,13.04524519,-8.905245191
53033001600,seattle,1045,20.54,50.5689515,-30.0289515
53033001701,seattle,1705,30.91,61.28420482,-30.37420482
53033001702,seattle,1033,20.33,32.99918721,-12.66918721
53033001800,seattle,1722,31.14,39.14928204,-8.009282037
53033001900,seattle,1127,21.98,88.74288811,-66.76288811
53033002000,seattle,393,6.09,28.73205093,-22.64205093
53033002100,seattle,924,18.31,31.94256299,-13.63256299
53033002200,seattle,572,10.82,8.791655378,2.028344622
53033002400,seattle,336,4.36,15.98482796,-11.62482796
53033002500,seattle,457,7.88,40.78840423,-32.90840423
53033002600,seattle,1594,29.33,94.13438093,-64.80438093
53033002700,seattle,1165,22.63,95.70577079,-73.07577079
53033002800,seattle,872,17.31,90.63939312,-73.32939312
53033002900,seattle,794,15.75,73.15090761,-57.40090761
53033003000,seattle,1241,23.9,63.68192902,-39.78192902
53033003100,seattle,1032,20.31,58.88648063,-38.57648063
53033003201,seattle,1317,25.12,72.35166622,-47.23166622
53033003202,seattle,542,10.08,31.2923327,-21.2123327
53033003301,seattle,745,14.72,25.71118938,-10.99118938
53033003302,seattle,824,16.35,19.8862097,-3.536209699
53033003400,seattle,858,17.03,53.03440802,-36.00440802
53033003500,seattle,1433,26.93,81.83419128,-54.90419128
53033003601,seattle,1975,34.55,69.53400163,-34.98400163
53033003602,seattle,2008,34.98,90.40910322,-55.42910322
53033003800,seattle,212,0,25.83310756,-25.83310756
53033003900,seattle,258,1.74,18.12516933,-16.38516933
53033004000,seattle,1151,22.39,8.466540233,13.92345977
53033004101,seattle,216,0.16,42.27851531,-42.11851531
53033004102,seattle,235,0.89,48.19832024,-47.30832024
53033004201,seattle,565,10.65,35.68138716,-25.03138716
53033004202,seattle,620,11.95,61.89379572,-49.94379572
53033004301,seattle,1131,22.05,86.57545381,-64.52545381
53033004302,seattle,726,14.32,34.65185587,-20.33185587
53033004401,seattle,2930,45.75,79.51774587,-33.76774587
53033004402,seattle,1351,25.66,74.93904091,-49.27904091
53033004500,seattle,937,18.56,60.97263614,-42.41263614
53033004600,seattle,2158,36.88,49.41750203,-12.53750203
53033004701,seattle,2320,38.86,91.5605527,-52.7005527
53033004702,seattle,647,12.57,76.5781631,-64.0081631
53033004703,seattle,4819,63.43,93.60606882,-30.17606882
53033004800,seattle,2078,35.87,90.96450826,-55.09450826
53033004901,seattle,1032,20.31,62.97751287,-42.66751287
53033004902,seattle,1868,33.14,88.32294771,-55.18294771
53033005000,seattle,1757,31.63,77.44513682,-45.81513682
53033005100,seattle,1012,19.95,74.73584394,-54.78584394
53033005201,seattle,1803,32.26,77.3774045,-45.1174045
53033005202,seattle,1508,28.06,43.76862639,-15.70862639
53033005303,seattle,1157,22.49,75.65700352,-53.16700352
53033005304,seattle,232,0.78,30.22216202,-29.44216202
53033005305,seattle,1072,21.02,92.02113248,-71.00113248
53033005306,seattle,820,16.27,89.33893254,-73.06893254
53033005307,seattle,486,8.65,1.354646437,7.295353563
53033005401,seattle,2288,38.47,67.35302086,-28.88302086
53033005402,seattle,494,8.86,56.63776754,-47.77776754
53033005600,seattle,886,17.58,44.73042536,-27.15042536
53033005700,seattle,1347,25.6,59.45543213,-33.85543213
53033005801,seattle,1721,31.13,93.76862639,-62.63862639
53033005803,seattle,473,8.31,9.482525061,-1.172525061
53033005804,seattle,2019,35.12,84.4486589,-49.3286589
53033005901,seattle,712,14.02,77.67542671,-63.65542671
53033005902,seattle,530,9.78,19.29016527,-9.510165267
53033006000,seattle,1996,34.82,74.01788133,-39.19788133
53033006100,seattle,2369,39.44,70.6448117,-31.2048117
53033006200,seattle,2079,35.88,75.06095909,-39.18095909
53033006300,seattle,749,14.81,63.18070983,-48.37070983
53033006400,seattle,1119,21.84,42.04822541,-20.20822541
53033006500,seattle,2234,37.81,47.72419399,-9.914193985
53033006600,seattle,3063,47.16,92.10241127,-44.94241127
53033006701,seattle,879,17.44,88.25521539,-70.81521539
53033006702,seattle,1006,19.84,90.5310214,-70.6910214
53033006703,seattle,698,13.71,22.37875914,-8.668759144
53033006800,seattle,1537,28.49,82.51151449,-54.02151449
53033006900,seattle,1041,20.47,45.42129504,-24.95129504
53033007001,seattle,1148,22.34,63.9934977,-41.6534977
53033007002,seattle,1309,25,64.61663506,-39.61663506
53033007101,seattle,2223,37.68,91.39799512,-53.71799512
53033007102,seattle,840,16.68,93.14548903,-76.46548903
53033007201,seattle,1089,21.32,89.28474668,-67.96474668
53033007202,seattle,2335,39.04,93.93118396,-54.89118396
53033007203,seattle,2789,44.23,96.81658087,-52.58658087
53033007301,seattle,1282,24.56,84.05581143,-59.49581143
53033007302,seattle,1868,33.14,96.39664048,-63.25664048
53033007303,seattle,1009,19.89,93.83635871,-73.94635871
53033007403,seattle,1603,29.46,60.79653211,-31.33653211
53033007404,seattle,1358,25.77,40.84259008,-15.07259008
53033007405,seattle,1908,33.67,75.26415606,-41.59415606
53033007406,seattle,2247,37.97,76.17176917,-38.20176917
53033007501,seattle,2638,42.55,79.11135194,-36.56135194
53033007502,seattle,3742,53.89,79.36873476,-25.47873476
53033007503,seattle,1721,31.13,90.21945272,-59.08945272
53033007600,seattle,1358,25.77,67.59685722,-41.82685722
53033007700,seattle,1390,26.27,37.80818206,-11.53818206
53033007800,seattle,1778,31.92,60.51205635,-28.59205635
53033007901,seattle,1159,22.53,43.41641831,-20.88641831
53033007902,seattle,1081,21.18,47.06041723,-25.88041723
53033008002,seattle,2027,35.22,93.15903549,-57.93903549
53033008003,seattle,1948,34.2,83.37848821,-49.17848821
53033008004,seattle,744,14.7,65.37523706,-50.67523706
53033008101,seattle,1982,34.64,83.09401246,-48.45401246
53033008102,seattle,4608,61.65,96.6540233,-35.0040233
53033008200,seattle,2727,43.54,98.07640206,-54.53640206
53033008300,seattle,1288,24.66,96.47791926,-71.81791926
53033008401,seattle,2267,38.22,92.21078299,-53.99078299
53033008402,seattle,1527,28.35,93.02357085,-64.67357085
53033008500,seattle,1943,34.13,93.71444053,-59.58444053
53033008600,seattle,2090,36.02,84.00162558,-47.98162558
53033008700,seattle,2022,35.16,31.40070442,3.759295584
53033008800,seattle,1493,27.84,62.66594419,-34.82594419
53033008900,seattle,1871,33.18,28.5559469,4.624053102
53033009000,seattle,2899,45.42,84.77377404,-39.35377404
53033009100,seattle,4171,57.84,96.72175562,-38.88175562
53033009200,seattle,3068,47.21,92.7390951,-45.5290951
53033009300,seattle,10211,100,99.36331617,0.636683826
53033009400,seattle,5451,68.53,92.95583853,-24.42583853
53033009500,seattle,3904,55.41,88.75643457,-33.34643457
53033009600,seattle,2228,37.74,42.08886481,-4.348864806
53033009701,seattle,2210,37.52,34.20482254,3.315177459
53033009702,seattle,929,18.41,10.39013817,8.019861826
53033009801,seattle,2043,35.43,65.48360878,-30.05360878
53033009802,seattle,1143,22.25,68.12516933,-45.87516933
53033009900,seattle,4780,63.1,82.06448117,-18.96448117
53033010001,seattle,3144,48,57.39636955,-9.396369548
53033010002,seattle,1511,28.11,88.41777296,-60.30777296
53033010101,seattle,1487,27.75,36.62963966,-8.879639664
53033010102,seattle,1374,26.02,24.54619344,1.473806556
53033010200,seattle,904,17.93,17.63749661,0.292503387
53033010301,seattle,964,19.06,59.08967759,-40.02967759
53033010302,seattle,1464,27.4,58.83229477,-31.43229477
53033010401,seattle,2634,42.51,38.16039014,4.349609862
53033010402,seattle,1131,22.05,72.50067732,-50.45067732
53033010501,seattle,1320,25.17,65.1314007,-39.9614007
53033010502,seattle,1611,29.57,80.14088323,-50.57088323
53033010601,seattle,811,16.09,39.12218911,-23.03218911
53033010602,seattle,789,15.64,21.57951775,-5.939517746
53033010701,seattle,1607,29.51,23.66567326,5.844326741
53033010702,seattle,669,13.07,5.770793823,7.299206177
53033010800,seattle,2142,36.68,69.29016527,-32.61016527
53033010900,seattle,3416,50.74,99.93226768,-49.19226768
53033011001,seattle,2022,35.16,60.37659171,-25.21659171
53033011002,seattle,1802,32.25,76.25304795,-44.00304795
53033011101,seattle,1813,32.4,27.66188025,4.738119751
53033011102,seattle,739,14.6,25.03386616,-10.43386616
53033011200,seattle,2272,38.28,94.01246275,-55.73246275
53033011300,seattle,2147,36.74,55.87916554,-19.13916554
53033011401,seattle,1316,25.11,2.126794907,22.98320509
53033011402,seattle,2542,41.46,66.25575725,-24.79575725
53033011500,seattle,947,18.75,47.11460309,-28.36460309
53033011601,seattle,766,15.17,16.81116229,-1.641162287
53033011602,seattle,1038,20.42,9.794093742,10.62590626
53033011700,seattle,3215,48.72,76.55107017,-27.83107017
53033011801,seattle,1789,32.07,14.58954213,17.48045787
53033011802,seattle,1257,24.16,34.29964779,-10.13964779
53033011901,seattle,794,15.75,8.114332159,7.635667841
53033011902,seattle,485,8.63,5.07992414,3.55007586
53033012000,seattle,442,7.47,11.31129775,-3.841297751
53033012100,seattle,397,6.2,1.1785424,5.0214576